{"1": {
 "calculator": "vasp",
 "calculator_parameters": {"amix": 0.05, "amix_mag": 0.05, "bmix": 0.0001, "bmix_mag": 0.0001, "encut": 500, "sigma": 0.05, "ediff": 1e-06, "ediffg": -0.02, "algo": "normal", "gga": "PE", "prec": "Normal", "ibrion": -1, "idipol": 3, "isif": 2, "ismear": 0, "ispin": 2, "istart": 1, "isym": -1, "kpar": 15, "ldauprint": 2, "ldautype": 2, "lmaxmix": 6, "lorbit": 11, "nbands": 116, "nelm": 299, "npar": 6, "nsw": 0, "inimix": 0, "laechg": true, "lasph": true, "ldau": true, "ldipol": true, "lvtot": false, "dipol": [0.5, 0.5, 0.5], "lreal": "Auto", "ldau_luj": {"Ti": {"L": 2, "U": 3.0, "J": 0.0}, "V": {"L": 2, "U": 3.25, "J": 0.0}, "Cr": {"L": 2, "U": 3.5, "J": 0.0}, "Mn": {"L": 2, "U": 3.75, "J": 0.0}, "Fe": {"L": 2, "U": 4.3, "J": 0.0}, "Co": {"L": 2, "U": 3.32, "J": 0.0}, "Ni": {"L": 2, "U": 6.45, "J": 0.0}, "Cu": {"L": 2, "U": 3.0, "J": 0.0}, "W": {"L": 2, "U": 3.0, "J": 0.0}, "Ce": {"L": 3, "U": 4.5, "J": 0.0}, "O": {"L": -1, "U": 0.0, "J": 0.0}, "C": {"L": -1, "U": 0.0, "J": 0.0}, "Au": {"L": -1, "U": 0.0, "J": 0.0}, "Ir": {"L": -1, "U": 0.0, "J": 0.0}, "H": {"L": -1, "U": 0.0, "J": 0.0}}, "xc": "PBE", "pp": "PBE", "setups": {"base": "minimal"}, "txt": "-", "kpts": [12, 6, 1], "gamma": true, "reciprocal": false, "ignore_constraints": false, "custom": {}},
 "cell": {"array": {"__ndarray__": [[3, 3], "float64", [2.0466430283295556, 2.0466430283295556, 0.0, -4.600441989173625, 4.600441989173626, 0.0, 0.0, 0.0, 28.001128263]]}, "__ase_objtype__": "cell"},
 "constraints": [{"name": "FixAtoms", "kwargs": {"indices": [0, 1, 2, 3, 4, 5, 6, 7, 17, 18, 19, 20]}}],
 "ctime": 21.66411216195239,
 "dipole": {"__ndarray__": [[3], "float64", [0.0, 0.0, 0.104048]]},
 "energy": -184.10290097,
 "forces": {"__ndarray__": [[25, 3], "float64", [0.013436, -0.020173, 2.542311, -0.628183, 0.65463, -0.824366, 0.605446, -0.617688, -0.798019, -0.000652, -0.005437, 0.153523, 0.009091, -0.036584, 0.751815, 0.192229, -0.169416, 0.096138, -0.155839, 0.225612, 0.114956, 0.001315, -0.054796, 0.168654, -0.006335, -0.012929, -0.221828, 0.110357, -0.120869, 0.138243, -0.150971, 0.121717, 0.157849, -0.008515, -0.014224, 0.024059, -0.004689, -0.021134, 0.565324, -0.432072, 0.439744, -0.009055, 0.429193, -0.455735, 0.015454, 0.005187, -0.014872, -0.186617, -0.007004, -0.001803, 0.046896, -0.000484, 0.014168, -2.996605, 0.001818, 0.01071, 1.708241, 0.001947, 0.012549, -0.585174, 0.006851, 0.011051, 0.131205, 0.00641, 0.010938, -0.053317, 0.004339, 0.01392, -0.771177, 0.003913, 0.013179, -0.093108, 0.003213, 0.017443, -0.0754]]},
 "initial_charges": {"__ndarray__": [[25], "float64", [-0.81, -0.99, -0.99, -0.92, -0.97, -0.96, -0.95, -0.96, -0.91, -0.96, -0.96, -0.85, -0.93, -0.92, -0.92, -0.75, -0.47, 1.96, 1.79, 1.93, 1.85, 2.01, 1.87, 1.9, 1.92]]},
 "initial_magmoms": {"__ndarray__": [[25], "float64", [-0.279, -0.12, -0.12, -0.094, -0.1, -0.085, -0.085, -0.074, -0.086, -0.068, -0.068, -0.111, -0.099, -0.021, -0.021, -0.15, -0.011, 1.01, 1.631, 1.24, 1.132, 0.724, 1.192, 0.038, 0.727]]},
 "magmom": 5.7322417,
 "magmoms": {"__ndarray__": [[25], "float64", [-0.279, -0.115, -0.115, -0.097, -0.098, -0.074, -0.074, -0.072, -0.101, -0.067, -0.067, -0.133, -0.035, -0.018, -0.018, -0.016, -0.023, 1.017, 1.637, 1.204, 1.169, 0.801, 1.168, 0.121, 0.1]]},
 "mtime": 21.66411216195239,
 "numbers": {"__ndarray__": [[25], "int64", [8, 8, 8, 8, 8, 8, 8, 8, 8, 8, 8, 8, 8, 8, 8, 8, 8, 23, 23, 23, 23, 23, 23, 23, 23]]},
 "pbc": {"__ndarray__": [[3], "bool", [true, true, true]]},
 "positions": {"__ndarray__": [[25, 3], "float64", [-1.1525840533340723, 3.2908749596421925, 7.500000000000057, -3.5476610191611084, 3.6393157362764565, 8.817340000000017, -0.8041450769936721, 0.89579979410902, 8.817340000000017, -1.1525840533340723, 3.2908749596421925, 10.134679999999976, -3.4528024125339005, 5.591093318842021, 10.750279999999957, -3.1043616358996378, 3.196016353014986, 12.067619999999916, -1.2474444602551429, 1.3390991773704908, 12.067619999999916, -3.4528024125339005, 5.591093318842021, 13.384960000000078, -1.1525840533340723, 3.2908749596421925, 14.033488589163532, -3.5609488763481965, 3.6526035934635446, 15.327462297260347, -0.7908572198065845, 0.8825119369219323, 15.327462297260347, -1.1525840533340723, 3.2908749596421925, 16.508236465655237, -3.4528024125339005, 5.591093318842021, 17.29435875821866, -3.0578368851877027, 3.149491602303051, 18.65262746792411, -1.2939692109670782, 1.385623928082426, 18.65262746792411, -3.4528024125339005, 5.591093318842021, 19.757042648030748, -1.1525840533340723, 3.2908749596421925, 20.597708586407375, -2.1759021479304583, 2.2675568650458064, 8.817340000000017, -3.4528024125339005, 5.591093318842021, 8.817340000000017, -4.476120507130287, 4.567775224245635, 12.067619999999916, -1.1525840533340723, 3.2908749596421925, 12.067619999999916, -2.1759021479304583, 2.2675568650458064, 15.363846523013692, -3.4528024125339005, 5.591093318842021, 15.321799537612183, -1.1525840533340723, 3.2908749596421925, 19.00165392149, -4.476120507130287, 4.567775224245635, 18.651244572108922]]},
 "stress": {"__ndarray__": [[6], "float64", [0.00020774238974589836, 0.0001837687531933808, 0.009370202888433012, 0.00016219809765432824, 4.032014895320584e-06, -0.005259607393217555]]},
 "unique_id": "3c8e0c01e8b6dd76db8e4c20d0d90d56",
 "user": "bcomer3"},
"ids": [1],
"nextid": 2}
