{"1": {
 "calculator": "vasp",
 "calculator_parameters": {"amix": 0.01, "amix_mag": 0.01, "bmix": 0.0001, "bmix_mag": 0.0001, "encut": 500, "sigma": 0.05, "ediff": 1e-06, "ediffg": -0.02, "algo": "normal", "gga": "PE", "prec": "Normal", "ibrion": -1, "icharg": 11, "idipol": 3, "isif": 2, "ismear": 0, "ispin": 2, "istart": 1, "isym": -1, "kpar": 15, "ldauprint": 2, "ldautype": 2, "lmaxmix": 6, "lorbit": 11, "nbands": 88, "nelm": 299, "npar": 6, "nsw": 0, "inimix": 0, "laechg": true, "lasph": true, "ldau": true, "ldipol": true, "lvtot": false, "dipol": [0.5, 0.5, 0.5], "lreal": "Auto", "ldau_luj": {"Ti": {"L": 2, "U": 3.0, "J": 0.0}, "V": {"L": 2, "U": 3.25, "J": 0.0}, "Cr": {"L": 2, "U": 3.5, "J": 0.0}, "Mn": {"L": 2, "U": 3.75, "J": 0.0}, "Fe": {"L": 2, "U": 4.3, "J": 0.0}, "Co": {"L": 2, "U": 3.32, "J": 0.0}, "Ni": {"L": 2, "U": 6.45, "J": 0.0}, "Cu": {"L": 2, "U": 3.0, "J": 0.0}, "W": {"L": 2, "U": 3.0, "J": 0.0}, "Ce": {"L": 3, "U": 4.5, "J": 0.0}, "O": {"L": -1, "U": 0.0, "J": 0.0}, "C": {"L": -1, "U": 0.0, "J": 0.0}, "Au": {"L": -1, "U": 0.0, "J": 0.0}, "Ir": {"L": -1, "U": 0.0, "J": 0.0}, "H": {"L": -1, "U": 0.0, "J": 0.0}}, "xc": "PBE", "pp": "PBE", "setups": {"base": "minimal"}, "txt": "-", "kpts": [12, 6, 1], "gamma": true, "reciprocal": false, "ignore_constraints": false, "custom": {}},
 "cell": {"array": {"__ndarray__": [[3, 3], "float64", [2.138093153997266, 2.1380931539972656, 0.0, -2.3415312335, 2.3415312335000005, -3.3114252271359024, -14.524593700999997, 14.524593701, 20.54087739991303]]}, "__ase_objtype__": "cell"},
 "constraints": [{"name": "FixAtoms", "kwargs": {"indices": [0, 13, 1, 2, 14, 3, 4, 15, 5]}}],
 "ctime": 21.878410172896267,
 "dipole": {"__ndarray__": [[3], "float64", [-0.046184, 0.046184, 0.065314]]},
 "energy": -178.89658208,
 "forces": {"__ndarray__": [[19, 3], "float64", [1.074921, 0.823148, 1.690094, 0.433126, -0.981508, -1.26336, -1.482141, 0.691325, 0.87623, 1.568997, -1.931381, -0.695408, -0.932439, 0.218093, 3.095507, 0.048897, -0.612041, -1.223514, -1.580303, 0.734489, 1.288634, 1.754256, -2.270703, -0.324919, -0.789402, 0.325643, 3.515029, 0.525902, -0.977503, -1.258845, -1.921372, 1.20558, 2.364603, 2.135194, -3.431973, -7.451623, -2.311607, 2.186608, 1.759715, -0.2812, 1.709194, -0.272641, 0.361467, 0.285376, -0.385948, -0.363049, 1.027061, 0.771649, 0.52341, 0.221653, -0.652191, -0.073533, 0.883963, 0.149538, 1.308875, -0.107027, -1.98255]]},
 "initial_charges": {"__ndarray__": [[19], "float64", [-0.96, -1.05, -1.0, -1.02, -1.03, -1.02, -1.03, -1.02, -1.02, -1.02, -1.03, -0.71, -0.27, 2.0, 2.04, 2.05, 2.05, 2.05, 2.01]]},
 "initial_magmoms": {"__ndarray__": [[19], "float64", [0.0, 0.0, 0.0, 0.0, 0.0, 0.0, 0.001, 0.003, 0.009, 0.031, 0.053, 0.518, 1.148, -0.0, -0.0, -0.0, -0.001, -0.007, -0.151]]},
 "magmom": 1.9999977,
 "magmoms": {"__ndarray__": [[19], "float64", [0.0, 0.0, 0.0, 0.0, 0.0, 0.0, 0.0, 0.001, 0.001, 0.016, 0.028, 0.497, 0.374, -0.0, -0.0, -0.0, -0.0, 0.005, 0.035]]},
 "mtime": 21.878410172896267,
 "numbers": {"__ndarray__": [[19], "int64", [8, 8, 8, 8, 8, 8, 8, 8, 8, 8, 8, 8, 8, 22, 22, 22, 22, 22, 22]]},
 "pbc": {"__ndarray__": [[3], "bool", [true, true, true]]},
 "positions": {"__ndarray__": [[19, 3], "float64", [-3.82101244711597, 5.708987552884053, 3.867874093090432, -5.6467624471159095, 7.534737552883992, 3.8678740930903466, -3.664844755411243, 7.690912777588697, 5.888292043407123, -6.006375988911291, 10.032444011088746, 5.158881369909603, -6.16254244711599, 8.050517552884072, 7.179297575793935, -7.98829744711594, 9.876272552884023, 7.179304646861674, -6.018252776197292, 10.044320798374745, 9.200761761193396, -8.3475540056028, 12.373622027780257, 8.474833556731793, -8.511554734866268, 10.399529840634349, 10.531063816866995, -10.33702598517385, 12.225001090941934, 10.475740724277111, -8.453497165746434, 12.479565187923889, 12.503019164932788, -10.727278878295305, 14.75334690047276, 11.773104294494154, -10.723310240031518, 12.611285345799601, 14.518516817671028, -3.664845988911311, 7.690914011088766, 3.8678740930904674, -4.733891213615954, 6.621866319384036, 7.179299320226315, -6.006375988911229, 10.032444011088685, 7.179297575793823, -7.075213233264515, 8.963188339032596, 10.500312079450097, -8.35268955600104, 12.378757578178497, 10.51782377423254, -9.402096312547611, 11.290071418315694, 13.833219001618161]]},
 "stress": {"__ndarray__": [[6], "float64", [-0.5885884663134888, -0.6013956186171806, -0.5811161690370361, -0.007632548023259735, 0.013543063678688277, -0.055222569628947615]]},
 "unique_id": "21508b43ee12f26889e64dac33524ddb",
 "user": "bcomer3"},
"ids": [1],
"nextid": 2}
