{"1": {
 "calculator": "vasp",
 "calculator_parameters": {"amix": 0.01, "amix_mag": 0.01, "bmix": 0.0001, "bmix_mag": 0.0001, "encut": 500, "sigma": 0.05, "ediff": 1e-06, "ediffg": -0.02, "algo": "normal", "gga": "PE", "prec": "Normal", "ibrion": -1, "icharg": 11, "idipol": 3, "isif": 2, "ismear": 0, "ispin": 2, "istart": 1, "isym": -1, "kpar": 15, "ldauprint": 2, "ldautype": 2, "lmaxmix": 6, "lorbit": 11, "nbands": 88, "nelm": 299, "npar": 6, "nsw": 0, "inimix": 0, "laechg": true, "lasph": true, "ldau": true, "ldipol": true, "lvtot": false, "dipol": [0.5, 0.5, 0.5], "lreal": "Auto", "ldau_luj": {"Ti": {"L": 2, "U": 3.0, "J": 0.0}, "V": {"L": 2, "U": 3.25, "J": 0.0}, "Cr": {"L": 2, "U": 3.5, "J": 0.0}, "Mn": {"L": 2, "U": 3.75, "J": 0.0}, "Fe": {"L": 2, "U": 4.3, "J": 0.0}, "Co": {"L": 2, "U": 3.32, "J": 0.0}, "Ni": {"L": 2, "U": 6.45, "J": 0.0}, "Cu": {"L": 2, "U": 3.0, "J": 0.0}, "W": {"L": 2, "U": 3.0, "J": 0.0}, "Ce": {"L": 3, "U": 4.5, "J": 0.0}, "O": {"L": -1, "U": 0.0, "J": 0.0}, "C": {"L": -1, "U": 0.0, "J": 0.0}, "Au": {"L": -1, "U": 0.0, "J": 0.0}, "Ir": {"L": -1, "U": 0.0, "J": 0.0}, "H": {"L": -1, "U": 0.0, "J": 0.0}}, "xc": "PBE", "pp": "PBE", "setups": {"base": "minimal"}, "txt": "-", "kpts": [12, 6, 1], "gamma": true, "reciprocal": false, "ignore_constraints": false, "custom": {}},
 "cell": {"array": {"__ndarray__": [[3, 3], "float64", [2.049729688022364, 2.049729688022364, 0.0, -2.3128546395, 2.3128546395000003, -3.270870398978435, -14.438563918999998, 14.438563919, 20.419212915440628]]}, "__ase_objtype__": "cell"},
 "constraints": [{"name": "FixAtoms", "kwargs": {"indices": [0, 13, 1, 2, 14, 3, 4, 15, 5]}}],
 "ctime": 21.878340480485083,
 "dipole": {"__ndarray__": [[3], "float64", [-0.051546, 0.051546, 0.072898]]},
 "energy": -0.96456111,
 "forces": {"__ndarray__": [[19, 3], "float64", [-0.166739, 0.573571, -7.236581, 1.602506, -1.594696, 0.402572, 0.273119, -0.04464, 2.91338, -4.285176, 3.571415, 0.457003, -0.715662, 0.018367, -4.592265, 1.222603, -1.135636, 0.808515, 0.251955, 0.087945, 2.171402, -4.640104, 3.676404, 0.301208, -0.616639, 0.059974, -4.05813, 1.598621, -1.50292, 0.749145, 0.464557, 0.330083, 1.915674, -1.635612, -3.58496, -11.74347, 0.033911, -0.239326, 5.788805, 0.412791, 0.978134, 2.232173, 1.774104, -0.834713, 1.042143, 0.600508, 0.469118, 2.185493, 1.755998, -0.82487, 1.049032, 0.435351, 0.513007, 2.164161, 1.633908, -0.516257, 3.449739]]},
 "initial_charges": {"__ndarray__": [[19], "float64", [-0.8, -0.93, -0.89, -0.88, -0.89, -0.88, -0.88, -0.89, -0.9, -0.89, -0.84, -0.56, -0.32, 1.73, 1.78, 1.77, 1.77, 1.78, 1.73]]},
 "initial_magmoms": {"__ndarray__": [[19], "float64", [0.035, 0.088, 0.099, 0.057, 0.075, 0.057, 0.061, 0.05, 0.077, 0.031, -0.003, -0.443, -0.63, 3.767, 3.815, 3.824, 3.803, 3.867, 3.262]]},
 "magmom": 22.0010021,
 "magmoms": {"__ndarray__": [[19], "float64", [-0.042, -0.031, 0.005, -0.041, -0.059, -0.037, -0.019, -0.037, -0.057, -0.048, -0.035, -0.101, 0.034, 2.313, 2.152, 1.821, 2.31, 1.855, 1.778]]},
 "mtime": 21.878340480485083,
 "numbers": {"__ndarray__": [[19], "int64", [8, 8, 8, 8, 8, 8, 8, 8, 8, 8, 8, 8, 8, 26, 26, 26, 26, 26, 26]]},
 "pbc": {"__ndarray__": [[3], "bool", [true, true, true]]},
 "positions": {"__ndarray__": [[19, 3], "float64", [-3.8210124471159674, 5.70898755288405, 3.867874093090429, -5.559302447116, 7.447277552884083, 3.8678740930904807, -3.6652863810997625, 7.602994339900166, 5.909587845400048, -5.978141020599804, 9.915848979400206, 5.097030739759193, -6.133867447115964, 8.021842552884047, 7.138745001892852, -7.872152447115923, 9.760127552884006, 7.138737930824982, -5.975784637637079, 9.913492596437482, 9.183083093342919, -8.29113903800177, 12.228846996802174, 8.364786371788174, -8.440400541851357, 10.32837564761944, 10.395821253907696, -10.201794538324974, 12.089769644093057, 10.419299157834212, -8.260163382243961, 12.197871341044365, 12.447010618064855, -10.543747319286373, 14.481455278086777, 11.591565804107955, -10.51203835020413, 12.400013455972212, 13.915435852348509, -3.6652860205998365, 7.602993979400239, 3.8678740930904736, -4.690157807615931, 6.578132913384014, 7.1387444920688194, -5.978141020599835, 9.915848979400238, 7.138745001892897, -7.011228136877538, 8.899203242645621, 10.410530812129199, -8.292954120080726, 12.23066207888113, 10.418610492599539, -9.294429385560973, 11.182404491329056, 13.682511998487328]]},
 "stress": {"__ndarray__": [[6], "float64", [0.5132167323658903, 0.4979609112019318, 0.503531320783582, 0.09319586121874834, -0.07552399556272442, -0.08734732374893983]]},
 "unique_id": "c4f957d843dee6efc02129d6ba9c81c1",
 "user": "bcomer3"},
"ids": [1],
"nextid": 2}
