{"1": {
 "calculator": "vasp",
 "calculator_parameters": {"amix": 0.01, "amix_mag": 0.01, "bmix": 0.0001, "bmix_mag": 0.0001, "encut": 500, "sigma": 0.05, "ediff": 1e-06, "ediffg": -0.02, "algo": "normal", "gga": "PE", "prec": "Normal", "ibrion": -1, "icharg": 11, "idipol": 3, "isif": 2, "ismear": 0, "ispin": 2, "istart": 1, "isym": -1, "kpar": 15, "ldauprint": 2, "ldautype": 2, "lmaxmix": 6, "lorbit": 11, "nbands": 130, "nelm": 299, "npar": 6, "nsw": 0, "inimix": 0, "laechg": true, "lasph": true, "ldau": true, "ldipol": true, "lvtot": false, "dipol": [0.5, 0.5, 0.5], "lreal": "Auto", "ldau_luj": {"Ti": {"L": 2, "U": 3.0, "J": 0.0}, "V": {"L": 2, "U": 3.25, "J": 0.0}, "Cr": {"L": 2, "U": 3.5, "J": 0.0}, "Mn": {"L": 2, "U": 3.75, "J": 0.0}, "Fe": {"L": 2, "U": 4.3, "J": 0.0}, "Co": {"L": 2, "U": 3.32, "J": 0.0}, "Ni": {"L": 2, "U": 6.45, "J": 0.0}, "Cu": {"L": 2, "U": 3.0, "J": 0.0}, "W": {"L": 2, "U": 3.0, "J": 0.0}, "Ce": {"L": 3, "U": 4.5, "J": 0.0}, "O": {"L": -1, "U": 0.0, "J": 0.0}, "C": {"L": -1, "U": 0.0, "J": 0.0}, "Au": {"L": -1, "U": 0.0, "J": 0.0}, "Ir": {"L": -1, "U": 0.0, "J": 0.0}, "H": {"L": -1, "U": 0.0, "J": 0.0}}, "xc": "PBE", "pp": "PBE", "setups": {"base": "minimal"}, "txt": "-", "kpts": [12, 6, 1], "gamma": true, "reciprocal": false, "ignore_constraints": false, "custom": {}},
 "cell": {"array": {"__ndarray__": [[3, 3], "float64", [2.272991380881665, 2.2729913808816646, 0.0, -2.262023963, 2.2620239630000003, -3.1989849668875356, -14.286071888999997, 14.286071888999999, 20.203556618460823]]}, "__ase_objtype__": "cell"},
 "constraints": [{"name": "FixAtoms", "kwargs": {"indices": [0, 13, 1, 2, 14, 3, 4, 15, 5]}}],
 "ctime": 21.878548592425354,
 "dipole": {"__ndarray__": [[3], "float64", [-0.05083, 0.05083, 0.071885]]},
 "energy": -177.22692665,
 "forces": {"__ndarray__": [[19, 3], "float64", [1.874016, 0.264726, 0.577417, 0.690253, -1.201711, -0.813456, -0.881241, 0.223749, 0.664472, 1.055388, -1.455465, -1.005114, -0.937826, 0.428898, 1.726197, 0.479497, -1.292834, -0.861258, -1.017647, 0.152592, 1.105516, 0.896106, -1.251955, -1.173477, -1.004263, 0.60446, 1.62251, 0.07496, -1.246333, -0.970183, -0.743065, 0.19216, 0.506513, 2.437137, -2.786917, 0.657906, -3.754448, 2.846143, 0.673778, -0.39805, 1.346582, -0.645325, 0.30186, 0.284894, -0.393183, -0.030964, 0.649672, 0.065084, 0.459194, 0.200119, -0.322558, 0.6701, 0.099475, -0.380849, -0.171008, 1.941746, -1.033989]]},
 "initial_charges": {"__ndarray__": [[19], "float64", [-0.79, -0.89, -0.82, -0.88, -0.87, -0.88, -0.89, -0.88, -0.88, -0.9, -0.89, -0.71, -0.5, 1.63, 1.74, 1.76, 1.77, 1.77, 2.1]]},
 "initial_magmoms": {"__ndarray__": [[19], "float64", [0.001, -0.0, -0.0, -0.001, -0.001, -0.001, -0.003, -0.005, -0.002, -0.001, -0.016, -0.06, -0.001, 0.003, -0.0, -0.015, -0.023, -0.04, -0.152]]},
 "magmom": 0.7767499,
 "magmoms": {"__ndarray__": [[19], "float64", [-0.019, -0.011, -0.008, 0.002, -0.0, -0.001, -0.001, 0.0, -0.0, -0.0, -0.0, 0.0, -0.0, -0.03, 0.014, -0.008, 0.001, -0.001, -0.001]]},
 "mtime": 21.878548592425354,
 "numbers": {"__ndarray__": [[19], "int64", [8, 8, 8, 8, 8, 8, 8, 8, 8, 8, 8, 8, 8, 76, 76, 76, 76, 76, 76]]},
 "pbc": {"__ndarray__": [[3], "bool", [true, true, true]]},
 "positions": {"__ndarray__": [[19, 3], "float64", [-3.8210124471159497, 5.708987552884032, 3.867874093090404, -5.556052447115965, 7.444027552884048, 3.8678740930904443, -3.552036110053848, 7.713005963946083, 5.839993439280175, -5.814060073053878, 9.975029926946114, 5.0947397137881225, -6.083037447116001, 7.971012552884083, 7.066860526517477, -7.818077447115915, 9.706052552883998, 7.066860526517372, -5.823012934441469, 9.983982788333705, 9.043159094459355, -8.079870240697282, 12.240840094589519, 8.298141891901729, -8.351194774885185, 10.239169880653268, 10.273449824336428, -10.082840462068921, 11.970815567837004, 10.246832193272228, -8.054638498716326, 12.215608352608562, 12.239717426694849, -10.200850392734171, 14.361820246626406, 11.425721314229573, -10.526436262267353, 12.414411368035436, 13.628801995223451, -3.5520350730538874, 7.713004926946123, 3.8678740930904105, -4.688528484115939, 6.576503589884021, 7.066859059977904, -5.814060073053838, 9.975029926946073, 7.066860526517343, -6.956146511108467, 8.84412161687655, 10.272890145601064, -8.08357655934103, 12.244546413233266, 10.256371839716605, -9.3189014228406, 11.206876528608683, 13.52358695274067]]},
 "stress": {"__ndarray__": [[6], "float64", [-0.25853162792574935, -0.2552988757230529, -0.19122070315008308, 0.14685711109834715, -0.14144154711660115, -0.16029768295567928]]},
 "unique_id": "9b91f7c420723b81686c735781934e03",
 "user": "bcomer3"},
"ids": [1],
"nextid": 2}
