{"1": {
 "calculator": "vasp",
 "calculator_parameters": {"amix": 0.01, "amix_mag": 0.01, "bmix": 0.0001, "bmix_mag": 0.0001, "encut": 500, "sigma": 0.05, "ediff": 1e-06, "ediffg": -0.02, "algo": "normal", "gga": "PE", "prec": "Normal", "ibrion": -1, "icharg": 11, "idipol": 3, "isif": 2, "ismear": 0, "ispin": 2, "istart": 1, "isym": -1, "kpar": 15, "ldauprint": 2, "ldautype": 2, "lmaxmix": 6, "lorbit": 11, "nbands": 88, "nelm": 299, "npar": 6, "nsw": 0, "inimix": 0, "laechg": true, "lasph": true, "ldau": true, "ldipol": true, "lvtot": false, "dipol": [0.5, 0.5, 0.5], "lreal": "Auto", "ldau_luj": {"Ti": {"L": 2, "U": 3.0, "J": 0.0}, "V": {"L": 2, "U": 3.25, "J": 0.0}, "Cr": {"L": 2, "U": 3.5, "J": 0.0}, "Mn": {"L": 2, "U": 3.75, "J": 0.0}, "Fe": {"L": 2, "U": 4.3, "J": 0.0}, "Co": {"L": 2, "U": 3.32, "J": 0.0}, "Ni": {"L": 2, "U": 6.45, "J": 0.0}, "Cu": {"L": 2, "U": 3.0, "J": 0.0}, "W": {"L": 2, "U": 3.0, "J": 0.0}, "Ce": {"L": 3, "U": 4.5, "J": 0.0}, "O": {"L": -1, "U": 0.0, "J": 0.0}, "C": {"L": -1, "U": 0.0, "J": 0.0}, "Au": {"L": -1, "U": 0.0, "J": 0.0}, "Ir": {"L": -1, "U": 0.0, "J": 0.0}, "H": {"L": -1, "U": 0.0, "J": 0.0}}, "xc": "PBE", "pp": "PBE", "setups": {"base": "minimal"}, "txt": "-", "kpts": [12, 6, 1], "gamma": true, "reciprocal": false, "ignore_constraints": false, "custom": {}},
 "cell": {"array": {"__ndarray__": [[3, 3], "float64", [2.3622621688015264, 2.362262168801526, 0.0, -2.326152912, 2.3261529120000004, -3.289676996304068, -14.478458736499999, 14.4784587365, 20.475632707417528]]}, "__ase_objtype__": "cell"},
 "constraints": [{"name": "FixAtoms", "kwargs": {"indices": [0, 13, 1, 2, 14, 3, 4, 15, 5]}}],
 "ctime": 21.878435196117653,
 "dipole": {"__ndarray__": [[3], "float64", [-0.045743, 0.045743, 0.064691]]},
 "energy": -100.82328704,
 "forces": {"__ndarray__": [[19, 3], "float64", [1.504088, 1.211873, 0.838997, -0.320533, 0.80957, -0.657981, -0.784868, 1.084156, 0.721513, 1.724333, -1.058828, 0.432826, 0.043323, 0.820839, 2.672248, -0.319004, 0.545243, -0.798263, -0.804458, 0.887266, -0.009694, 0.820037, -0.447499, 0.538725, 0.303505, -0.046087, 1.463756, -0.655033, 0.396092, -0.185254, -0.830555, -0.019351, -0.723184, -3.504785, -10.523251, -12.644386, -0.78763, -3.143189, 6.620522, 0.48932, 2.322301, 0.590938, 1.779126, 0.724452, -0.508065, 0.337866, 2.042173, 1.512052, 1.15294, 0.622072, -0.800252, -0.632206, 1.225387, 0.131398, 0.484535, 2.546781, 0.804104]]},
 "initial_charges": {"__ndarray__": [[19], "float64", [-0.54, -0.68, -0.64, -0.67, -0.67, -0.67, -0.66, -0.68, -0.66, -0.69, -0.66, -0.46, -0.21, 1.21, 1.33, 1.31, 1.33, 1.35, 1.35]]},
 "initial_magmoms": {"__ndarray__": [[19], "float64", [0.452, 0.038, 0.016, 0.01, 0.059, 0.031, 0.016, 0.032, 0.017, 0.036, 0.038, 0.517, 1.046, 0.097, -0.008, 0.017, 0.025, 0.027, 0.055]]},
 "magmom": 2.9270326,
 "magmoms": {"__ndarray__": [[19], "float64", [-0.006, 0.004, 0.017, 0.005, 0.0, 0.001, -0.001, 0.001, 0.004, -0.006, -0.034, 0.323, -0.043, 0.144, 0.004, -0.003, -0.027, 0.003, -0.107]]},
 "mtime": 21.878435196117653,
 "numbers": {"__ndarray__": [[19], "int64", [8, 8, 8, 8, 8, 8, 8, 8, 8, 8, 8, 8, 8, 47, 47, 47, 47, 47, 47]]},
 "pbc": {"__ndarray__": [[3], "bool", [true, true, true]]},
 "positions": {"__ndarray__": [[19, 3], "float64", [-3.821012447115954, 5.708987552884036, 3.8678740930904096, -5.5863024471159415, 7.474277552884024, 3.867874093090382, -3.522529581025432, 7.772764594974673, 5.909295488565943, -5.848682493025383, 10.098917506974626, 5.116129693919033, -6.147167447115931, 8.035142552884015, 7.157554042272366, -7.912457447115916, 9.800432552883999, 7.157554042272334, -5.826620646257796, 10.076855660207038, 9.20882097259826, -8.297789572972215, 12.548024586921457, 8.41747976057081, -8.486302371761157, 10.374277477529239, 10.297093927295048, -10.240612681079893, 12.128587786847977, 10.774222230922781, -8.003167099000885, 12.253402112950127, 12.528996399646879, -10.700940439018853, 14.951175452968094, 11.684292427173908, -10.706870218324084, 12.594845324092168, 13.941500688997635, -3.5225324930254027, 7.772767506974644, 3.8678740930904496, -4.703659535115937, 6.59163464088402, 7.157551089394449, -5.84868249302541, 10.09891750697465, 7.157546971204635, -7.03761923398908, 8.925594339757163, 10.462413315392785, -8.178417497518593, 12.428652511467835, 10.476793558863484, -9.326051393884203, 11.214026499652286, 13.769131835888981]]},
 "stress": {"__ndarray__": [[6], "float64", [0.37541829171097585, 0.38181487737260084, 0.4558952805311089, 0.1119796017934754, -0.12209639527901917, -0.1518414367315676]]},
 "unique_id": "f71a515a654403d0a5b33af59121c76d",
 "user": "bcomer3"},
"ids": [1],
"nextid": 2}
