{"1": {
 "calculator": "vasp",
 "calculator_parameters": {"amix": 0.05, "amix_mag": 0.05, "bmix": 0.0001, "bmix_mag": 0.0001, "encut": 500, "sigma": 0.05, "ediff": 1e-06, "ediffg": -0.02, "algo": "normal", "gga": "PE", "prec": "Normal", "ibrion": -1, "idipol": 3, "isif": 2, "ismear": 0, "ispin": 2, "istart": 1, "isym": -1, "kpar": 15, "ldauprint": 2, "ldautype": 2, "lmaxmix": 6, "lorbit": 11, "nbands": 116, "nelm": 299, "npar": 6, "nsw": 0, "inimix": 0, "laechg": true, "lasph": true, "ldau": true, "ldipol": true, "lvtot": false, "dipol": [0.5, 0.5, 0.5], "lreal": "Auto", "ldau_luj": {"Ti": {"L": 2, "U": 3.0, "J": 0.0}, "V": {"L": 2, "U": 3.25, "J": 0.0}, "Cr": {"L": 2, "U": 3.5, "J": 0.0}, "Mn": {"L": 2, "U": 3.75, "J": 0.0}, "Fe": {"L": 2, "U": 4.3, "J": 0.0}, "Co": {"L": 2, "U": 3.32, "J": 0.0}, "Ni": {"L": 2, "U": 6.45, "J": 0.0}, "Cu": {"L": 2, "U": 3.0, "J": 0.0}, "W": {"L": 2, "U": 3.0, "J": 0.0}, "Ce": {"L": 3, "U": 4.5, "J": 0.0}, "O": {"L": -1, "U": 0.0, "J": 0.0}, "C": {"L": -1, "U": 0.0, "J": 0.0}, "Au": {"L": -1, "U": 0.0, "J": 0.0}, "Ir": {"L": -1, "U": 0.0, "J": 0.0}, "H": {"L": -1, "U": 0.0, "J": 0.0}}, "xc": "PBE", "pp": "PBE", "setups": {"base": "minimal"}, "txt": "-", "kpts": [12, 6, 1], "gamma": true, "reciprocal": false, "ignore_constraints": false, "custom": {}},
 "cell": {"array": {"__ndarray__": [[3, 3], "float64", [2.105827855308268, 2.105827855308268, 0.0, -4.482417601315317, 4.482417601315318, 0.0, 0.0, 0.0, 27.678191528]]}, "__ase_objtype__": "cell"},
 "constraints": [{"name": "FixAtoms", "kwargs": {"indices": [0, 1, 2, 17, 18, 3, 4, 5, 6, 19, 20, 7]}}],
 "ctime": 21.66406571045207,
 "dipole": {"__ndarray__": [[3], "float64", [0.0, 0.0, 0.155406]]},
 "energy": -178.77390111,
 "forces": {"__ndarray__": [[25, 3], "float64", [-0.007246, 0.019803, 0.906665, -0.148708, 0.163094, -0.911066, 0.159332, -0.165191, -0.906157, 0.03135, -0.01538, 0.024746, -0.017984, 0.001705, -0.018716, 0.045961, -0.024072, 0.017295, -0.020457, 0.002768, 0.032724, -0.009484, -0.004605, -0.126147, 0.04596, -0.00761, -0.01576, -0.033049, 0.020667, 0.0006, 0.028042, -0.02691, 0.037756, 0.009382, 0.017197, 0.007491, -0.007917, -0.033529, -0.007273, -0.009756, 0.017502, -0.004725, -0.004812, 0.01206, -0.01055, -0.014509, -0.002118, -0.038116, 0.031763, -0.001422, 0.046569, -0.009586, 0.005068, 1.873324, -0.001023, 0.006349, -1.078077, -0.012578, -0.001219, 0.179623, -0.012927, -0.007995, -0.104363, -0.003534, 0.008833, 0.011545, -0.013783, 0.004984, 0.019409, -0.013806, 0.004556, 0.011746, -0.010634, 0.005466, 0.051458]]},
 "initial_charges": {"__ndarray__": [[25], "float64", [-0.71, -0.97, -0.97, -0.87, -0.88, -0.92, -0.92, -0.9, -0.92, -0.91, -0.92, -0.92, -0.89, -0.88, -0.88, -0.62, -0.31, 1.68, 1.86, 1.79, 1.85, 1.85, 1.79, 1.75, 1.83]]},
 "initial_magmoms": {"__ndarray__": [[25], "float64", [-0.509, -0.226, -0.226, -0.223, -0.212, -0.236, -0.236, -0.241, -0.245, -0.246, -0.246, -0.199, -0.23, -0.252, -0.252, -0.561, -0.768, 2.889, 2.423, 2.51, 2.496, 2.509, 2.523, 2.037, 2.422]]},
 "magmom": 13.9999694,
 "magmoms": {"__ndarray__": [[25], "float64", [-0.496, -0.224, -0.224, -0.227, -0.22, -0.246, -0.246, -0.254, -0.252, -0.257, -0.257, -0.296, -0.237, -0.18, -0.18, -0.424, -0.41, 2.883, 2.418, 2.523, 2.5, 2.454, 2.486, 1.631, 2.285]]},
 "mtime": 21.66406571045207,
 "numbers": {"__ndarray__": [[25], "int64", [8, 8, 8, 8, 8, 8, 8, 8, 8, 8, 8, 8, 8, 8, 8, 8, 8, 24, 24, 24, 24, 24, 24, 24, 24]]},
 "pbc": {"__ndarray__": [[3], "bool", [true, true, true]]},
 "positions": {"__ndarray__": [[25, 3], "float64", [-1.1525840533340723, 3.2908749596421925, 7.500000000000065, -3.5590312855959882, 3.5915011863392285, 8.755359999999921, -0.8519537508735449, 0.8844236516167853, 8.755359999999921, -1.1525840533340723, 3.2908749596421925, 10.010710000000058, -3.393794351643895, 5.532085257952016, 10.66955000000003, -3.093168124946859, 3.1256380256900993, 11.924899999999974, -1.317823982590493, 1.3502938833337335, 11.924899999999974, -3.393794351643895, 5.532085257952016, 13.180260000000022, -1.1525840533340723, 3.2908749596421925, 13.847075490760695, -3.5624098364614514, 3.5948797372046917, 15.093234645678855, -0.8485752000080813, 0.8810451007513217, 15.093234645678855, -1.1525840533340723, 3.2908749596421925, 16.33590388121361, -3.393794351643895, 5.532085257952016, 17.000492728260898, -3.079710798667869, 3.1121806994111094, 18.22518488968907, -1.331281308869483, 1.3637512096127236, 18.22518488968907, -3.393794351643895, 5.532085257952016, 19.432068579077416, -1.1525840533340723, 3.2908749596421925, 20.05366238984622, -3.393794351643895, 5.532085257952016, 8.755359999999921, -2.2054945561165122, 2.2379644568597525, 8.755359999999921, -1.1525840533340723, 3.2908749596421925, 11.924899999999974, -4.446704854426335, 4.479174755169576, 11.924899999999974, -2.2054945561165122, 2.2379644568597525, 15.112586680238197, -3.393794351643895, 5.532085257952016, 15.1086277435117, -1.1525840533340723, 3.2908749596421925, 18.449446438737883, -4.446704854426335, 4.479174755169576, 18.29767068187575]]},
 "stress": {"__ndarray__": [[6], "float64", [0.005527118474352912, 0.006020728223573389, 0.0025716078655190423, -0.0001348103556099525, -3.5620292581415754e-05, 0.005503681607585221]]},
 "unique_id": "4f8c7cdff2187402cc1bd7d3142dc5a8",
 "user": "bcomer3"},
"ids": [1],
"nextid": 2}
