{"1": {
 "calculator": "vasp",
 "calculator_parameters": {"amix": 0.01, "amix_mag": 0.01, "bmix": 0.0001, "bmix_mag": 0.0001, "encut": 500, "sigma": 0.05, "ediff": 1e-06, "ediffg": -0.02, "algo": "all", "gga": "PE", "prec": "Normal", "ibrion": -1, "idipol": 3, "isif": 2, "ismear": 0, "ispin": 2, "istart": 1, "isym": -1, "kpar": 15, "ldauprint": 2, "ldautype": 2, "lmaxmix": 6, "lorbit": 11, "nbands": 172, "nelm": 299, "npar": 6, "nsw": 0, "inimix": 0, "laechg": true, "lasph": true, "ldau": true, "ldipol": true, "lvtot": false, "dipol": [0.5, 0.5, 0.5], "lreal": "Auto", "ldau_luj": {"Ti": {"L": 2, "U": 3.0, "J": 0.0}, "V": {"L": 2, "U": 3.25, "J": 0.0}, "Cr": {"L": 2, "U": 3.5, "J": 0.0}, "Mn": {"L": 2, "U": 3.75, "J": 0.0}, "Fe": {"L": 2, "U": 4.3, "J": 0.0}, "Co": {"L": 2, "U": 3.32, "J": 0.0}, "Ni": {"L": 2, "U": 6.45, "J": 0.0}, "Cu": {"L": 2, "U": 3.0, "J": 0.0}, "W": {"L": 2, "U": 3.0, "J": 0.0}, "Ce": {"L": 3, "U": 4.5, "J": 0.0}, "O": {"L": -1, "U": 0.0, "J": 0.0}, "C": {"L": -1, "U": 0.0, "J": 0.0}, "Au": {"L": -1, "U": 0.0, "J": 0.0}, "Ir": {"L": -1, "U": 0.0, "J": 0.0}, "H": {"L": -1, "U": 0.0, "J": 0.0}}, "xc": "PBE", "pp": "PBE", "setups": {"base": "minimal"}, "txt": "-", "kpts": [12, 6, 1], "gamma": true, "reciprocal": false, "ignore_constraints": false, "custom": {}},
 "cell": {"array": {"__ndarray__": [[3, 3], "float64", [2.2551432604339694, 2.255143260433969, 0.0, -5.63233886233839, 5.632338862338391, 0.0, 0.0, 0.0, 30.930660013]]}, "__ase_objtype__": "cell"},
 "constraints": [{"name": "FixAtoms", "kwargs": {"indices": [0, 1, 2, 3, 4, 5, 6, 7, 17, 18, 19, 20]}}],
 "ctime": 21.702996554972888,
 "dipole": {"__ndarray__": [[3], "float64", [0.0, 0.0, 0.048876]]},
 "energy": -74.98191198,
 "forces": {"__ndarray__": [[25, 3], "float64", [0.012673, -0.014783, 0.097412, -0.039648, 0.03861, -0.12172, 0.069513, -0.062769, -0.103283, 0.001011, 0.002336, -0.05091, 0.00366, 0.002362, 0.002551, 0.040092, -0.030318, 0.028546, -0.029135, 0.015487, 0.020489, 0.000587, 0.00402, -0.007618, -0.008988, 0.014673, -0.000191, -0.014447, 0.011701, -0.000296, 0.017297, -0.017078, -0.008344, -0.014638, 0.01303, 0.019175, -0.00931, -0.020182, -0.008428, 0.072942, -0.012755, 0.026448, -0.01206, 0.076305, -0.001861, 0.011857, -0.015251, 0.011033, -0.042983, -0.051827, 0.035437, -0.009657, -0.001938, -0.088454, -0.013859, -0.000644, 0.192309, -0.008497, 0.016044, -0.012247, -0.000912, 0.012539, -0.01582, -0.006884, 0.007359, 0.033331, -0.012364, 0.007011, -0.005397, -0.009321, 0.001775, -0.028977, 0.003071, 0.004292, -0.013185]]},
 "magmom": 1.9874223,
 "magmoms": {"__ndarray__": [[25], "float64", [-0.0, 0.0, -0.0, 0.0, 0.0, 0.0, 0.0, 0.0, -0.002, 0.0, 0.0, 0.001, 0.002, 0.024, 0.024, 0.006, 1.502, -0.0, 0.0, -0.0, -0.0, -0.001, -0.0, 0.005, 0.0]]},
 "mtime": 21.702996554972888,
 "numbers": {"__ndarray__": [[25], "int64", [8, 8, 8, 8, 8, 8, 8, 8, 8, 8, 8, 8, 8, 8, 8, 8, 8, 80, 80, 80, 80, 80, 80, 80, 80]]},
 "pbc": {"__ndarray__": [[3], "bool", [true, true, true]]},
 "positions": {"__ndarray__": [[25, 3], "float64", [-1.1525840533340723, 3.290874959642192, 7.500000000000058, -1.9181897785281752, 6.3116280578032935, 8.805299999999981, 1.868169049776804, 2.525269229498314, 8.805299999999981, -1.1525840533340723, 3.290874959642192, 10.110610000000088, -3.968757017562284, 6.107047923870405, 11.482669999999967, -0.947996848333374, 5.341435127608492, 12.787969999999895, 0.8979761195819622, 3.495462159693156, 12.787969999999895, -3.968757017562284, 6.107047923870405, 14.093270000000036, -1.1525840533340723, 3.290874959642192, 15.474338494565604, -1.9193423596821493, 6.312780638957268, 16.778066867084824, 1.8693216309307787, 2.5241166483443394, 16.778066867084824, -1.1525840533340723, 3.290874959642192, 18.083986960073673, -3.968757017562284, 6.107047923870405, 19.50242426597748, -0.9505011163116168, 5.343939395586736, 20.804387832925066, 0.9004803875602043, 3.492957891714914, 20.804387832925066, -3.968757017562284, 6.107047923870405, 22.101435980344124, -1.1525840533340723, 3.290874959642192, 23.619241511261453, -0.025010366850573007, 4.418448646125691, 8.805299999999981, -3.968757017562284, 6.107047923870405, 8.805299999999981, -1.1525840533340723, 3.290874959642192, 12.787969999999895, -2.841183331078785, 7.234621610353903, 12.787969999999895, -0.025010366850573007, 4.418448646125691, 16.77826496154415, -3.968757017562284, 6.107047923870405, 16.78537030508956, -1.1525840533340723, 3.290874959642192, 20.785721583795777, -2.841183331078785, 7.234621610353903, 20.805126529319043]]},
 "stress": {"__ndarray__": [[6], "float64", [0.0016617830802390398, 0.0018039084845445274, 0.0004935598171474704, 0.00015283583396550335, 0.00015462090557550597, 0.0014431430155593492]]},
 "unique_id": "612d4a1f98e837086ee0302e5fd672a4",
 "user": "bcomer3"},
"ids": [1],
"nextid": 2}
