{"1": {
 "calculator": "vasp",
 "calculator_parameters": {"amix": 0.01, "amix_mag": 0.01, "bmix": 0.0001, "bmix_mag": 0.0001, "encut": 500, "sigma": 0.05, "ediff": 1e-06, "ediffg": -0.02, "algo": "normal", "gga": "PE", "prec": "Normal", "ibrion": -1, "icharg": 11, "idipol": 3, "isif": 2, "ismear": 0, "ispin": 2, "istart": 1, "isym": -1, "kpar": 15, "ldauprint": 2, "ldautype": 2, "lmaxmix": 6, "lorbit": 11, "nbands": 88, "nelm": 299, "npar": 6, "nsw": 0, "inimix": 0, "laechg": true, "lasph": true, "ldau": true, "ldipol": true, "lvtot": false, "dipol": [0.5, 0.5, 0.5], "lreal": "Auto", "ldau_luj": {"Ti": {"L": 2, "U": 3.0, "J": 0.0}, "V": {"L": 2, "U": 3.25, "J": 0.0}, "Cr": {"L": 2, "U": 3.5, "J": 0.0}, "Mn": {"L": 2, "U": 3.75, "J": 0.0}, "Fe": {"L": 2, "U": 4.3, "J": 0.0}, "Co": {"L": 2, "U": 3.32, "J": 0.0}, "Ni": {"L": 2, "U": 6.45, "J": 0.0}, "Cu": {"L": 2, "U": 3.0, "J": 0.0}, "W": {"L": 2, "U": 3.0, "J": 0.0}, "Ce": {"L": 3, "U": 4.5, "J": 0.0}, "O": {"L": -1, "U": 0.0, "J": 0.0}, "C": {"L": -1, "U": 0.0, "J": 0.0}, "Au": {"L": -1, "U": 0.0, "J": 0.0}, "Ir": {"L": -1, "U": 0.0, "J": 0.0}, "H": {"L": -1, "U": 0.0, "J": 0.0}}, "xc": "PBE", "pp": "PBE", "setups": {"base": "minimal"}, "txt": "-", "kpts": [12, 6, 1], "gamma": true, "reciprocal": false, "ignore_constraints": false, "custom": {}},
 "cell": {"array": {"__ndarray__": [[3, 3], "float64", [2.0295255082858517, 2.029525508285851, 0.0, -2.1343516045, 2.1343516045000004, -3.018428985956676, -13.903054812999997, 13.903054813, 19.661888674961137]]}, "__ase_objtype__": "cell"},
 "constraints": [{"name": "FixAtoms", "kwargs": {"indices": [0, 1, 2, 3, 4, 5, 13, 14, 15]}}],
 "ctime": 21.878319757019526,
 "dipole": {"__ndarray__": [[3], "float64", [-0.025302, 0.025302, 0.035782]]},
 "energy": -67.52391997,
 "forces": {"__ndarray__": [[19, 3], "float64", [0.066821, 0.347271, -5.930594, 1.584649, -1.312257, 1.830198, 0.396763, 0.58184, 1.296573, -1.516785, 0.747948, -0.432176, -0.978935, 0.984063, 0.223102, 0.774123, -0.670689, 0.034825, 0.306015, 0.417681, 1.412327, -0.226139, -0.186196, -0.484536, -0.96997, 0.85796, -0.432091, 0.669679, -0.289877, 0.143432, 0.261456, 0.004375, 1.573096, 0.264685, -5.145064, -16.30457, -4.28879, 2.473556, 10.145974, 0.264223, 0.93622, 1.177896, 0.700071, 0.153755, 0.456198, 0.1792, 0.722867, 1.07621, 0.652294, 0.260682, 0.150117, 0.2605, 0.643753, 1.329722, 1.60014, -1.52789, 2.734297]]},
 "initial_charges": {"__ndarray__": [[19], "float64", [-0.65, -0.8, -0.7, -0.73, -0.73, -0.72, -0.71, -0.72, -0.73, -0.74, -0.73, -0.47, -0.26, 1.41, 1.45, 1.45, 1.45, 1.47, 1.45]]},
 "initial_magmoms": {"__ndarray__": [[19], "float64", [0.153, 0.137, 0.139, 0.186, 0.186, 0.19, 0.196, 0.198, 0.211, 0.185, 0.183, 0.501, 0.933, 1.724, 0.835, 0.563, 0.55, 0.641, 0.916]]},
 "magmom": 9.3752404,
 "magmoms": {"__ndarray__": [[19], "float64", [-0.062, -0.071, -0.023, -0.015, -0.03, -0.021, -0.002, -0.008, -0.028, -0.022, -0.013, 0.247, 0.096, 0.08, 0.329, -0.157, 0.174, -0.218, 0.883]]},
 "mtime": 21.878319757019526,
 "numbers": {"__ndarray__": [[19], "int64", [8, 8, 8, 8, 8, 8, 8, 8, 8, 8, 8, 8, 8, 27, 27, 27, 27, 27, 27]]},
 "pbc": {"__ndarray__": [[3], "bool", [true, true, true]]},
 "positions": {"__ndarray__": [[19, 3], "float64", [-3.8210124471159532, 5.708987552884036, 3.8678740930904083, -5.496732447115903, 7.384707552883985, 3.8678740930903475, -3.6441089720029174, 7.561607818997, 5.701390103677104, -5.778460576502972, 9.695959423497056, 5.052787068460342, -5.9553624471159745, 7.843337552884058, 6.886300809941456, -7.6310824471159275, 9.519057552884009, 6.886300809941396, -5.785108972002939, 9.702607818997022, 8.729362762074189, -7.902430576502988, 11.819929423497072, 8.088339911551738, -8.09457084261591, 9.982545948383994, 9.936691022407667, -9.771282447115949, 11.659257552884032, 9.911798594604285, -7.933653972002958, 11.851152818997042, 11.75909611635641, -10.067835576502974, 13.985334423497058, 11.110945629479536, -10.176120842615987, 12.06409594838407, 13.102860630119904, -3.644110576502978, 7.561609423497061, 3.8678740930904487, -4.658870842615945, 6.546845948384028, 6.88630307904706, -5.778460576503, 9.695959423497083, 6.886300809941494, -6.794225842615962, 8.682200948384045, 9.918143611537234, -7.921005576502939, 11.838504423497021, 9.923501211832944, -8.99677584261591, 10.884750948383994, 12.951306433708096]]},
 "stress": {"__ndarray__": [[6], "float64", [1.1556529947837322, 1.1533316776756701, 1.0993130514665415, 0.04284282962868709, -0.09302313369519866, -0.07209602143758857]]},
 "unique_id": "437169bd4430ab0b338b0ab89b8e2bce",
 "user": "bcomer3"},
"ids": [1],
"nextid": 2}
