{"1": {
 "calculator": "vasp",
 "calculator_parameters": {"amix": 0.01, "amix_mag": 0.01, "bmix": 0.0001, "bmix_mag": 0.0001, "encut": 500, "sigma": 0.05, "ediff": 1e-06, "ediffg": -0.02, "algo": "normal", "gga": "PE", "prec": "Normal", "ibrion": -1, "icharg": 11, "idipol": 3, "isif": 2, "ismear": 0, "ispin": 2, "istart": 1, "isym": -1, "kpar": 15, "ldauprint": 2, "ldautype": 2, "lmaxmix": 6, "lorbit": 11, "nbands": 88, "nelm": 299, "npar": 6, "nsw": 0, "inimix": 0, "laechg": true, "lasph": true, "ldau": true, "ldipol": true, "lvtot": false, "dipol": [0.5, 0.5, 0.5], "lreal": "Auto", "ldau_luj": {"Ti": {"L": 2, "U": 3.0, "J": 0.0}, "V": {"L": 2, "U": 3.25, "J": 0.0}, "Cr": {"L": 2, "U": 3.5, "J": 0.0}, "Mn": {"L": 2, "U": 3.75, "J": 0.0}, "Fe": {"L": 2, "U": 4.3, "J": 0.0}, "Co": {"L": 2, "U": 3.32, "J": 0.0}, "Ni": {"L": 2, "U": 6.45, "J": 0.0}, "Cu": {"L": 2, "U": 3.0, "J": 0.0}, "W": {"L": 2, "U": 3.0, "J": 0.0}, "Ce": {"L": 3, "U": 4.5, "J": 0.0}, "O": {"L": -1, "U": 0.0, "J": 0.0}, "C": {"L": -1, "U": 0.0, "J": 0.0}, "Au": {"L": -1, "U": 0.0, "J": 0.0}, "Ir": {"L": -1, "U": 0.0, "J": 0.0}, "H": {"L": -1, "U": 0.0, "J": 0.0}}, "xc": "PBE", "pp": "PBE", "setups": {"base": "minimal"}, "txt": "-", "kpts": [12, 6, 1], "gamma": true, "reciprocal": false, "ignore_constraints": false, "custom": {}},
 "cell": {"array": {"__ndarray__": [[3, 3], "float64", [2.0466430283295556, 2.0466430283295556, 0.0, -2.2992589435, 2.2992589435000004, -3.2516431813053335, -14.397774413999999, 14.397774414, 20.361527844267144]]}, "__ase_objtype__": "cell"},
 "constraints": [{"name": "FixAtoms", "kwargs": {"indices": [0, 13, 1, 2, 14, 3, 4, 15, 5]}}],
 "ctime": 21.8783620628615,
 "dipole": {"__ndarray__": [[3], "float64", [-0.064942, 0.064942, 0.091842]]},
 "energy": -137.75880083,
 "forces": {"__ndarray__": [[19, 3], "float64", [0.434989, 0.242314, -2.230223, -3.467458, 2.198908, -2.123202, -0.647922, -0.19939, -0.581925, 1.685379, -1.381086, -1.10235, -0.684973, 0.620409, 1.986351, -0.344874, -0.186519, -1.885718, -1.4225, 0.544322, -0.835591, 0.32769, -0.274037, -0.738714, -1.079225, 1.029657, 1.706498, 2.12283, -2.146, 1.444508, -2.730995, 2.596844, 2.654594, -0.264432, -0.28999, -2.006031, -1.332416, 0.467394, 10.000099, 0.968051, -0.406432, -0.893877, -0.107278, 0.546643, 0.445386, 1.092807, -0.566011, -0.587478, 0.631558, -0.226462, 1.62321, 2.884073, -2.613229, -2.46076, 1.934696, 0.042664, -4.414776]]},
 "initial_charges": {"__ndarray__": [[19], "float64", [-0.88, -1.0, -0.93, -0.98, -0.97, -0.96, -0.97, -0.96, -0.98, -0.96, -0.96, -0.59, -0.43, 1.87, 1.93, 1.93, 1.93, 1.95, 1.96]]},
 "initial_magmoms": {"__ndarray__": [[19], "float64", [-0.143, -0.076, -0.087, -0.065, -0.07, -0.07, -0.063, -0.056, -0.074, -0.022, -0.001, 0.555, 0.404, 1.166, 1.18, 1.15, 1.163, 1.005, -0.282]]},
 "magmom": 4.0000023,
 "magmoms": {"__ndarray__": [[19], "float64", [-0.016, -0.085, -0.068, -0.055, -0.035, -0.046, -0.068, -0.028, -0.03, -0.001, 0.001, -0.0, 0.0, 0.735, 0.291, 0.832, 0.186, 0.049, 0.002]]},
 "mtime": 21.8783620628615,
 "numbers": {"__ndarray__": [[19], "int64", [8, 8, 8, 8, 8, 8, 8, 8, 8, 8, 8, 8, 8, 23, 23, 23, 23, 23, 23]]},
 "pbc": {"__ndarray__": [[3], "bool", [true, true, true]]},
 "positions": {"__ndarray__": [[19, 3], "float64", [-3.815238503615931, 5.703213609384013, 3.8760396822964687, -3.8160185036159797, 5.703993609384062, 6.510719548997596, -4.164067513382806, 8.098692486617228, 5.192567936965299, -6.020987513382774, 9.955612486617197, 5.191464850386628, -6.116423503615941, 8.004398609384024, 7.124961996610844, -6.117203503615975, 8.005178609384057, 9.759641863312, -6.455193864941668, 10.389818838176089, 8.458256413733093, -8.296516250995339, 12.231141224229761, 8.443178857790807, -8.41224957974828, 10.300224685516362, 10.408819236173052, -8.346871553212146, 10.23484665898023, 12.863862977466109, -8.702400899742537, 12.63702587297696, 11.83028221391154, -10.468635916171994, 14.403260889406416, 11.794050559991167, -10.734437219730168, 12.622412325498251, 13.774008476957555, -2.792303569882836, 6.726928543117258, 5.193379615647104, -6.115852447116013, 8.003827552884095, 5.192016393676038, -5.093488569882846, 9.028113543117268, 8.442301929961484, -8.420067332590111, 10.308042438358195, 8.415126839505374, -7.432172802705605, 11.366797775940027, 11.74029844728732, -10.770251987873525, 12.658227093641608, 12.178865966355364]]},
 "stress": {"__ndarray__": [[6], "float64", [-0.5232444595162078, -0.5323410284030529, -0.425069534256432, 0.041750446942984125, -0.03685185467911679, -0.08059770584813668]]},
 "unique_id": "79f2ef78d046f207f899e515ed540eee",
 "user": "bcomer3"},
"ids": [1],
"nextid": 2}
