{"1": {
 "calculator": "vasp",
 "calculator_parameters": {"amix": 0.05, "amix_mag": 0.05, "bmix": 0.0001, "bmix_mag": 0.0001, "encut": 500, "sigma": 0.05, "ediff": 1e-06, "ediffg": -0.02, "algo": "normal", "gga": "PE", "prec": "Normal", "ibrion": -1, "idipol": 3, "isif": 2, "ismear": 0, "ispin": 2, "istart": 1, "isym": -1, "kpar": 15, "ldauprint": 2, "ldautype": 2, "lmaxmix": 6, "lorbit": 11, "nbands": 116, "nelm": 299, "npar": 6, "nsw": 0, "inimix": 0, "laechg": true, "lasph": true, "ldau": true, "ldipol": true, "lvtot": false, "dipol": [0.5, 0.5, 0.5], "lreal": "Auto", "ldau_luj": {"Ti": {"L": 2, "U": 3.0, "J": 0.0}, "V": {"L": 2, "U": 3.25, "J": 0.0}, "Cr": {"L": 2, "U": 3.5, "J": 0.0}, "Mn": {"L": 2, "U": 3.75, "J": 0.0}, "Fe": {"L": 2, "U": 4.3, "J": 0.0}, "Co": {"L": 2, "U": 3.32, "J": 0.0}, "Ni": {"L": 2, "U": 6.45, "J": 0.0}, "Cu": {"L": 2, "U": 3.0, "J": 0.0}, "W": {"L": 2, "U": 3.0, "J": 0.0}, "Ce": {"L": 3, "U": 4.5, "J": 0.0}, "O": {"L": -1, "U": 0.0, "J": 0.0}, "C": {"L": -1, "U": 0.0, "J": 0.0}, "Au": {"L": -1, "U": 0.0, "J": 0.0}, "Ir": {"L": -1, "U": 0.0, "J": 0.0}, "H": {"L": -1, "U": 0.0, "J": 0.0}}, "xc": "PBE", "pp": "PBE", "setups": {"base": "minimal"}, "txt": "-", "kpts": [12, 6, 1], "gamma": true, "reciprocal": false, "ignore_constraints": false, "custom": {}},
 "cell": {"array": {"__ndarray__": [[3, 3], "float64", [2.138093153997266, 2.1380931539972656, 0.0, -4.683062467514912, 4.683062467514912, 0.0, 0.0, 0.0, 28.245700909999996]]}, "__ase_objtype__": "cell"},
 "constraints": [{"name": "FixAtoms", "kwargs": {"indices": [0, 1, 2, 17, 18, 3, 4, 5, 6, 19, 20, 7]}}],
 "ctime": 21.664134204333585,
 "dipole": {"__ndarray__": [[3], "float64", [0.0, 0.0, 0.159522]]},
 "energy": -191.14573124,
 "forces": {"__ndarray__": [[25, 3], "float64", [-0.01668, 0.017734, 1.646596, -1.108425, 1.109614, -0.891438, 1.129322, -1.132085, -0.883334, -0.004369, 0.005534, 1.258578, 0.00905, -0.007822, -1.77388, -0.111825, 0.112955, -0.064597, 0.100877, -0.09966, -0.055253, -0.0108, 0.011933, -0.647029, -0.009675, 0.010861, -0.011364, 0.004395, -0.003207, 0.017036, -0.005225, 0.006304, 0.041224, 0.004864, -0.003711, 0.027262, -0.010383, 0.007506, 0.000506, 0.004098, -0.002972, 0.002563, 0.016514, -0.021132, 0.041065, -0.005211, 0.006379, 0.025268, 0.018298, -0.023092, 0.007729, 0.005679, -0.005015, 2.983024, 0.00129, -0.000592, -2.735529, -0.005314, 0.006003, -0.524753, -0.009684, 0.010428, 1.545149, 0.00097, -0.000266, 0.006671, -0.003528, -0.001408, -0.001853, 0.008284, -0.007523, -0.014097, -0.002522, 0.003235, 0.000457]]},
 "initial_charges": {"__ndarray__": [[25], "float64", [-0.94, -1.0, -1.0, -1.03, -0.97, -1.0, -1.0, -1.02, -1.03, -0.99, -1.0, -1.0, -1.0, -0.95, -0.95, -0.79, -0.28, 1.97, 1.97, 1.99, 2.01, 2.02, 2.01, 1.97, 2.0]]},
 "initial_magmoms": {"__ndarray__": [[25], "float64", [0.008, 0.001, 0.001, 0.001, 0.001, 0.001, 0.001, 0.002, 0.003, 0.006, 0.006, 0.025, 0.046, 0.139, 0.139, 0.29, 1.086, -0.001, -0.002, -0.001, -0.001, -0.006, -0.005, -0.119, -0.071]]},
 "magmom": 1.6917517,
 "magmoms": {"__ndarray__": [[25], "float64", [-0.049, -0.006, -0.006, -0.002, -0.003, -0.002, -0.002, -0.002, -0.0, 0.004, 0.004, 0.015, 0.051, 0.143, 0.143, 0.022, 1.178, 0.004, 0.014, 0.001, 0.001, -0.004, -0.004, -0.126, -0.019]]},
 "mtime": 21.664134204333585,
 "numbers": {"__ndarray__": [[25], "int64", [8, 8, 8, 8, 8, 8, 8, 8, 8, 8, 8, 8, 8, 8, 8, 8, 8, 22, 22, 22, 22, 22, 22, 22, 22]]},
 "pbc": {"__ndarray__": [[3], "bool", [true, true, true]]},
 "positions": {"__ndarray__": [[25, 3], "float64", [-1.1525840533340723, 3.290874959642192, 7.500000000000023, -3.6502834319715625, 3.650480946694523, 8.790999999999922, -0.7929777445481465, 0.7931752592711071, 8.790999999999922, -1.1525840533340723, 3.290874959642192, 10.082009999999917, -3.4941186617586464, 5.632409568066767, 10.8114299999999, -3.1345056036384826, 3.1347031183614433, 12.102429999999996, -1.3087555728812246, 1.3089530876041855, 12.102429999999996, -3.4941186617586464, 5.632409568066767, 13.393430000000095, -1.1525840533340723, 3.290874959642192, 14.11978042873125, -3.642954448437333, 3.643151963160294, 15.423832754152265, -0.8003067280823748, 0.8005042428053354, 15.423832754152265, -1.1525840533340723, 3.290874959642192, 16.6992771385196, -3.4941186617586464, 5.632409568066767, 17.44556908878998, -3.121019708138137, 3.1212172228610977, 18.79397208761469, -1.3222414683815684, 1.3224389831045293, 18.79397208761469, -3.4941186617586464, 5.632409568066767, 20.028123769577647, -1.1525840533340723, 3.290874959642192, 20.704678291952547, -3.4941186617586464, 5.632409568066767, 8.790999999999922, -2.221630749126652, 2.2218282638496127, 8.790999999999922, -1.1525840533340723, 3.290874959642192, 12.102429999999996, -4.563165357551226, 4.563362872274188, 12.102429999999996, -2.221630749126652, 2.2218282638496127, 15.396659418993009, -3.4941186617586464, 5.632409568066767, 15.528570438620998, -1.1525840533340723, 3.290874959642192, 18.686388791531208, -4.563165357551226, 4.563362872274188, 18.915569797390493]]},
 "stress": {"__ndarray__": [[6], "float64", [0.00025997133811128946, 0.00026326061342062996, 0.006691403345186049, -2.6326685492975583e-05, 2.3549213931957535e-05, 0.006682783821083205]]},
 "unique_id": "98f36b4e1cd6b7f8dd3d992222e0ac8b",
 "user": "bcomer3"},
"ids": [1],
"nextid": 2}
