{"1": {
 "calculator": "vasp",
 "calculator_parameters": {"amix": 0.01, "amix_mag": 0.01, "bmix": 0.0001, "bmix_mag": 0.0001, "encut": 500, "sigma": 0.05, "ediff": 1e-06, "ediffg": -0.02, "algo": "normal", "gga": "PE", "prec": "Normal", "ibrion": -1, "icharg": 11, "idipol": 3, "isif": 2, "ismear": 0, "ispin": 2, "istart": 1, "isym": -1, "kpar": 15, "ldauprint": 2, "ldautype": 2, "lmaxmix": 6, "lorbit": 11, "nbands": 106, "nelm": 299, "npar": 6, "nsw": 0, "inimix": 0, "laechg": true, "lasph": true, "ldau": true, "ldipol": true, "lvtot": false, "dipol": [0.5, 0.5, 0.5], "lreal": "Auto", "ldau_luj": {"Ti": {"L": 2, "U": 3.0, "J": 0.0}, "V": {"L": 2, "U": 3.25, "J": 0.0}, "Cr": {"L": 2, "U": 3.5, "J": 0.0}, "Mn": {"L": 2, "U": 3.75, "J": 0.0}, "Fe": {"L": 2, "U": 4.3, "J": 0.0}, "Co": {"L": 2, "U": 3.32, "J": 0.0}, "Ni": {"L": 2, "U": 6.45, "J": 0.0}, "Cu": {"L": 2, "U": 3.0, "J": 0.0}, "W": {"L": 2, "U": 3.0, "J": 0.0}, "Ce": {"L": 3, "U": 4.5, "J": 0.0}, "O": {"L": -1, "U": 0.0, "J": 0.0}, "C": {"L": -1, "U": 0.0, "J": 0.0}, "Au": {"L": -1, "U": 0.0, "J": 0.0}, "Ir": {"L": -1, "U": 0.0, "J": 0.0}, "H": {"L": -1, "U": 0.0, "J": 0.0}}, "xc": "PBE", "pp": "PBE", "setups": {"base": "minimal"}, "txt": "-", "kpts": [12, 6, 1], "gamma": true, "reciprocal": false, "ignore_constraints": false, "custom": {}},
 "cell": {"array": {"__ndarray__": [[3, 3], "float64", [2.167091879572478, 2.1670918795724776, 0.0, -2.321894231, 2.3218942310000004, -3.2836543118760475, -14.465682692999998, 14.465682693, 20.45756465342636]]}, "__ase_objtype__": "cell"},
 "constraints": [{"name": "FixAtoms", "kwargs": {"indices": [0, 13, 1, 2, 14, 3, 4, 15, 5]}}],
 "ctime": 21.878326052917476,
 "dipole": {"__ndarray__": [[3], "float64", [-0.050024, 0.050024, 0.070745]]},
 "energy": -80.37948994,
 "forces": {"__ndarray__": [[19, 3], "float64", [-0.230673, 2.158983, -0.396925, 2.329542, -2.706889, -1.961957, -1.044254, 0.706484, 1.021996, 1.558827, -2.18087, -1.648453, -1.701356, 1.003915, 2.540383, 1.979201, -2.634508, -1.642175, -1.12898, 0.728752, 2.470271, 1.339029, -2.163016, -2.255685, -1.327826, 0.862514, 1.909604, 1.206681, -2.551056, 0.438116, -1.290863, 1.384167, 0.843792, -2.232472, 0.090756, 6.662317, -1.123555, 1.875895, -3.723975, -0.537799, 1.460068, 1.656098, 0.476105, 0.250089, -1.894499, -0.840856, 1.580378, 0.177794, 0.014776, 0.676223, -1.865948, 0.787066, -0.189501, -1.892871, 1.767406, -0.352385, -0.437885]]},
 "initial_charges": {"__ndarray__": [[19], "float64", [-0.72, -0.95, -0.89, -0.87, -0.87, -0.87, -0.87, -0.89, -0.89, -0.88, -0.85, -0.58, -0.24, 1.66, 1.76, 1.74, 1.76, 1.75, 1.7]]},
 "initial_magmoms": {"__ndarray__": [[19], "float64", [0.556, 0.291, 0.422, 0.428, 0.428, 0.427, 0.432, 0.425, 0.422, 0.414, 0.473, 0.799, 1.251, -0.042, -0.034, -0.039, -0.039, -0.034, -0.067]]},
 "magmom": 7.9999972,
 "magmoms": {"__ndarray__": [[19], "float64", [-0.009, 0.049, 0.064, 0.386, 0.415, 0.111, 0.113, 0.272, 0.209, 0.162, 0.314, 0.641, 0.572, 0.009, 0.014, 0.008, 0.015, 0.004, 0.135]]},
 "mtime": 21.878326052917476,
 "numbers": {"__ndarray__": [[19], "int64", [8, 8, 8, 8, 8, 8, 8, 8, 8, 8, 8, 8, 8, 31, 31, 31, 31, 31, 31]]},
 "pbc": {"__ndarray__": [[3], "bool", [true, true, true]]},
 "positions": {"__ndarray__": [[19, 3], "float64", [-3.8210124471159514, 5.708987552884034, 3.8678740930904056, -5.6524824471159345, 7.540457552884018, 3.8678740930903803, -3.6531939978291423, 7.708267540170883, 5.856483548426746, -5.975088228829124, 10.030161771170867, 5.162918949630129, -6.142907447115906, 8.03088255288399, 7.151529492496621, -7.974377447115998, 9.86235255288408, 7.151529492496746, -5.978516495090343, 10.033590037432084, 9.156646851045913, -8.31748863237461, 12.372562174716354, 8.477261999859541, -8.45881726605574, 10.346792371823824, 10.434431919987208, -10.279826098110277, 12.16780120387836, 10.615471033440476, -8.146570124281467, 12.20164366662321, 12.43943243071938, -8.579026884380733, 12.634100426722476, 14.920165446235568, -10.61379594286714, 12.501771048635224, 12.790848661133342, -3.653203228829183, 7.708276771170924, 3.867874093090477, -4.736748216115913, 6.624723321883996, 7.151528404966423, -5.975093228829115, 10.030166771170856, 7.151522421428847, -7.0544691594878906, 8.942444265255974, 10.476973912456657, -8.282465576909102, 12.337539119250845, 10.445405591171944, -9.331979821147911, 11.219954926915994, 13.798340530668803]]},
 "stress": {"__ndarray__": [[6], "float64", [-0.3824719834533739, -0.407372228209211, -0.2765111438080972, 0.24798954424987701, -0.22892177756086754, -0.14226625020042236]]},
 "unique_id": "f7d44dd1f8bcd2c36b68a62e1f0577a5",
 "user": "bcomer3"},
"ids": [1],
"nextid": 2}
