{"1": {
 "calculator": "vasp",
 "calculator_parameters": {"amix": 0.01, "amix_mag": 0.01, "bmix": 0.0001, "bmix_mag": 0.0001, "encut": 500, "sigma": 0.05, "ediff": 1e-06, "ediffg": -0.02, "algo": "normal", "gga": "PE", "prec": "Normal", "ibrion": -1, "icharg": 11, "idipol": 3, "isif": 2, "ismear": 0, "ispin": 2, "istart": 1, "isym": -1, "kpar": 15, "ldauprint": 2, "ldautype": 2, "lmaxmix": 6, "lorbit": 11, "nbands": 106, "nelm": 299, "npar": 6, "nsw": 0, "inimix": 0, "laechg": true, "lasph": true, "ldau": true, "ldipol": true, "lvtot": false, "dipol": [0.5, 0.5, 0.5], "lreal": "Auto", "ldau_luj": {"Ti": {"L": 2, "U": 3.0, "J": 0.0}, "V": {"L": 2, "U": 3.25, "J": 0.0}, "Cr": {"L": 2, "U": 3.5, "J": 0.0}, "Mn": {"L": 2, "U": 3.75, "J": 0.0}, "Fe": {"L": 2, "U": 4.3, "J": 0.0}, "Co": {"L": 2, "U": 3.32, "J": 0.0}, "Ni": {"L": 2, "U": 6.45, "J": 0.0}, "Cu": {"L": 2, "U": 3.0, "J": 0.0}, "W": {"L": 2, "U": 3.0, "J": 0.0}, "Ce": {"L": 3, "U": 4.5, "J": 0.0}, "O": {"L": -1, "U": 0.0, "J": 0.0}, "C": {"L": -1, "U": 0.0, "J": 0.0}, "Au": {"L": -1, "U": 0.0, "J": 0.0}, "Ir": {"L": -1, "U": 0.0, "J": 0.0}, "H": {"L": -1, "U": 0.0, "J": 0.0}}, "xc": "PBE", "pp": "PBE", "setups": {"base": "minimal"}, "txt": "-", "kpts": [12, 6, 1], "gamma": true, "reciprocal": false, "ignore_constraints": false, "custom": {}},
 "cell": {"array": {"__ndarray__": [[3, 3], "float64", [2.0705355838098614, 2.070535583809861, 0.0, -2.249061696, 2.2490616960000005, -3.180653553097035, -14.247185087999998, 14.247185088, 20.14856237708932]]}, "__ase_objtype__": "cell"},
 "constraints": [{"name": "FixAtoms", "kwargs": {"indices": [0, 13, 1, 2, 14, 3, 4, 15, 5]}}],
 "ctime": 21.878405933832916,
 "dipole": {"__ndarray__": [[3], "float64", [-0.031115, 0.031115, 0.044003]]},
 "energy": -110.17252875,
 "forces": {"__ndarray__": [[19, 3], "float64", [-0.418039, 1.700653, 0.865024, 0.904958, -0.959481, -1.076903, -0.893262, 0.59582, 0.376039, 1.012232, -1.179539, -0.334064, -0.502509, 0.355621, 1.983453, 0.216405, -0.384857, -0.656642, -0.876764, 0.656678, 0.846176, 1.023554, -1.138398, -0.228593, -0.615206, 0.479458, 1.971316, 0.163131, -0.268007, -0.571772, -0.9819, 0.63919, 1.618476, 3.816423, -5.388347, -6.698515, -0.201097, -0.224191, 1.472329, -0.31707, 0.944512, 1.355459, -0.341971, 0.76972, 0.069362, -0.303066, 0.69856, 0.100493, -0.057161, 0.5235, -0.217702, -0.155677, 0.569857, -0.215897, -1.47298, 1.609251, -0.658041]]},
 "initial_charges": {"__ndarray__": [[19], "float64", [-0.99, -1.11, -1.15, -1.15, -1.15, -1.14, -1.14, -1.14, -1.14, -1.14, -1.14, -0.81, -0.3, 2.12, 2.28, 2.29, 2.28, 2.28, 2.24]]},
 "initial_magmoms": {"__ndarray__": [[19], "float64", [-0.0, -0.0, -0.0, 0.0, 0.0, 0.0, 0.001, 0.002, 0.003, 0.022, 0.027, 0.473, 1.149, -0.0, -0.0, -0.0, 0.0, -0.001, -0.038]]},
 "magmom": 1.9976146,
 "magmoms": {"__ndarray__": [[19], "float64", [0.0, 0.0, 0.0, 0.0, 0.0, 0.0, 0.0, 0.002, 0.004, 0.027, 0.043, 0.715, 0.661, 0.0, 0.0, 0.0, 0.0, 0.006, 0.008]]},
 "mtime": 21.878405933832916,
 "numbers": {"__ndarray__": [[19], "int64", [8, 8, 8, 8, 8, 8, 8, 8, 8, 8, 8, 8, 8, 32, 32, 32, 32, 32, 32]]},
 "pbc": {"__ndarray__": [[3], "bool", [true, true, true]]},
 "positions": {"__ndarray__": [[19, 3], "float64", [-3.8210124471159603, 5.708987552884043, 3.867874093090419, -5.560062447115999, 7.448037552884081, 3.86787409309047, -3.6552677838485206, 7.6137788241514395, 5.818833598364964, -5.9043294798485535, 9.862840520151472, 5.0975681409129106, -6.0700724471159235, 7.958047552884006, 7.0485252476812, -7.809122447115959, 9.697097552884042, 7.048525247681248, -5.907566596138006, 9.866077636440924, 9.003541386302704, -8.150201062227845, 12.108712102530765, 8.285481916103084, -8.318514706352962, 10.206489812121045, 10.242301740524724, -10.062248607250812, 11.950223713018895, 10.21000494915183, -8.200801608165989, 12.159312648468909, 12.17130430287635, -10.435022265661807, 14.393533305964727, 11.489063504340262, -10.50878220794648, 12.396757313714563, 13.814992548225947, -3.6552644798485323, 7.613775520151451, 3.8678740930904083, -4.690530751115928, 6.578505856884011, 7.048527646187422, -5.904329479848547, 9.862840520151465, 7.048532318749075, -6.939073690245086, 8.82704879601317, 10.23578007612883, -8.151676569459038, 12.110187609761958, 10.245281686268152, -9.174828993067525, 11.062804098835606, 13.445177592447937]]},
 "stress": {"__ndarray__": [[6], "float64", [-0.2567427802027256, -0.2677529271309662, -0.3124003018781286, -0.006469349175014501, 0.012449857113780698, 0.005073173515627422]]},
 "unique_id": "414aa2bb11b6040e896c5ece8af17d5b",
 "user": "bcomer3"},
"ids": [1],
"nextid": 2}
