{"InO2_100_addO": {"integral": 0.05718999999999999, "max": 3.7684699999999998}, "MoO2_110_addO": {"integral": 7.27484, "max": 12.392280000000001}, "MoO2_100_addO": {"integral": 5.97849, "max": 10.733339999999995}, "PdO2_110_addO": {"integral": 2.63882, "max": 5.88034}, "PdO2_100_addO": {"integral": 2.21932, "max": 5.3700399999999995}, "AgO2_110_addO": {"integral": 1.4018, "max": 5.184750000000001}, "AgO2_100_addO": {"integral": 1.23666, "max": 4.969310000000002}, "RhO2_110_addO": {"integral": 3.9410700000000003, "max": 9.049359999999998}, "RhO2_100_addO": {"integral": 4.505579999999999, "max": 8.433100000000001}, "NbO2_110_addO": {"integral": 7.300660000000001, "max": 14.343430000000001}, "NbO2_100_addO": {"integral": 6.044099999999999, "max": 13.731700000000005}, "RuO2_110_addO": {"integral": 5.6463, "max": 10.99314}, "RuO2_100_addO": {"integral": 5.745750000000001, "max": 10.07816}, "CdO2_110_addO": {"integral": 0.25477, "max": 2.34048}, "CdO2_100_addO": {"integral": 0.0019399999999999999, "max": 0.02617}, "ZrO2_110_addO": {"integral": 1.6600899999999996, "max": 4.38583}, "ZrO2_100_addO": {"integral": 2.1220400000000006, "max": 5.5249299999999995}, "TcO2_110_addO": {"integral": 6.83123, "max": 12.03388}, "TcO2_100_addO": {"integral": 6.4589599999999985, "max": 10.958759999999998}, "SnO2_100_addO": {"integral": 0.12290000000000002, "max": 5.6814800000000005}, "ReO2_110_addO": {"integral": 6.601770000000001, "max": 11.95527}, "ReO2_100_addO": {"integral": 6.21767, "max": 10.86187}, "WO2_110_addO": {"integral": 7.684480000000001, "max": 13.07144}, "WO2_100_addO": {"integral": 6.23551, "max": 11.001070000000002}, "HgO2_110_addO": {"integral": 0.0069099999999999995, "max": 0.6020500000000001}, "HgO2_100_addO": {"integral": 0.9186500000000001, "max": 3.0504699999999993}, "PtO2_110_addO": {"integral": 3.4072899999999997, "max": 8.831269999999998}, "PtO2_100_addO": {"integral": 3.28075, "max": 8.346159999999998}, "IrO2_110_addO": {"integral": 4.412910000000001, "max": 9.9534}, "IrO2_100_addO": {"integral": 4.81109, "max": 8.845739999999997}, "OsO2_110_addO": {"integral": 5.97942, "max": 11.68263}, "OsO2_100_addO": {"integral": 5.755240000000001, "max": 10.24722}, "TaO2_110_addO": {"integral": 7.40161, "max": 12.423530000000001}, "TaO2_100_addO": {"integral": 5.733019999999999, "max": 10.409680000000002}, "HfO2_110_addO": {"integral": 1.7867999999999995, "max": 4.8971}, "HfO2_100_addO": {"integral": 1.63075, "max": 4.5649299999999995}, "PbO2_110_addO": {"integral": 0.11856000000000001, "max": 5.7881}, "PbO2_100_addO": {"integral": 0.06234, "max": 4.87234}, "AuO2_110_addO": {"integral": 2.1454600000000004, "max": 6.796670000000001}, "AuO2_100_addO": {"integral": 1.6426000000000007, "max": 6.5436}, "TlO2_110_addO": {"integral": 0.0015700000000000002, "max": 0.028619999999999986}, "TlO2_100_addO": {"integral": 0.045340000000000005, "max": 4.187520000000001}, "CoO2_110_addO": {"integral": 3.1673099999999996, "max": 7.6114700000000015}, "CoO2_100_addO": {"integral": 2.1701400000000004, "max": 6.6643799999999995}, "GaO2_100_addO": {"integral": 0.08946, "max": 5.413200000000001}, "CrO2_110_addO": {"integral": 5.747250000000001, "max": 9.935210000000001}, "CrO2_100_addO": {"integral": 4.67854, "max": 8.73831}, "FeO2_110_addO": {"integral": 0.9663600000000001, "max": 3.7313899999999998}, "FeO2_100_addO": {"integral": 2.26701, "max": 5.5978400000000015}, "MnO2_110_addO": {"integral": 2.67136, "max": 5.924219999999999}, "MnO2_100_addO": {"integral": 1.8281200000000004, "max": 4.705970000000001}, "VO2_110_addO": {"integral": 6.56958, "max": 10.54293}, "VO2_100_addO": {"integral": 4.755120000000001, "max": 8.335080000000001}, "CuO2_110_addO": {"integral": 0.7359800000000002, "max": 4.0663}, "CuO2_100_addO": {"integral": 0.7993300000000002, "max": 3.51001}, "NiO2_110_addO": {"integral": 1.2666999999999997, "max": 7.146850000000001}, "NiO2_100_addO": {"integral": 1.67108, "max": 5.045840000000001}, "GeO2_110_addO": {"integral": 0.14844000000000002, "max": 7.5142000000000015}, "GeO2_100_addO": {"integral": 0.16268000000000002, "max": 7.455230000000001}, "TiO2_110_addO": {"integral": 1.71092, "max": 4.294909999999999}, "TiO2_100_addO": {"integral": 1.3579999999999997, "max": 3.534359999999999}, "ZnO2_110_addO": {"integral": 0.2523, "max": 2.722140000000001}, "ZnO2_100_addO": {"integral": 0.14959000000000003, "max": 1.8391000000000004}}