{"1": {
 "calculator": "vasp",
 "calculator_parameters": {"amix": 0.05, "amix_mag": 0.05, "bmix": 0.0001, "bmix_mag": 0.0001, "encut": 500, "sigma": 0.05, "ediff": 1e-06, "ediffg": -0.02, "algo": "normal", "gga": "PE", "prec": "Normal", "ibrion": -1, "idipol": 3, "isif": 2, "ismear": 0, "ispin": 2, "istart": 1, "isym": -1, "kpar": 15, "ldauprint": 2, "ldautype": 2, "lmaxmix": 6, "lorbit": 11, "nbands": 116, "nelm": 299, "npar": 6, "nsw": 0, "inimix": 0, "laechg": true, "lasph": true, "ldau": true, "ldipol": true, "lvtot": false, "dipol": [0.5, 0.5, 0.5], "lreal": "Auto", "ldau_luj": {"Ti": {"L": 2, "U": 3.0, "J": 0.0}, "V": {"L": 2, "U": 3.25, "J": 0.0}, "Cr": {"L": 2, "U": 3.5, "J": 0.0}, "Mn": {"L": 2, "U": 3.75, "J": 0.0}, "Fe": {"L": 2, "U": 4.3, "J": 0.0}, "Co": {"L": 2, "U": 3.32, "J": 0.0}, "Ni": {"L": 2, "U": 6.45, "J": 0.0}, "Cu": {"L": 2, "U": 3.0, "J": 0.0}, "W": {"L": 2, "U": 3.0, "J": 0.0}, "Ce": {"L": 3, "U": 4.5, "J": 0.0}, "O": {"L": -1, "U": 0.0, "J": 0.0}, "C": {"L": -1, "U": 0.0, "J": 0.0}, "Au": {"L": -1, "U": 0.0, "J": 0.0}, "Ir": {"L": -1, "U": 0.0, "J": 0.0}, "H": {"L": -1, "U": 0.0, "J": 0.0}}, "xc": "PBE", "pp": "PBE", "setups": {"base": "minimal"}, "txt": "-", "kpts": [12, 6, 1], "gamma": true, "reciprocal": false, "ignore_constraints": false, "custom": {}},
 "cell": {"array": {"__ndarray__": [[3, 3], "float64", [2.0295255082858517, 2.029525508285851, 0.0, -4.268703208354162, 4.268703208354163, 0.0, 0.0, 0.0, 27.073715943]]}, "__ase_objtype__": "cell"},
 "constraints": [{"name": "FixAtoms", "kwargs": {"indices": [0, 1, 2, 17, 18, 3, 4, 5, 6, 19, 20, 7]}}],
 "ctime": 21.664058710577795,
 "dipole": {"__ndarray__": [[3], "float64", [0.0, 0.0, 0.103081]]},
 "energy": -139.30294284,
 "forces": {"__ndarray__": [[25, 3], "float64", [0.024295, -0.022742, 0.347003, -0.267429, 0.297613, -0.975815, 0.254539, -0.252053, -0.973659, 0.027802, -0.041728, 0.031999, 0.029869, -0.03089, 1.034259, -0.03618, 0.037657, 0.029466, 0.026904, -0.024043, 0.009005, 0.007422, -0.032632, 0.099192, 0.005139, 0.037584, 0.004242, -0.004717, 0.01115, -0.005065, 0.015057, -0.035927, 0.022114, 0.009953, 0.004613, -0.038983, 0.010051, 0.004509, 0.047689, -0.064934, 0.03906, -0.007863, 0.052528, -0.059911, -0.040057, -0.012518, 0.016064, 0.121139, -0.005924, 0.019686, -0.070056, -0.008439, 0.004736, 0.438071, -0.008207, 0.00355, -0.372907, -0.008583, 0.002122, 0.050151, -0.009392, 0.000597, 0.279898, -0.009213, 0.003136, -0.005936, -0.010267, 0.004976, 0.007682, -0.00825, 0.00889, 0.033029, -0.009506, 0.003981, -0.064597]]},
 "initial_charges": {"__ndarray__": [[25], "float64", [-0.56, -0.81, -0.81, -0.73, -0.72, -0.75, -0.75, -0.77, -0.73, -0.74, -0.74, -0.74, -0.72, -0.74, -0.73, -0.52, -0.31, 1.41, 1.51, 1.46, 1.52, 1.48, 1.46, 1.53, 1.53]]},
 "initial_magmoms": {"__ndarray__": [[25], "float64", [0.374, 0.15, 0.15, 0.178, 0.216, 0.188, 0.188, 0.211, 0.212, 0.204, 0.204, 0.177, 0.202, 0.202, 0.202, 0.419, 0.963, 1.843, 0.848, 0.565, 0.824, 0.591, 0.565, 0.819, 0.769]]},
 "magmom": 12.372747,
 "magmoms": {"__ndarray__": [[25], "float64", [0.375, 0.151, 0.151, 0.181, 0.219, 0.192, 0.192, 0.216, 0.215, 0.2, 0.2, 0.195, 0.193, 0.165, 0.165, 0.383, 0.887, 1.888, 0.868, 0.551, 0.812, 0.641, 0.575, 0.94, 0.866]]},
 "mtime": 21.664058710577795,
 "numbers": {"__ndarray__": [[25], "int64", [8, 8, 8, 8, 8, 8, 8, 8, 8, 8, 8, 8, 8, 8, 8, 8, 8, 27, 27, 27, 27, 27, 27, 27, 27]]},
 "pbc": {"__ndarray__": [[3], "bool", [true, true, true]]},
 "positions": {"__ndarray__": [[25, 3], "float64", [-1.1525840533340723, 3.2908749596421925, 7.500000000000023, -3.463842116448071, 3.5726057474104875, 8.68491000000003, -0.8708547002854233, 0.97961833124784, 8.68491000000003, -1.1525840533340723, 3.2908749596421925, 9.869829999999943, 0.9817668334831853, 1.1565240728249344, 10.518430000000027, -3.005205587102681, 3.1139692180650975, 11.703340000000033, -1.3294841585630286, 1.4382477895254455, 11.703340000000033, 0.9817668334831853, 1.1565240728249344, 12.888259999999946, -1.1525840533340723, 3.2908749596421925, 13.548429395063538, -3.462873364781817, 3.571636995744234, 14.721286869610037, -0.8718234519516791, 0.9805870829140957, 14.721286869610037, -1.1525840533340723, 3.2908749596421925, 15.926800022022844, 0.9817668334831853, 1.1565240728249344, 16.561772181726916, -3.0074921255664946, 3.1162557565289113, 17.7508238261359, -1.3271976200992133, 1.43596125106163, 17.7508238261359, 0.9817668334831853, 1.1565240728249344, 18.919058481914757, -1.1525840533340723, 3.2908749596421925, 19.53016352796091, 0.9817668334831853, 1.1565240728249344, 8.68491000000003, -2.167347691006924, 2.2761113219693407, 8.68491000000003, -1.1525840533340723, 3.2908749596421925, 11.703340000000033, -0.032996804189666266, 0.14176043515208275, 11.703340000000033, -2.167347691006924, 2.2761113219693407, 14.737127789356766, 0.9817668334831853, 1.1565240728249344, 14.724081922993605, -1.1525840533340723, 3.2908749596421925, 17.882071643870685, -0.032996804189666266, 0.14176043515208275, 17.766064728552177]]},
 "stress": {"__ndarray__": [[6], "float64", [0.0002604456928048566, 0.000741279072844651, -0.005446178584008458, 8.871056920617876e-05, -2.014759145835116e-05, 0.0050211068464993056]]},
 "unique_id": "4023985ea20b8bb87d991ef5a160300f",
 "user": "bcomer3"},
"ids": [1],
"nextid": 2}
