{"1": {
 "calculator": "vasp",
 "calculator_parameters": {"amix": 0.01, "amix_mag": 0.01, "bmix": 0.0001, "bmix_mag": 0.0001, "encut": 500, "sigma": 0.05, "ediff": 1e-06, "ediffg": -0.02, "algo": "normal", "gga": "PE", "prec": "Normal", "ibrion": -1, "icharg": 11, "idipol": 3, "isif": 2, "ismear": 0, "ispin": 2, "istart": 1, "isym": -1, "kpar": 15, "ldauprint": 2, "ldautype": 2, "lmaxmix": 6, "lorbit": 11, "nbands": 130, "nelm": 299, "npar": 6, "nsw": 0, "inimix": 0, "laechg": true, "lasph": true, "ldau": true, "ldipol": true, "lvtot": false, "dipol": [0.5, 0.5, 0.5], "lreal": "Auto", "ldau_luj": {"Ti": {"L": 2, "U": 3.0, "J": 0.0}, "V": {"L": 2, "U": 3.25, "J": 0.0}, "Cr": {"L": 2, "U": 3.5, "J": 0.0}, "Mn": {"L": 2, "U": 3.75, "J": 0.0}, "Fe": {"L": 2, "U": 4.3, "J": 0.0}, "Co": {"L": 2, "U": 3.32, "J": 0.0}, "Ni": {"L": 2, "U": 6.45, "J": 0.0}, "Cu": {"L": 2, "U": 3.0, "J": 0.0}, "W": {"L": 2, "U": 3.0, "J": 0.0}, "Ce": {"L": 3, "U": 4.5, "J": 0.0}, "O": {"L": -1, "U": 0.0, "J": 0.0}, "C": {"L": -1, "U": 0.0, "J": 0.0}, "Au": {"L": -1, "U": 0.0, "J": 0.0}, "Ir": {"L": -1, "U": 0.0, "J": 0.0}, "H": {"L": -1, "U": 0.0, "J": 0.0}}, "xc": "PBE", "pp": "PBE", "setups": {"base": "minimal"}, "txt": "-", "kpts": [12, 6, 1], "gamma": true, "reciprocal": false, "ignore_constraints": false, "custom": {}},
 "cell": {"array": {"__ndarray__": [[3, 3], "float64", [2.2781837381008097, 2.278183738100809, 0.0, -2.429791443, 2.4297914430000005, -3.436244012428693, -14.789374328499997, 14.7893743285, 20.915333754377187]]}, "__ase_objtype__": "cell"},
 "constraints": [{"name": "FixAtoms", "kwargs": {"indices": [0, 1, 2, 3, 4, 5, 13, 14, 15]}}],
 "ctime": 21.878505283991558,
 "dipole": {"__ndarray__": [[3], "float64", [-0.054048, 0.054048, 0.076436]]},
 "energy": -189.6303848,
 "forces": {"__ndarray__": [[19, 3], "float64", [-1.361537, 3.301167, -1.408057, 1.533161, -2.250079, -1.23616, -1.17377, 0.297732, 3.012793, 0.821124, -1.896909, -1.045132, -1.408889, 0.39418, 2.109675, 1.911512, -2.71282, -1.313879, -1.598162, 0.761084, 3.212345, 0.843208, -1.905005, -1.177121, -1.466383, 0.472262, 2.078678, 1.908138, -2.67994, -2.419546, -1.731079, 1.33784, 4.197463, 2.532432, -1.887591, -2.720499, -1.184159, 1.785066, 1.401106, 1.097924, 0.063198, -1.52833, -0.301872, 1.157504, -0.458077, 0.062606, 0.76363, -0.737487, -0.172415, 1.04233, -0.265855, 0.273427, 0.590049, -0.858758, -0.585267, 1.366304, -0.843159]]},
 "magmom": 1.9999996,
 "magmoms": {"__ndarray__": [[19], "float64", [-0.0, 0.0, 0.0, 0.0, 0.0, 0.0, -0.0, 0.0, 0.0, 0.002, -0.001, -0.025, 0.555, -0.0, -0.0, -0.0, -0.0, -0.0, 0.053]]},
 "mtime": 21.878505283991558,
 "numbers": {"__ndarray__": [[19], "int64", [8, 8, 8, 8, 8, 8, 8, 8, 8, 8, 8, 8, 8, 72, 72, 72, 72, 72, 72]]},
 "pbc": {"__ndarray__": [[3], "bool", [true, true, true]]},
 "positions": {"__ndarray__": [[19, 3], "float64", [-3.8210124471159674, 5.70898755288405, 3.867874093090429, -3.821016004115988, 5.70899110988407, 6.544749062135123, -4.165294991166933, 8.331455008833075, 5.206307021723736, -6.058129991166956, 10.224290008833098, 5.206314092791587, -6.250802447115943, 8.138777552884026, 7.304116064808918, -6.250806004115962, 8.138781109884045, 9.980991033853607, -6.600392638602148, 10.76655265626829, 8.635924157146992, -8.49393250031459, 12.660092517980733, 8.651324004526867, -8.699300103416434, 10.587275209184517, 10.748369220701589, -8.66879040350605, 10.556765509274133, 13.424076359242981, -9.013984197565021, 13.180144215231163, 12.229298049399592, -10.889922338495603, 15.056082356161745, 12.122251249763638, -11.786103990513233, 13.674079096281316, 13.95710677297029, -2.6819235481669588, 6.8480835658331, 5.206309062433942, -6.250802447115976, 8.13877755288406, 5.2063140927915645, -5.111713548166932, 9.277873565833074, 8.642551034152428, -8.68861149305683, 10.576586598824914, 8.64274337381727, -7.557459110011404, 11.723619127677546, 12.083601649938789, -11.13461460543535, 13.022589711203434, 12.052040975579619]]},
 "stress": {"__ndarray__": [[6], "float64", [-0.503097336171041, -0.5245890678271967, -0.5202636583123957, -0.0015548036138214008, 0.021960238055671922, 0.014148877037464758]]},
 "unique_id": "f6ecc18b2a0067d856a1a63fc59642fc",
 "user": "bcomer3"},
"ids": [1],
"nextid": 2}
