{"1": {
 "calculator": "vasp",
 "calculator_parameters": {"amix": 0.05, "amix_mag": 0.05, "bmix": 0.0001, "bmix_mag": 0.0001, "encut": 500, "sigma": 0.05, "ediff": 1e-06, "ediffg": -0.02, "algo": "normal", "gga": "PE", "prec": "Normal", "ibrion": -1, "idipol": 3, "isif": 2, "ismear": 0, "ispin": 2, "istart": 1, "isym": -1, "kpar": 15, "ldauprint": 2, "ldautype": 2, "lmaxmix": 6, "lorbit": 11, "nbands": 172, "nelm": 299, "npar": 6, "nsw": 0, "inimix": 0, "laechg": true, "lasph": true, "ldau": true, "ldipol": true, "lvtot": false, "dipol": [0.5, 0.5, 0.5], "lreal": "Auto", "ldau_luj": {"Ti": {"L": 2, "U": 3.0, "J": 0.0}, "V": {"L": 2, "U": 3.25, "J": 0.0}, "Cr": {"L": 2, "U": 3.5, "J": 0.0}, "Mn": {"L": 2, "U": 3.75, "J": 0.0}, "Fe": {"L": 2, "U": 4.3, "J": 0.0}, "Co": {"L": 2, "U": 3.32, "J": 0.0}, "Ni": {"L": 2, "U": 6.45, "J": 0.0}, "Cu": {"L": 2, "U": 3.0, "J": 0.0}, "W": {"L": 2, "U": 3.0, "J": 0.0}, "Ce": {"L": 3, "U": 4.5, "J": 0.0}, "O": {"L": -1, "U": 0.0, "J": 0.0}, "C": {"L": -1, "U": 0.0, "J": 0.0}, "Au": {"L": -1, "U": 0.0, "J": 0.0}, "Ir": {"L": -1, "U": 0.0, "J": 0.0}, "H": {"L": -1, "U": 0.0, "J": 0.0}}, "xc": "PBE", "pp": "PBE", "setups": {"base": "minimal"}, "txt": "-", "kpts": [12, 6, 1], "gamma": true, "reciprocal": false, "ignore_constraints": false, "custom": {}},
 "cell": {"array": {"__ndarray__": [[3, 3], "float64", [1.917004101170383, 1.9170041011703827, 0.0, -4.939782080916709, 4.93978208091671, 0.0, 0.0, 0.0, 28.971813628]]}, "__ase_objtype__": "cell"},
 "constraints": [{"name": "FixAtoms", "kwargs": {"indices": [0, 1, 2, 17, 18, 3, 4, 5, 6, 19, 20, 7]}}],
 "ctime": 21.6646135286818,
 "dipole": {"__ndarray__": [[3], "float64", [0.0, 0.0, -0.00051]]},
 "energy": -213.90224612,
 "forces": {"__ndarray__": [[25, 3], "float64", [-0.000478, 0.005182, 2.473045, -0.01317, 0.001129, -0.348224, 0.002294, -0.013855, -0.353331, 0.022201, 0.017683, 1.019298, 0.011532, 0.006774, -0.455699, 0.011509, -0.006591, -0.027723, -0.002487, 0.003618, -0.018267, -0.01383, -0.013966, -0.065104, 0.008894, -0.002111, 0.124529, -0.019233, -0.016583, 0.018382, -0.012458, -0.028299, 0.015834, 0.004302, 0.017528, -0.032383, 0.006298, 0.010583, 0.118408, -0.02136, 0.014617, 0.045265, 0.004071, -0.025411, 0.056177, -0.006925, -0.016387, 0.110618, 0.004358, 0.004052, 0.000157, 0.001037, 0.004388, -3.502049, 0.001441, 0.004464, 1.589467, 0.001752, 0.004877, -0.390927, 0.001532, 0.005276, -0.023856, 0.001625, 0.004903, -0.046659, 0.002811, 0.006342, -0.07486, 0.002329, 0.006246, -0.063235, 0.001955, 0.00554, -0.168864]]},
 "initial_charges": {"__ndarray__": [[25], "float64", [-0.82, -0.99, -0.99, -0.96, -0.91, -0.98, -0.98, -0.96, -0.97, -0.98, -0.98, -0.97, -0.97, -0.97, -0.97, -0.74, -0.57, 2.08, 1.64, 1.94, 1.95, 1.95, 1.93, 2.14, 2.1]]},
 "initial_magmoms": {"__ndarray__": [[25], "float64", [-0.061, -0.004, -0.004, -0.017, -0.025, -0.005, -0.005, -0.004, 0.001, -0.006, -0.006, -0.007, -0.037, -0.004, -0.004, -0.068, 0.009, -0.366, -0.162, 0.102, -0.159, -0.244, 0.013, -0.01, -0.37]]},
 "magmom": -0.6051561,
 "magmoms": {"__ndarray__": [[25], "float64", [-0.014, -0.005, -0.005, -0.003, -0.006, -0.002, -0.002, 0.001, -0.001, -0.002, -0.002, -0.005, -0.018, -0.003, -0.003, -0.017, 0.002, -0.071, -0.162, 0.016, -0.048, -0.06, -0.064, -0.005, -0.142]]},
 "mtime": 21.6646135286818,
 "numbers": {"__ndarray__": [[25], "int64", [8, 8, 8, 8, 8, 8, 8, 8, 8, 8, 8, 8, 8, 8, 8, 8, 8, 75, 75, 75, 75, 75, 75, 75, 75]]},
 "pbc": {"__ndarray__": [[3], "bool", [true, true, true]]},
 "positions": {"__ndarray__": [[25, 3], "float64", [-1.1525840533340719, 3.290874959642192, 7.4999999999999165, -3.5023728599296944, 3.7236644741006524, 9.025369999999933, -0.7197967917178252, 0.941088405888783, 9.025369999999933, -1.1525840533340719, 3.290874959642192, 10.550749999999972, -3.622472684679626, 5.760763590987746, 10.992949999999928, -3.1896831702211665, 3.4109747843921245, 12.518329999999967, -1.0324794103585044, 1.2537710245294622, 12.518329999999967, -3.622472684679626, 5.760763590987746, 14.043699999999983, -1.1525840533340719, 3.290874959642192, 14.476046261656368, -3.5000787124891506, 3.7213703266601086, 16.004795418064802, -0.7220909391583684, 0.9433825533293261, 16.004795418064802, -1.1525840533340719, 3.290874959642192, 17.525062865529875, -3.622472684679626, 5.760763590987746, 17.962133908936696, -3.172809416093804, 3.394101030264762, 19.446289598666628, -1.0493531644858682, 1.2706447786568258, 19.446289598666628, -3.622472684679626, 5.760763590987746, 20.922443535150112, -1.1525840533340719, 3.290874959642192, 21.34109971659819, -2.111083699402653, 2.332375313573611, 9.025369999999933, -3.622472684679626, 5.760763590987746, 9.025369999999933, -1.1525840533340719, 3.290874959642192, 12.518329999999967, -4.5809723307482075, 4.802263944919164, 12.518329999999967, -2.111083699402653, 2.332375313573611, 16.020351619284032, -3.622472684679626, 5.760763590987746, 16.02907551954233, -1.1525840533340719, 3.290874959642192, 19.618782854963378, -4.5809723307482075, 4.802263944919164, 19.53534686834091]]},
 "stress": {"__ndarray__": [[6], "float64", [0.001312177429570941, 0.0013147239652943012, 0.010994006385641051, 2.147079139303841e-06, 2.103388575422658e-05, 0.0006829209625176427]]},
 "unique_id": "738dbb62585e4557672d939e5a3e6680",
 "user": "bcomer3"},
"ids": [1],
"nextid": 2}
