{"1": {
 "calculator": "vasp",
 "calculator_parameters": {"amix": 0.01, "amix_mag": 0.01, "bmix": 0.0001, "bmix_mag": 0.0001, "encut": 500, "sigma": 0.05, "ediff": 1e-06, "ediffg": -0.02, "algo": "normal", "gga": "PE", "prec": "Normal", "ibrion": -1, "icharg": 11, "idipol": 3, "isif": 2, "ismear": 0, "ispin": 2, "istart": 1, "isym": -1, "kpar": 15, "ldauprint": 2, "ldautype": 2, "lmaxmix": 6, "lorbit": 11, "nbands": 106, "nelm": 299, "npar": 6, "nsw": 0, "inimix": 0, "laechg": true, "lasph": true, "ldau": true, "ldipol": true, "lvtot": false, "dipol": [0.5, 0.5, 0.5], "lreal": "Auto", "ldau_luj": {"Ti": {"L": 2, "U": 3.0, "J": 0.0}, "V": {"L": 2, "U": 3.25, "J": 0.0}, "Cr": {"L": 2, "U": 3.5, "J": 0.0}, "Mn": {"L": 2, "U": 3.75, "J": 0.0}, "Fe": {"L": 2, "U": 4.3, "J": 0.0}, "Co": {"L": 2, "U": 3.32, "J": 0.0}, "Ni": {"L": 2, "U": 6.45, "J": 0.0}, "Cu": {"L": 2, "U": 3.0, "J": 0.0}, "W": {"L": 2, "U": 3.0, "J": 0.0}, "Ce": {"L": 3, "U": 4.5, "J": 0.0}, "O": {"L": -1, "U": 0.0, "J": 0.0}, "C": {"L": -1, "U": 0.0, "J": 0.0}, "Au": {"L": -1, "U": 0.0, "J": 0.0}, "Ir": {"L": -1, "U": 0.0, "J": 0.0}, "H": {"L": -1, "U": 0.0, "J": 0.0}}, "xc": "PBE", "pp": "PBE", "setups": {"base": "minimal"}, "txt": "-", "kpts": [12, 6, 1], "gamma": true, "reciprocal": false, "ignore_constraints": false, "custom": {}},
 "cell": {"array": {"__ndarray__": [[3, 3], "float64", [2.290749463301592, 2.2907494633015917, 0.0, -2.413870435, 2.4138704350000006, -3.4137283069884425, -14.741611305499998, 14.7416113055, 20.847786639470648]]}, "__ase_objtype__": "cell"},
 "constraints": [{"name": "FixAtoms", "kwargs": {"indices": [0, 13, 1, 2, 14, 3, 4, 15, 5]}}],
 "ctime": 21.878469111991016,
 "dipole": {"__ndarray__": [[3], "float64", [-0.05764, 0.05764, 0.081515]]},
 "energy": -110.21640384,
 "forces": {"__ndarray__": [[19, 3], "float64", [-0.292319, 2.728367, 0.522307, 0.871974, -1.407511, -0.578034, -1.069162, 0.248721, 0.871257, 1.210491, -1.586262, -0.465701, -0.800558, 0.41984, 2.511684, 0.102548, -0.889507, -0.417446, -1.060514, 0.280046, 1.2382, 1.233802, -1.64809, -0.502066, -0.874249, 0.506139, 2.525992, 0.31081, -0.886748, -0.398077, -1.03767, 0.455494, 1.764073, 2.976662, -5.272286, -7.042968, -0.022652, 0.135123, 0.305392, -0.231691, 1.476225, 0.927021, -0.198879, 1.038513, -0.075375, -0.249399, 1.051266, 0.006252, 0.013401, 0.791588, -0.353673, -0.087797, 0.933186, -0.186542, -0.794798, 1.625897, -0.652297]]},
 "initial_charges": {"__ndarray__": [[19], "float64", [-0.99, -1.11, -1.17, -1.14, -1.14, -1.14, -1.14, -1.14, -1.14, -1.14, -1.13, -0.81, -0.29, 2.14, 2.28, 2.28, 2.28, 2.28, 2.24]]},
 "initial_magmoms": {"__ndarray__": [[19], "float64", [-0.0, -0.0, -0.0, 0.0, -0.0, 0.0, 0.0, 0.002, 0.001, 0.019, 0.008, 0.474, 1.15, -0.0, -0.0, -0.0, 0.0, -0.001, -0.05]]},
 "magmom": 2.0000006,
 "magmoms": {"__ndarray__": [[19], "float64", [-0.0, -0.0, 0.0, 0.0, 0.0, 0.0, 0.0, 0.001, 0.003, 0.024, 0.033, 0.581, 0.586, -0.0, -0.0, 0.0, 0.0, 0.008, 0.032]]},
 "mtime": 21.878469111991016,
 "numbers": {"__ndarray__": [[19], "int64", [8, 8, 8, 8, 8, 8, 8, 8, 8, 8, 8, 8, 8, 50, 50, 50, 50, 50, 50]]},
 "pbc": {"__ndarray__": [[3], "bool", [true, true, true]]},
 "positions": {"__ndarray__": [[19, 3], "float64", [-3.8210124471159133, 5.708987552883996, 3.8678740930903523, -5.687802447115967, 7.575777552884049, 3.8678740930904425, -3.609035447949942, 7.787753682049963, 5.96158253202754, -6.022905882949988, 10.20162411705001, 5.187893961141665, -6.234882447116002, 8.122857552884085, 7.28160178489602, -8.101672447115954, 9.989647552884037, 7.281601784895969, -6.014154619779179, 10.192872853879198, 9.38152927625343, -8.441884502548096, 12.620602736648117, 8.61139994335085, -8.654652331025657, 10.54262743679374, 10.714486664169172, -10.530969045394027, 12.41894415116211, 10.67121408338574, -8.519325179631194, 12.698043413731217, 12.780599274173978, -10.931853119512722, 15.110571353612745, 12.033056630738052, -11.029394835357696, 12.917369941125779, 14.691490985427922, -3.6090308829500395, 7.78774911705006, 3.867874093090472, -4.754402012115993, 6.642377117884076, 7.281602400078907, -6.022900882950024, 10.201619117050043, 7.281601784895994, -7.171115853706638, 9.059090959474721, 10.700365298294528, -8.445257105648857, 12.623975339748878, 10.705021280392566, -9.587402126890934, 11.475377232659017, 14.138581016489304]]},
 "stress": {"__ndarray__": [[6], "float64", [-0.28924584467385583, -0.3141350918906131, -0.3447016594988377, 0.0031803297675481847, 0.010759581544382002, 0.00927193032724598]]},
 "unique_id": "c11ac68712b58940505391e08957b181",
 "user": "bcomer3"},
"ids": [1],
"nextid": 2}
