{"1": {
 "calculator": "vasp",
 "calculator_parameters": {"amix": 0.01, "amix_mag": 0.01, "bmix": 0.0001, "bmix_mag": 0.0001, "encut": 500, "sigma": 0.05, "ediff": 1e-06, "ediffg": -0.02, "algo": "normal", "gga": "PE", "prec": "Normal", "ibrion": -1, "icharg": 11, "idipol": 3, "isif": 2, "ismear": 0, "ispin": 2, "istart": 1, "isym": -1, "kpar": 15, "ldauprint": 2, "ldautype": 2, "lmaxmix": 6, "lorbit": 11, "nbands": 130, "nelm": 299, "npar": 6, "nsw": 0, "inimix": 0, "laechg": true, "lasph": true, "ldau": true, "ldipol": true, "lvtot": false, "dipol": [0.5, 0.5, 0.5], "lreal": "Auto", "ldau_luj": {"Ti": {"L": 2, "U": 3.0, "J": 0.0}, "V": {"L": 2, "U": 3.25, "J": 0.0}, "Cr": {"L": 2, "U": 3.5, "J": 0.0}, "Mn": {"L": 2, "U": 3.75, "J": 0.0}, "Fe": {"L": 2, "U": 4.3, "J": 0.0}, "Co": {"L": 2, "U": 3.32, "J": 0.0}, "Ni": {"L": 2, "U": 6.45, "J": 0.0}, "Cu": {"L": 2, "U": 3.0, "J": 0.0}, "W": {"L": 2, "U": 3.0, "J": 0.0}, "Ce": {"L": 3, "U": 4.5, "J": 0.0}, "O": {"L": -1, "U": 0.0, "J": 0.0}, "C": {"L": -1, "U": 0.0, "J": 0.0}, "Au": {"L": -1, "U": 0.0, "J": 0.0}, "Ir": {"L": -1, "U": 0.0, "J": 0.0}, "H": {"L": -1, "U": 0.0, "J": 0.0}}, "xc": "PBE", "pp": "PBE", "setups": {"base": "minimal"}, "txt": "-", "kpts": [12, 6, 1], "gamma": true, "reciprocal": false, "ignore_constraints": false, "custom": {}},
 "cell": {"array": {"__ndarray__": [[3, 3], "float64", [2.2800383158461957, 2.280038315846195, 0.0, -2.2922929755, 2.2922929755000006, -3.2417918148846767, -14.376878926999996, 14.376878926999998, 20.33197716315935]]}, "__ase_objtype__": "cell"},
 "constraints": [{"name": "FixAtoms", "kwargs": {"indices": [0, 1, 2, 3, 4, 5, 13, 14, 15]}}],
 "ctime": 21.878514832136794,
 "dipole": {"__ndarray__": [[3], "float64", [-0.032035, 0.032035, 0.045304]]},
 "energy": -136.66202082,
 "forces": {"__ndarray__": [[19, 3], "float64", [1.769643, 0.843633, 1.615087, 0.136804, -0.15057, -1.175458, -0.787835, 0.991939, 0.068152, 1.522644, -1.110819, 0.022682, -0.159971, 0.426941, 2.443533, -0.694714, 0.574463, -0.749502, -0.360594, 0.09493, 0.591475, 0.13634, -0.099819, 0.609162, 0.068838, -0.01727, 0.804297, -0.58116, 0.503836, -0.29587, -0.539262, 0.475817, 0.513979, 0.644649, -10.588644, -4.681519, -2.003133, 1.02308, 0.087686, 0.325374, 1.806426, 0.133386, 0.78274, 0.843434, -0.664087, -0.111417, 1.483569, 0.717327, -0.2619, 0.690295, -0.456896, -0.018304, 0.341573, -0.310207, 0.131256, 1.867186, 0.726772]]},
 "initial_charges": {"__ndarray__": [[19], "float64", [-0.64, -0.76, -0.7, -0.75, -0.76, -0.77, -0.74, -0.74, -0.75, -0.76, -0.74, -0.59, -0.33, 1.36, 1.51, 1.51, 1.49, 1.5, 1.65]]},
 "initial_magmoms": {"__ndarray__": [[19], "float64", [0.02, 0.006, 0.002, 0.0, 0.002, 0.002, -0.002, -0.003, 0.004, -0.064, -0.032, -0.192, -0.835, 0.02, 0.01, 0.024, 0.0, -0.026, -0.518]]},
 "magmom": -1.839407,
 "magmoms": {"__ndarray__": [[19], "float64", [-0.001, -0.0, 0.0, -0.001, -0.001, -0.001, -0.0, 0.002, -0.0, 0.007, 0.007, -0.131, -0.024, 0.0, -0.001, -0.001, 0.001, 0.004, -0.05]]},
 "mtime": 21.878514832136794,
 "numbers": {"__ndarray__": [[19], "int64", [8, 8, 8, 8, 8, 8, 8, 8, 8, 8, 8, 8, 8, 78, 78, 78, 78, 78, 78]]},
 "pbc": {"__ndarray__": [[3], "bool", [true, true, true]]},
 "positions": {"__ndarray__": [[19, 3], "float64", [-3.8210124471159097, 5.708987552883992, 3.8678740930903475, -5.571402447115968, 7.4593775528840505, 3.8678740930904194, -3.5561857057835318, 7.724198343216398, 5.871953269253919, -5.8484786812835825, 10.016491318716449, 5.105586731811567, -6.113307447115908, 8.00128255288399, 7.10966877105038, -7.863697447115966, 9.751672552884047, 7.109668771050451, -5.681005705783509, 9.849018343216375, 9.099443177030546, -6.068360705783604, 10.23637334321647, 11.523228446242824, -8.417872447116006, 10.305847552884087, 9.986949903308869, -10.142167447115986, 12.030142552884069, 10.49068570315836, -7.953020705783537, 12.121033343216403, 12.280412529672931, -10.414723681283556, 14.582736318716425, 11.474052032686604, -10.582847447115997, 12.47082255288408, 13.353138806215256, -3.556193681283578, 7.724206318716444, 3.8678740930904465, -4.696209471615981, 6.584184577384063, 7.109665907975145, -5.848483681283602, 10.016496318716468, 7.109661699982704, -7.005264471615984, 8.893239577384067, 10.308369498689675, -8.140678681283607, 12.308691318716473, 10.286374269802343, -9.300154471615969, 11.188129577384052, 13.511534933193436]]},
 "stress": {"__ndarray__": [[6], "float64", [0.16022818999307173, 0.15489005817354143, 0.22848059024679535, 0.010766646932712502, -0.013289358815739373, -0.10247173617976188]]},
 "unique_id": "daf61ecac659c14fa48a894c4aee7832",
 "user": "bcomer3"},
"ids": [1],
"nextid": 2}
