{"1": {
 "calculator": "vasp",
 "calculator_parameters": {"amix": 0.05, "amix_mag": 0.05, "bmix": 0.0001, "bmix_mag": 0.0001, "encut": 500, "sigma": 0.05, "ediff": 1e-06, "ediffg": -0.02, "algo": "normal", "gga": "PE", "prec": "Normal", "ibrion": -1, "idipol": 3, "isif": 2, "ismear": 0, "ispin": 2, "istart": 1, "isym": -1, "kpar": 15, "ldauprint": 2, "ldautype": 2, "lmaxmix": 6, "lorbit": 11, "nbands": 140, "nelm": 299, "npar": 6, "nsw": 0, "inimix": 0, "laechg": true, "lasph": true, "ldau": true, "ldipol": true, "lvtot": false, "dipol": [0.5, 0.5, 0.5], "lreal": "Auto", "ldau_luj": {"Ti": {"L": 2, "U": 3.0, "J": 0.0}, "V": {"L": 2, "U": 3.25, "J": 0.0}, "Cr": {"L": 2, "U": 3.5, "J": 0.0}, "Mn": {"L": 2, "U": 3.75, "J": 0.0}, "Fe": {"L": 2, "U": 4.3, "J": 0.0}, "Co": {"L": 2, "U": 3.32, "J": 0.0}, "Ni": {"L": 2, "U": 6.45, "J": 0.0}, "Cu": {"L": 2, "U": 3.0, "J": 0.0}, "W": {"L": 2, "U": 3.0, "J": 0.0}, "Ce": {"L": 3, "U": 4.5, "J": 0.0}, "O": {"L": -1, "U": 0.0, "J": 0.0}, "C": {"L": -1, "U": 0.0, "J": 0.0}, "Au": {"L": -1, "U": 0.0, "J": 0.0}, "Ir": {"L": -1, "U": 0.0, "J": 0.0}, "H": {"L": -1, "U": 0.0, "J": 0.0}}, "xc": "PBE", "pp": "PBE", "setups": {"base": "minimal"}, "txt": "-", "kpts": [12, 6, 1], "gamma": true, "reciprocal": false, "ignore_constraints": false, "custom": {}},
 "cell": {"array": {"__ndarray__": [[3, 3], "float64", [2.0705355838098614, 2.070535583809861, 0.0, -4.498123391862771, 4.498123391862772, 0.0, 0.0, 0.0, 27.722614212000003]]}, "__ase_objtype__": "cell"},
 "constraints": [{"name": "FixAtoms", "kwargs": {"indices": [0, 1, 2, 17, 18, 3, 4, 5, 6, 19, 20, 7]}}],
 "ctime": 21.664106973275242,
 "dipole": {"__ndarray__": [[3], "float64", [0.0, 0.0, 0.156796]]},
 "energy": -153.71246379,
 "forces": {"__ndarray__": [[25, 3], "float64", [-0.008717, 0.001321, 1.099244, -1.061799, 1.070964, -1.082158, 1.051668, -1.077014, -1.079764, -0.005708, -0.020206, 1.192408, -0.001141, -0.005369, -0.891925, -0.094469, 0.088242, -0.141496, 0.107468, -0.094758, -0.138382, 0.014675, 0.026592, -0.208236, 0.028163, 0.018139, -0.019308, 0.02264, 0.015668, -0.016644, 0.027443, 0.010293, -0.015852, -0.002495, 0.001736, -0.044563, 0.004468, -0.002444, 0.016316, 0.012964, -0.024727, -0.011302, -0.032774, -0.007664, -0.006047, 0.003061, -0.003507, -0.006716, -0.001639, -0.009688, -0.046723, -0.004244, 0.016513, 3.058088, -0.000432, 0.008388, -2.780391, -0.001167, -0.005623, 0.155933, -0.0081, -0.017024, 0.894117, -0.024674, -0.006388, 0.025707, 0.003524, 0.010373, 0.016016, -0.009764, 0.013391, 0.034187, -0.01895, -0.007209, -0.002508]]},
 "initial_charges": {"__ndarray__": [[25], "float64", [-1.05, -1.08, -1.08, -1.13, -1.15, -1.15, -1.15, -1.14, -1.13, -1.14, -1.14, -1.16, -1.17, -1.09, -1.09, -0.87, -0.32, 2.13, 2.25, 2.24, 2.29, 2.29, 2.3, 2.27, 2.26]]},
 "initial_magmoms": {"__ndarray__": [[25], "float64", [0.017, 0.001, 0.001, 0.0, 0.0, 0.0, 0.0, 0.0, 0.002, 0.003, 0.003, 0.014, 0.03, 0.099, 0.099, 0.294, 1.101, -0.001, -0.001, -0.0, -0.0, -0.0, -0.001, -0.028, -0.015]]},
 "magmom": 1.8793925,
 "magmoms": {"__ndarray__": [[25], "float64", [-0.04, -0.003, -0.003, -0.0, -0.0, 0.0, 0.0, 0.001, 0.003, 0.007, 0.007, 0.017, 0.05, 0.102, 0.102, 0.213, 1.113, 0.001, 0.002, 0.0, 0.0, -0.001, -0.002, -0.029, -0.013]]},
 "mtime": 21.664106973275242,
 "numbers": {"__ndarray__": [[25], "int64", [8, 8, 8, 8, 8, 8, 8, 8, 8, 8, 8, 8, 8, 8, 8, 8, 8, 32, 32, 32, 32, 32, 32, 32, 32]]},
 "pbc": {"__ndarray__": [[3], "bool", [true, true, true]]},
 "positions": {"__ndarray__": [[25, 3], "float64", [-1.1525840533340723, 3.2908749596421925, 7.499999999999964, -3.567388715700212, 3.6351443889234467, 8.729690000000039, -0.8083095993520236, 0.8760652725752578, 8.729690000000039, -1.1525840533340723, 3.2908749596421925, 9.959379999999921, -3.40164323691506, 5.539934143223181, 10.680649999999915, -3.0573738076338066, 3.1251294808570407, 11.910339999999994, -1.3183315784862442, 1.3860872517094784, 11.910339999999994, -3.40164323691506, 5.539934143223181, 13.140030000000067, -1.1525840533340723, 3.2908749596421925, 13.858940553012744, -3.562613695205033, 3.630369368428267, 15.079328257167695, -0.8130846198472009, 0.8808402930704351, 15.079328257167695, -1.1525840533340723, 3.2908749596421925, 16.33180643208873, -3.40164323691506, 5.539934143223181, 17.037334872162933, -3.0568989868089975, 3.1246546600322316, 18.283550506541744, -1.3188063993110533, 1.3865620725342875, 18.283550506541744, -3.40164323691506, 5.539934143223181, 19.52220166429496, -1.1525840533340723, 3.2908749596421925, 20.209123476983862, -3.40164323691506, 5.539934143223181, 8.729690000000039, -2.1878516698765154, 2.2556073430997494, 8.729690000000039, -1.1525840533340723, 3.2908749596421925, 11.910339999999994, -4.436910853457503, 4.5046665266807375, 11.910339999999994, -2.1878516698765154, 2.2556073430997494, 15.090151726571484, -3.40164323691506, 5.539934143223181, 15.129431570862085, -1.1525840533340723, 3.2908749596421925, 18.27909541943536, -4.436910853457503, 4.5046665266807375, 18.36258956004344]]},
 "stress": {"__ndarray__": [[6], "float64", [-0.0011575690070136867, -0.0006501655226250071, 0.001964983110556197, 4.456437515880646e-06, -2.2094942305626736e-06, 0.009596875775357713]]},
 "unique_id": "7523ee2a62ace7297dc84058c36cf58e",
 "user": "bcomer3"},
"ids": [1],
"nextid": 2}
