{"1": {
 "calculator": "vasp",
 "calculator_parameters": {"amix": 0.01, "amix_mag": 0.01, "bmix": 0.0001, "bmix_mag": 0.0001, "encut": 500, "sigma": 0.05, "ediff": 1e-06, "ediffg": -0.02, "algo": "normal", "gga": "PE", "prec": "Normal", "ibrion": -1, "icharg": 11, "idipol": 3, "isif": 2, "ismear": 0, "ispin": 2, "istart": 1, "isym": -1, "kpar": 15, "ldauprint": 2, "ldautype": 2, "lmaxmix": 6, "lorbit": 11, "nbands": 148, "nelm": 299, "npar": 6, "nsw": 0, "inimix": 0, "laechg": true, "lasph": true, "ldau": true, "ldipol": true, "lvtot": false, "dipol": [0.5, 0.5, 0.5], "lreal": "Auto", "ldau_luj": {"Ti": {"L": 2, "U": 3.0, "J": 0.0}, "V": {"L": 2, "U": 3.25, "J": 0.0}, "Cr": {"L": 2, "U": 3.5, "J": 0.0}, "Mn": {"L": 2, "U": 3.75, "J": 0.0}, "Fe": {"L": 2, "U": 4.3, "J": 0.0}, "Co": {"L": 2, "U": 3.32, "J": 0.0}, "Ni": {"L": 2, "U": 6.45, "J": 0.0}, "Cu": {"L": 2, "U": 3.0, "J": 0.0}, "W": {"L": 2, "U": 3.0, "J": 0.0}, "Ce": {"L": 3, "U": 4.5, "J": 0.0}, "O": {"L": -1, "U": 0.0, "J": 0.0}, "C": {"L": -1, "U": 0.0, "J": 0.0}, "Au": {"L": -1, "U": 0.0, "J": 0.0}, "Ir": {"L": -1, "U": 0.0, "J": 0.0}, "H": {"L": -1, "U": 0.0, "J": 0.0}}, "xc": "PBE", "pp": "PBE", "setups": {"base": "minimal"}, "txt": "-", "kpts": [12, 6, 1], "gamma": true, "reciprocal": false, "ignore_constraints": false, "custom": {}},
 "cell": {"array": {"__ndarray__": [[3, 3], "float64", [2.537936783025355, 2.537936783025355, 0.0, -2.6542065185, 2.6542065185000006, -3.753614855801775, -15.462619554999998, 15.462619555, 21.867446284496435]]}, "__ase_objtype__": "cell"},
 "constraints": [{"name": "FixAtoms", "kwargs": {"indices": [0, 1, 2, 3, 4, 5, 13, 14, 15]}}],
 "ctime": 21.87857258463991,
 "dipole": {"__ndarray__": [[3], "float64", [-0.061761, 0.061761, 0.087343]]},
 "energy": -41.92003874,
 "forces": {"__ndarray__": [[19, 3], "float64", [-0.037577, 2.244977, -1.302593, 2.863376, -4.870907, -1.525218, -1.377786, 0.422228, 3.538534, 0.107545, -1.421892, -0.838323, -1.50095, 0.030379, 1.461115, 2.374309, -4.23273, -1.105692, -1.802642, 0.083849, 4.821801, 0.150581, -1.824955, -0.392762, -1.314125, 0.82416, 0.652871, 2.102951, -4.175345, -2.97176, -0.590919, 1.002563, 3.150362, 1.193115, -1.281912, 1.615345, -0.439371, 3.623862, 3.674166, -1.000274, 2.39709, -1.116799, -0.06281, 1.27663, -1.275973, -0.452434, 1.772963, -0.916235, -0.327578, 1.679878, -1.377966, 0.068031, 1.259109, -0.660409, 0.046559, 1.190055, -5.430465]]},
 "initial_charges": {"__ndarray__": [[19], "float64", [-0.51, -0.66, -0.64, -0.63, -0.63, -0.64, -0.62, -0.62, -0.66, -0.66, -0.62, -0.39, -0.12, 1.19, 1.26, 1.25, 1.25, 1.24, 1.22]]},
 "initial_magmoms": {"__ndarray__": [[19], "float64", [-0.571, -0.292, -0.435, -0.432, -0.439, -0.403, -0.445, -0.457, -0.343, -0.338, -0.482, -0.859, -1.359, 0.055, 0.036, 0.039, 0.037, 0.029, 0.079]]},
 "magmom": -8.0217195,
 "magmoms": {"__ndarray__": [[19], "float64", [0.015, 0.023, -0.035, -0.28, -0.276, -0.088, -0.069, -0.125, -0.371, -0.038, -0.019, -0.656, -0.691, -0.033, -0.051, -0.055, -0.036, -0.06, -0.074]]},
 "mtime": 21.87857258463991,
 "numbers": {"__ndarray__": [[19], "int64", [8, 8, 8, 8, 8, 8, 8, 8, 8, 8, 8, 8, 8, 81, 81, 81, 81, 81, 81]]},
 "pbc": {"__ndarray__": [[3], "bool", [true, true, true]]},
 "positions": {"__ndarray__": [[19, 3], "float64", [-3.8210124471159674, 5.70898755288405, 3.867874093090429, -6.475217447115998, 8.363192552884081, 2.985468469779984, -4.19112568866643, 8.617034311333656, 5.303484706662283, -6.221380688666354, 10.647289311333582, 5.303477635594367, -6.475217447115935, 8.363192552884017, 7.621486801408864, -9.129422447115966, 11.017397552884049, 6.739081178098419, -6.848367759233014, 11.27427638190024, 9.053197335804702, -8.890194675737568, 13.316103298404796, 9.143186998109819, -9.200362998869497, 11.08833810463758, 11.327787747865354, -9.142228731249666, 11.03020383701775, 14.157201298814226, -9.519519037362235, 13.945427660029463, 13.073352992336595, -11.436322928812217, 15.862231551479445, 13.179765480404093, -11.712739848676916, 13.600714954445, 14.985225959210535, -2.552049170166415, 6.9779577928336405, 5.303479783077727, -6.475217447115921, 8.363192552884005, 5.303477635594334, -5.206254170166382, 9.632162792833608, 9.057092491396164, -9.137158335270708, 11.02513344103879, 9.033065559201233, -7.87433336824518, 12.300241990912408, 12.718030865793795, -11.756378498013932, 13.644353603782015, 12.640632655650688]]},
 "stress": {"__ndarray__": [[6], "float64", [-0.44742906661692317, -0.5049588912338722, -0.3811132381242147, 0.20668220700577583, -0.18178842221188402, -0.125311215625997]]},
 "unique_id": "bc64cc2356af73203936dd0358478f59",
 "user": "bcomer3"},
"ids": [1],
"nextid": 2}
