{"1": {
 "calculator": "vasp",
 "calculator_parameters": {"amix": 0.05, "amix_mag": 0.05, "bmix": 0.0001, "bmix_mag": 0.0001, "encut": 500, "sigma": 0.05, "ediff": 1e-06, "ediffg": -0.02, "algo": "normal", "gga": "PE", "prec": "Normal", "ibrion": -1, "idipol": 3, "isif": 2, "ismear": 0, "ispin": 2, "istart": 1, "isym": -1, "kpar": 15, "ldauprint": 2, "ldautype": 2, "lmaxmix": 6, "lorbit": 11, "nbands": 116, "nelm": 299, "npar": 6, "nsw": 0, "inimix": 0, "laechg": true, "lasph": true, "ldau": true, "ldipol": true, "lvtot": false, "dipol": [0.5, 0.5, 0.5], "lreal": "Auto", "ldau_luj": {"Ti": {"L": 2, "U": 3.0, "J": 0.0}, "V": {"L": 2, "U": 3.25, "J": 0.0}, "Cr": {"L": 2, "U": 3.5, "J": 0.0}, "Mn": {"L": 2, "U": 3.75, "J": 0.0}, "Fe": {"L": 2, "U": 4.3, "J": 0.0}, "Co": {"L": 2, "U": 3.32, "J": 0.0}, "Ni": {"L": 2, "U": 6.45, "J": 0.0}, "Cu": {"L": 2, "U": 3.0, "J": 0.0}, "W": {"L": 2, "U": 3.0, "J": 0.0}, "Ce": {"L": 3, "U": 4.5, "J": 0.0}, "O": {"L": -1, "U": 0.0, "J": 0.0}, "C": {"L": -1, "U": 0.0, "J": 0.0}, "Au": {"L": -1, "U": 0.0, "J": 0.0}, "Ir": {"L": -1, "U": 0.0, "J": 0.0}, "H": {"L": -1, "U": 0.0, "J": 0.0}}, "xc": "PBE", "pp": "PBE", "setups": {"base": "minimal"}, "txt": "-", "kpts": [12, 6, 1], "gamma": true, "reciprocal": false, "ignore_constraints": false, "custom": {}},
 "cell": {"array": {"__ndarray__": [[3, 3], "float64", [2.152058326956617, 2.1520583269566167, 0.0, -4.65587331304557, 4.6558733130455705, 0.0, 0.0, 0.0, 28.168798368000004]]}, "__ase_objtype__": "cell"},
 "constraints": [{"name": "FixAtoms", "kwargs": {"indices": [0, 1, 2, 17, 18, 3, 4, 5, 6, 19, 20, 7]}}],
 "ctime": 21.664107806034085,
 "dipole": {"__ndarray__": [[3], "float64", [0.0, 0.0, 0.091379]]},
 "energy": -96.36866603,
 "forces": {"__ndarray__": [[25, 3], "float64", [-0.006766, -0.029195, -0.574831, -0.017849, 0.035934, -0.526721, 0.001857, -0.008934, -0.533624, -0.000638, -0.026636, 0.493593, 0.012053, -0.013926, -0.209619, -0.459306, 0.475355, 0.036813, 0.43624, -0.450207, -0.000163, -0.020353, 0.014894, 0.822874, -0.019819, 0.014618, 0.02722, -0.006751, 0.019799, -0.026664, 0.025379, -0.037649, -0.017049, 0.002703, 0.005781, 0.030028, 0.012003, -0.013902, 0.006862, 0.014951, -0.023253, -0.012061, 0.013767, -0.01446, -0.012835, -0.04378, 0.043558, 0.015415, 0.001285, 0.005853, -0.003987, 0.009072, -0.004002, 0.065181, 0.008581, -0.003544, 0.414014, 0.004945, 0.002534, -0.001215, 0.005576, 0.002538, -0.030446, 0.008046, -0.000887, 0.003166, 0.006463, 0.002381, 4e-06, 0.004412, 0.003012, 0.008924, 0.007931, 0.000338, 0.025122]]},
 "initial_charges": {"__ndarray__": [[25], "float64", [-0.53, -0.78, -0.78, -0.7, -0.71, -0.69, -0.69, -0.73, -0.7, -0.7, -0.7, -0.72, -0.73, -0.69, -0.69, -0.49, -0.19, 1.41, 1.39, 1.39, 1.4, 1.41, 1.44, 1.41, 1.4]]},
 "initial_magmoms": {"__ndarray__": [[25], "float64", [0.976, 0.518, 0.518, 0.768, 0.791, 0.779, 0.779, 0.777, 0.772, 0.77, 0.77, 0.768, 0.771, 0.792, 0.792, 1.019, 1.364, 0.176, 0.097, 0.194, 0.194, 0.192, 0.195, 0.21, 0.193]]},
 "magmom": 17.211091,
 "magmoms": {"__ndarray__": [[25], "float64", [0.97, 0.404, 0.404, 0.753, 0.786, 0.785, 0.785, 0.787, 0.828, 0.739, 0.739, 0.669, 0.765, 0.802, 0.802, 1.098, 1.433, 0.165, 0.059, 0.193, 0.195, 0.171, 0.164, 0.186, 0.183]]},
 "mtime": 21.664107806034085,
 "numbers": {"__ndarray__": [[25], "int64", [8, 8, 8, 8, 8, 8, 8, 8, 8, 8, 8, 8, 8, 8, 8, 8, 8, 30, 30, 30, 30, 30, 30, 30, 30]]},
 "pbc": {"__ndarray__": [[3], "bool", [true, true, true]]},
 "positions": {"__ndarray__": [[25, 3], "float64", [-1.1525840533340723, 3.2908749596421925, 7.5000000000000515, -1.5448373980616767, 5.835193650775433, 8.71572999999996, 1.3917340608000295, 2.8986221919137263, 8.71572999999996, -1.1525840533340723, 3.2908749596421925, 9.931460000000072, -3.4805209983564094, 5.61881190466453, 10.792199999999948, -0.9362023072231689, 5.226558559936924, 12.00793000000006, 0.7830989699615218, 3.5072572827522337, 12.00793000000006, -3.4805209983564094, 5.61881190466453, 13.223659999999974, -1.1525840533340723, 3.2908749596421925, 14.06606486864176, -1.505586259867786, 5.795942512581542, 15.35892357630301, 1.3524829226061386, 2.937873330107617, 15.35892357630301, -1.1525840533340723, 3.2908749596421925, 16.69711726069234, -3.4805209983564094, 5.61881190466453, 17.482378652639447, -0.9821742318983646, 5.272530484612121, 18.96109991885412, 0.8290708946367156, 3.46128535807704, 18.96109991885412, -3.4805209983564094, 5.61881190466453, 20.071528928136306, -1.1525840533340723, 3.2908749596421925, 20.627141902012973, -0.07655138013125429, 4.36690763284501, 8.71572999999996, -3.4805209983564094, 5.61881190466453, 8.71572999999996, -1.1525840533340723, 3.2908749596421925, 12.00793000000006, -2.4044883251535913, 6.6948445778673475, 12.00793000000006, -0.07655138013125429, 4.36690763284501, 15.394857534449983, -3.4805209983564094, 5.61881190466453, 15.363740996930433, -1.1525840533340723, 3.2908749596421925, 18.637648078772365, -2.4044883251535913, 6.6948445778673475, 18.761557268623285]]},
 "stress": {"__ndarray__": [[6], "float64", [-0.012668484695442137, -0.012345399217049916, -0.007376209243459709, 4.0214043298065835e-05, 1.1365788118233413e-05, -0.004929150692547667]]},
 "unique_id": "192188f829cb5dab1208d838350fddb2",
 "user": "bcomer3"},
"ids": [1],
"nextid": 2}
