{"1": {
 "calculator": "vasp",
 "calculator_parameters": {"amix": 0.01, "amix_mag": 0.01, "bmix": 0.0001, "bmix_mag": 0.0001, "encut": 500, "sigma": 0.05, "ediff": 1e-06, "ediffg": -0.02, "algo": "normal", "gga": "PE", "prec": "Normal", "ibrion": -1, "icharg": 11, "idipol": 3, "isif": 2, "ismear": 0, "ispin": 2, "istart": 1, "isym": -1, "kpar": 15, "ldauprint": 2, "ldautype": 2, "lmaxmix": 6, "lorbit": 11, "nbands": 88, "nelm": 299, "npar": 6, "nsw": 0, "inimix": 0, "laechg": true, "lasph": true, "ldau": true, "ldipol": true, "lvtot": false, "dipol": [0.5, 0.5, 0.5], "lreal": "Auto", "ldau_luj": {"Ti": {"L": 2, "U": 3.0, "J": 0.0}, "V": {"L": 2, "U": 3.25, "J": 0.0}, "Cr": {"L": 2, "U": 3.5, "J": 0.0}, "Mn": {"L": 2, "U": 3.75, "J": 0.0}, "Fe": {"L": 2, "U": 4.3, "J": 0.0}, "Co": {"L": 2, "U": 3.32, "J": 0.0}, "Ni": {"L": 2, "U": 6.45, "J": 0.0}, "Cu": {"L": 2, "U": 3.0, "J": 0.0}, "W": {"L": 2, "U": 3.0, "J": 0.0}, "Ce": {"L": 3, "U": 4.5, "J": 0.0}, "O": {"L": -1, "U": 0.0, "J": 0.0}, "C": {"L": -1, "U": 0.0, "J": 0.0}, "Au": {"L": -1, "U": 0.0, "J": 0.0}, "Ir": {"L": -1, "U": 0.0, "J": 0.0}, "H": {"L": -1, "U": 0.0, "J": 0.0}}, "xc": "PBE", "pp": "PBE", "setups": {"base": "minimal"}, "txt": "-", "kpts": [12, 6, 1], "gamma": true, "reciprocal": false, "ignore_constraints": false, "custom": {}},
 "cell": {"array": {"__ndarray__": [[3, 3], "float64", [1.9459454924064556, 1.9459454924064554, 0.0, -2.4166251855, 2.4166251855000005, -3.4176241125064966, -14.749875556499997, 14.7498755565, 20.859474055317705]]}, "__ase_objtype__": "cell"},
 "constraints": [{"name": "FixAtoms", "kwargs": {"indices": [0, 1, 2, 3, 4, 5, 13, 14, 15]}}],
 "ctime": 21.87845969729844,
 "dipole": {"__ndarray__": [[3], "float64", [-0.026753, 0.026753, 0.037834]]},
 "energy": -189.13431063,
 "forces": {"__ndarray__": [[19, 3], "float64", [0.36418, 0.044122, 1.231798, 0.503126, -0.542502, -0.781326, -0.405889, 0.261218, 0.311991, 0.806207, -0.93077, -0.370037, -0.348228, 0.281218, 1.810538, 0.23849, -0.409436, -0.615927, -0.52923, 0.314788, 0.708955, 1.490652, -1.484607, -0.61178, -0.551857, 0.50399, 1.937301, -1.417167, 1.223321, -0.737023, -0.524028, 0.413925, 0.18269, 4.81187, -4.961782, 1.50948, -3.509764, 3.369241, 0.505167, -1.172523, 1.263051, -1.620743, 0.440424, -0.267921, -1.274038, -0.601894, 0.737768, 0.176517, 0.305582, -0.112107, -1.340616, 0.119065, 0.090551, 1.249148, -0.019015, 0.205931, -2.272094]]},
 "initial_charges": {"__ndarray__": [[19], "float64", [-0.77, -0.91, -0.83, -0.88, -0.9, -0.89, -0.87, -0.87, -0.89, -0.85, -0.91, -0.75, -0.46, 1.63, 1.77, 1.76, 1.79, 1.82, 2.0]]},
 "initial_magmoms": {"__ndarray__": [[19], "float64", [-0.006, -0.002, -0.001, -0.0, 0.001, 0.0, 0.0, 0.001, -0.0, 0.0, 0.0, 0.0, 0.001, -0.045, 0.02, 0.002, -0.013, 0.013, 0.002]]},
 "magmom": -0.0291037,
 "magmoms": {"__ndarray__": [[19], "float64", [0.002, 0.0, 0.001, -0.001, -0.0, 0.0, 0.0, 0.0, -0.0, -0.0, -0.0, -0.0, -0.0, 0.005, -0.002, -0.0, 0.001, -0.001, -0.0]]},
 "mtime": 21.87845969729844,
 "numbers": {"__ndarray__": [[19], "int64", [8, 8, 8, 8, 8, 8, 8, 8, 8, 8, 8, 8, 8, 43, 43, 43, 43, 43, 43]]},
 "pbc": {"__ndarray__": [[3], "bool", [true, true, true]]},
 "positions": {"__ndarray__": [[19, 3], "float64", [-3.821012447116003, 5.708987552884086, 3.8678740930904794, -5.903432447115969, 7.791407552884051, 3.867874093090415, -3.889255401771118, 7.7231742272289665, 5.813004902318458, -6.305880587271072, 10.13979941272892, 5.34036739636889, -6.2376374471159455, 8.125612552884029, 7.28549794326028, -8.320057447115913, 10.208032552883996, 7.285497943260218, -6.308413122550432, 10.14258650644951, 9.232240955949349, -8.689701714254833, 12.522998285745224, 8.769651437360574, -8.641425602875202, 10.529284026124904, 10.737763216977173, -10.684207920409564, 12.57164207959055, 10.690004962639229, -8.710069838279171, 12.544299790720737, 12.708710232449551, -11.070771653288233, 14.904478346711711, 11.999708142752858, -11.107853090248552, 12.995216538751425, 14.197481133831008, -3.889250587271051, 7.7231694127289, 3.8678740930903737, -4.862227261615928, 6.75020236738401, 7.2854982055968485, -6.305875587271097, 10.139794412728946, 7.285497943260323, -7.275433384621136, 9.163136244378954, 10.712844774008174, -8.734249435034243, 12.567800564965863, 10.690344373894193, -9.93691131355327, 11.824628315446716, 14.133268767031469]]},
 "stress": {"__ndarray__": [[6], "float64", [-0.286264057311602, -0.28842649680486465, -0.2094608020384366, 0.10790005156465209, -0.10503381950235482, -0.1445473969557502]]},
 "unique_id": "d48b15d0f31dcc7dff74d01ce3f254c0",
 "user": "bcomer3"},
"ids": [1],
"nextid": 2}
