{"1": {
 "calculator": "vasp",
 "calculator_parameters": {"amix": 0.01, "amix_mag": 0.01, "bmix": 0.0001, "bmix_mag": 0.0001, "encut": 500, "sigma": 0.05, "ediff": 1e-06, "ediffg": -0.02, "algo": "normal", "gga": "PE", "prec": "Normal", "ibrion": -1, "icharg": 11, "idipol": 3, "isif": 2, "ismear": 0, "ispin": 2, "istart": 1, "isym": -1, "kpar": 15, "ldauprint": 2, "ldautype": 2, "lmaxmix": 6, "lorbit": 11, "nbands": 88, "nelm": 299, "npar": 6, "nsw": 0, "inimix": 0, "laechg": true, "lasph": true, "ldau": true, "ldipol": true, "lvtot": false, "dipol": [0.5, 0.5, 0.5], "lreal": "Auto", "ldau_luj": {"Ti": {"L": 2, "U": 3.0, "J": 0.0}, "V": {"L": 2, "U": 3.25, "J": 0.0}, "Cr": {"L": 2, "U": 3.5, "J": 0.0}, "Mn": {"L": 2, "U": 3.75, "J": 0.0}, "Fe": {"L": 2, "U": 4.3, "J": 0.0}, "Co": {"L": 2, "U": 3.32, "J": 0.0}, "Ni": {"L": 2, "U": 6.45, "J": 0.0}, "Cu": {"L": 2, "U": 3.0, "J": 0.0}, "W": {"L": 2, "U": 3.0, "J": 0.0}, "Ce": {"L": 3, "U": 4.5, "J": 0.0}, "O": {"L": -1, "U": 0.0, "J": 0.0}, "C": {"L": -1, "U": 0.0, "J": 0.0}, "Au": {"L": -1, "U": 0.0, "J": 0.0}, "Ir": {"L": -1, "U": 0.0, "J": 0.0}, "H": {"L": -1, "U": 0.0, "J": 0.0}}, "xc": "PBE", "pp": "PBE", "setups": {"base": "minimal"}, "txt": "-", "kpts": [12, 6, 1], "gamma": true, "reciprocal": false, "ignore_constraints": false, "custom": {}},
 "cell": {"array": {"__ndarray__": [[3, 3], "float64", [2.152058326956617, 2.1520583269566167, 0.0, -2.3279366565, 2.3279366565000004, -3.2921995919677767, -14.483809969499998, 14.4838099695, 20.483200493701545]]}, "__ase_objtype__": "cell"},
 "constraints": [{"name": "FixAtoms", "kwargs": {"indices": [0, 13, 1, 2, 14, 3, 4, 15, 5]}}],
 "ctime": 21.878419310834378,
 "dipole": {"__ndarray__": [[3], "float64", [-0.033079, 0.033079, 0.04678]]},
 "energy": -20.83814761,
 "forces": {"__ndarray__": [[19, 3], "float64", [0.429699, 1.052546, -1.133709, 1.82004, -2.942921, -3.306558, -2.930204, 1.868691, 4.414154, 1.347669, -1.553484, -1.879551, -1.44969, 1.369368, 2.051195, 2.272258, -3.471904, -3.04656, -2.86162, 1.372234, 4.969552, 1.470193, -1.391896, -1.157875, -0.858045, 0.876638, 1.864698, 2.527711, -3.766719, -2.33717, -1.069197, 0.294283, 2.876983, -0.196314, -1.581038, 8.607699, 1.536005, -2.301281, -3.744692, -0.034023, 1.290594, -0.878818, -0.257009, 1.380572, -1.680868, -0.634725, 1.697066, -1.007959, -0.662538, 1.73299, -1.92478, -0.716104, 1.657118, -0.874631, 0.265894, 2.417143, -1.811107]]},
 "initial_magmoms": {"__ndarray__": [[19], "float64", [0.834, 0.657, 0.776, 0.777, 0.777, 0.779, 0.776, 0.769, 0.775, 0.793, 0.758, 0.975, 1.498, 0.124, 0.197, 0.194, 0.196, 0.198, 0.166]]},
 "magmom": 13.9307726,
 "magmoms": {"__ndarray__": [[19], "float64", [0.026, 0.362, 0.326, 0.63, 0.613, 0.319, 0.309, 0.804, 0.788, 0.549, 0.44, 0.407, 0.933, 0.195, 0.173, 0.079, 0.176, 0.184, 0.29]]},
 "mtime": 21.878419310834378,
 "numbers": {"__ndarray__": [[19], "int64", [8, 8, 8, 8, 8, 8, 8, 8, 8, 8, 8, 8, 8, 30, 30, 30, 30, 30, 30]]},
 "pbc": {"__ndarray__": [[3], "bool", [true, true, true]]},
 "positions": {"__ndarray__": [[19, 3], "float64", [-3.821012447115988, 5.708987552884071, 3.8678740930904576, -5.540312447115918, 7.428287552884001, 3.8678740930903803, -3.604633117413096, 7.644673569586815, 5.944344996164093, -5.9325697739131265, 9.972610226086847, 5.083602781984446, -6.1489474471159875, 8.036922552884072, 7.16007134241347, -7.868247447115914, 9.756222552883997, 7.160071342413387, -5.900690003754083, 9.940730455927802, 9.23994612935611, -8.38792558195405, 12.42796603412777, 8.524920435735853, -8.49089211610586, 10.378867221873943, 10.43729451189681, -10.334575295318299, 12.222550401086382, 10.721527693553755, -8.259311995726733, 12.299352447900453, 12.633327566701553, -8.661540591850244, 12.701581044023964, 15.101146498550454, -10.808215478307726, 12.69619058407581, 12.802547711228168, -3.6046297739131443, 7.6446702260868635, 3.8678740930904096, -4.68066579061598, 6.568640896384062, 7.160073685058226, -5.932564773913142, 9.972605226086863, 7.160071342413419, -7.017974121880699, 8.905949227648783, 10.531876579086106, -8.336684989364297, 12.376725441538017, 10.576586818835697, -9.476889176769918, 11.364864282538, 13.89408589280377]]},
 "stress": {"__ndarray__": [[6], "float64", [0.5789838760328514, 0.5522785743547907, 0.5552751853012184, 0.07930655606281083, -0.06629088742224144, -0.032978729881613815]]},
 "unique_id": "e50df52348dba328659bbf32590f2839",
 "user": "bcomer3"},
"ids": [1],
"nextid": 2}
