{"1": {
 "calculator": "vasp",
 "calculator_parameters": {"amix": 0.05, "amix_mag": 0.05, "bmix": 0.0001, "bmix_mag": 0.0001, "encut": 500, "sigma": 0.05, "ediff": 1e-06, "ediffg": -0.02, "algo": "normal", "gga": "PE", "prec": "Normal", "ibrion": -1, "idipol": 3, "isif": 2, "ismear": 0, "ispin": 2, "istart": 1, "isym": -1, "kpar": 15, "ldauprint": 2, "ldautype": 2, "lmaxmix": 6, "lorbit": 11, "nbands": 140, "nelm": 299, "npar": 6, "nsw": 0, "inimix": 0, "laechg": true, "lasph": true, "ldau": true, "ldipol": true, "lvtot": false, "dipol": [0.5, 0.5, 0.5], "lreal": "Auto", "ldau_luj": {"Ti": {"L": 2, "U": 3.0, "J": 0.0}, "V": {"L": 2, "U": 3.25, "J": 0.0}, "Cr": {"L": 2, "U": 3.5, "J": 0.0}, "Mn": {"L": 2, "U": 3.75, "J": 0.0}, "Fe": {"L": 2, "U": 4.3, "J": 0.0}, "Co": {"L": 2, "U": 3.32, "J": 0.0}, "Ni": {"L": 2, "U": 6.45, "J": 0.0}, "Cu": {"L": 2, "U": 3.0, "J": 0.0}, "W": {"L": 2, "U": 3.0, "J": 0.0}, "Ce": {"L": 3, "U": 4.5, "J": 0.0}, "O": {"L": -1, "U": 0.0, "J": 0.0}, "C": {"L": -1, "U": 0.0, "J": 0.0}, "Au": {"L": -1, "U": 0.0, "J": 0.0}, "Ir": {"L": -1, "U": 0.0, "J": 0.0}, "H": {"L": -1, "U": 0.0, "J": 0.0}}, "xc": "PBE", "pp": "PBE", "setups": {"base": "minimal"}, "txt": "-", "kpts": [12, 6, 1], "gamma": true, "reciprocal": false, "ignore_constraints": false, "custom": {}},
 "cell": {"array": {"__ndarray__": [[3, 3], "float64", [2.415643723050886, 2.415643723050886, 0.0, -5.0701134671400965, 5.070113467140097, 0.0, 0.0, 0.0, 29.340446457]]}, "__ase_objtype__": "cell"},
 "constraints": [{"name": "FixAtoms", "kwargs": {"indices": [0, 1, 2, 17, 18, 3, 4, 5, 6, 19, 20, 7]}}],
 "ctime": 21.664117118048775,
 "dipole": {"__ndarray__": [[3], "float64", [0.0, 0.0, 0.174491]]},
 "energy": -122.26315772,
 "forces": {"__ndarray__": [[25, 3], "float64", [0.009484, 0.009871, -0.051375, -0.439023, 0.437187, -0.592387, 0.406183, -0.422768, -0.580293, 0.009601, -0.017693, 0.011412, 0.008092, 0.009703, 0.046874, -0.016265, 0.000928, -0.01553, -0.004143, -0.021386, -0.011466, -0.012484, -0.043265, 0.04179, -0.00868, 0.002117, -0.011165, -0.033103, 0.03361, 0.00418, 0.026638, -0.023244, 0.021458, 0.001551, -0.021454, -0.054779, 0.005145, 0.006397, -0.033174, -0.016679, 0.028575, 0.028415, 0.008986, -0.032648, 0.023507, -0.003508, -0.008536, 0.081768, 0.010124, 0.010693, 0.003472, 0.007626, 0.008729, 0.235773, -0.00267, 0.003585, 0.927109, -0.001755, 0.00225, -0.01535, 0.024413, 0.021551, -0.054714, 0.00317, -0.003095, 0.010823, 0.002303, -0.001602, -0.003574, -0.003206, 0.000901, 0.008671, 0.018202, 0.019593, -0.021444]]},
 "initial_charges": {"__ndarray__": [[25], "float64", [-0.58, -0.94, -0.94, -0.81, -0.8, -0.84, -0.84, -0.8, -0.83, -0.84, -0.84, -0.8, -0.84, -0.87, -0.87, -0.53, -0.24, 1.66, 1.59, 1.65, 1.68, 1.68, 1.65, 1.63, 1.67]]},
 "initial_magmoms": {"__ndarray__": [[25], "float64", [0.769, 0.227, 0.227, 0.428, 0.44, 0.42, 0.42, 0.424, 0.425, 0.418, 0.418, 0.428, 0.44, 0.394, 0.394, 0.81, 1.253, -0.052, -0.029, -0.044, -0.052, -0.05, -0.044, -0.067, -0.06]]},
 "magmom": 10.0000405,
 "magmoms": {"__ndarray__": [[25], "float64", [0.769, 0.229, 0.229, 0.428, 0.439, 0.423, 0.423, 0.424, 0.426, 0.421, 0.421, 0.366, 0.396, 0.406, 0.406, 0.852, 1.291, -0.052, -0.029, -0.043, -0.051, -0.047, -0.041, -0.058, -0.052]]},
 "mtime": 21.664117118048775,
 "numbers": {"__ndarray__": [[25], "int64", [8, 8, 8, 8, 8, 8, 8, 8, 8, 8, 8, 8, 8, 8, 8, 8, 8, 49, 49, 49, 49, 49, 49, 49, 49]]},
 "pbc": {"__ndarray__": [[3], "bool", [true, true, true]]},
 "positions": {"__ndarray__": [[25, 3], "float64", [-1.1525840533340723, 3.2908749596421925, 7.5000000000000835, -1.4905174551309512, 6.04445483159979, 8.899080000000026, 1.6009910300963872, 2.9529463463724515, 8.899080000000026, -1.1525840533340723, 3.2908749596421925, 10.298170000000065, -3.6876396456337774, 5.825930551941898, 11.085110000000096, -0.93405977367618, 5.487997150145018, 12.484199999999927, 1.0445404197094388, 3.5093969567593994, 12.484199999999927, -3.6876396456337774, 5.825930551941898, 13.883280000000077, -1.1525840533340723, 3.2908749596421925, 14.666132915789674, -1.4924227969322157, 6.046360173401054, 16.06684391730291, 1.602896371897653, 2.9510410045711852, 16.06684391730291, -1.1525840533340723, 3.2908749596421925, 17.45293221516838, -3.6876396456337774, 5.825930551941898, 18.253332585500292, -0.9291410560907427, 5.483078432559582, 19.768858036669247, 1.0396217021240002, 3.5143156743448385, 19.768858036669247, -3.6876396456337774, 5.825930551941898, 21.02379333129776, -1.1525840533340723, 3.2908749596421925, 21.842272196563425, 0.05523918174628717, 4.498698194722552, 8.899080000000026, -3.6876396456337774, 5.825930551941898, 8.899080000000026, -1.1525840533340723, 3.2908749596421925, 12.484199999999927, -2.479816410553418, 7.033753787022257, 12.484199999999927, 0.05523918174628717, 4.498698194722552, 16.06559213914537, -3.6876396456337774, 5.825930551941898, 16.06637155156195, -1.1525840533340723, 3.2908749596421925, 19.609973634003612, -2.479816410553418, 7.033753787022257, 19.621287520725247]]},
 "stress": {"__ndarray__": [[6], "float64", [0.005854935016662553, 0.005764620379611022, -0.000278764522089324, -2.8299002376754692e-05, -7.519146043951561e-05, -0.0006452472134338113]]},
 "unique_id": "68fc1da973df678e899c5121bfc13513",
 "user": "bcomer3"},
"ids": [1],
"nextid": 2}
