{"1": {
 "calculator": "vasp",
 "calculator_parameters": {"amix": 0.01, "amix_mag": 0.01, "bmix": 0.0001, "bmix_mag": 0.0001, "encut": 500, "sigma": 0.05, "ediff": 1e-06, "ediffg": -0.02, "algo": "normal", "gga": "PE", "prec": "Normal", "ibrion": -1, "icharg": 11, "idipol": 3, "isif": 2, "ismear": 0, "ispin": 2, "istart": 1, "isym": -1, "kpar": 15, "ldauprint": 2, "ldautype": 2, "lmaxmix": 6, "lorbit": 11, "nbands": 130, "nelm": 299, "npar": 6, "nsw": 0, "inimix": 0, "laechg": true, "lasph": true, "ldau": true, "ldipol": true, "lvtot": false, "dipol": [0.5, 0.5, 0.5], "lreal": "Auto", "ldau_luj": {"Ti": {"L": 2, "U": 3.0, "J": 0.0}, "V": {"L": 2, "U": 3.25, "J": 0.0}, "Cr": {"L": 2, "U": 3.5, "J": 0.0}, "Mn": {"L": 2, "U": 3.75, "J": 0.0}, "Fe": {"L": 2, "U": 4.3, "J": 0.0}, "Co": {"L": 2, "U": 3.32, "J": 0.0}, "Ni": {"L": 2, "U": 6.45, "J": 0.0}, "Cu": {"L": 2, "U": 3.0, "J": 0.0}, "W": {"L": 2, "U": 3.0, "J": 0.0}, "Ce": {"L": 3, "U": 4.5, "J": 0.0}, "O": {"L": -1, "U": 0.0, "J": 0.0}, "C": {"L": -1, "U": 0.0, "J": 0.0}, "Au": {"L": -1, "U": 0.0, "J": 0.0}, "Ir": {"L": -1, "U": 0.0, "J": 0.0}, "H": {"L": -1, "U": 0.0, "J": 0.0}}, "xc": "PBE", "pp": "PBE", "setups": {"base": "minimal"}, "txt": "-", "kpts": [12, 6, 1], "gamma": true, "reciprocal": false, "ignore_constraints": false, "custom": {}},
 "cell": {"array": {"__ndarray__": [[3, 3], "float64", [2.2551432604339694, 2.255143260433969, 0.0, -2.816169431, 2.8161694310000005, -3.982665003260722, -15.948508292999998, 15.948508293, 22.554596727580382]]}, "__ase_objtype__": "cell"},
 "constraints": [{"name": "FixAtoms", "kwargs": {"indices": [0, 13, 1, 2, 14, 3, 4, 15, 5]}}],
 "ctime": 21.878507229820595,
 "dipole": {"__ndarray__": [[3], "float64", [-0.039637, 0.039637, 0.056056]]},
 "energy": -76.36847916,
 "forces": {"__ndarray__": [[19, 3], "float64", [-0.524238, 1.095395, -0.032217, 1.041136, -1.051674, -1.6023, -1.135266, 1.035788, 1.688778, 0.327609, -0.700362, -0.504455, -0.67035, 0.35306, 0.847906, 0.996886, -1.139814, -1.28916, -1.121895, 1.006693, 1.671827, 0.360205, -0.667755, -0.559317, -0.627291, 0.37763, 0.819905, 0.92584, -0.953574, -0.478745, -1.265563, 0.951942, 2.163679, 4.55067, -7.404606, 1.791163, -0.607153, -0.476394, -2.921532, 0.608349, 0.178159, -1.946326, -0.857548, 1.629971, 0.119133, 0.212484, 0.530402, -1.563651, -0.917505, 1.685783, 0.040326, 0.272993, 0.435039, -1.432895, -1.569362, 3.114318, 3.187881]]},
 "initial_magmoms": {"__ndarray__": [[19], "float64", [0.0, -0.001, -0.0, 0.0, 0.002, 0.001, -0.002, -0.002, -0.022, 0.006, -0.073, -0.138, -1.259, 0.0, -0.0, 0.0, -0.001, -0.01, -0.158]]},
 "magmom": -0.0016135,
 "magmoms": {"__ndarray__": [[19], "float64", [0.0, 0.0, 0.0, 0.0, 0.0, 0.0, 0.0, 0.001, 0.001, 0.008, 0.001, -0.02, -0.008, 0.0, 0.0, 0.0, 0.001, 0.002, 0.02]]},
 "mtime": 21.878507229820595,
 "numbers": {"__ndarray__": [[19], "int64", [8, 8, 8, 8, 8, 8, 8, 8, 8, 8, 8, 8, 8, 80, 80, 80, 80, 80, 80]]},
 "pbc": {"__ndarray__": [[3], "bool", [true, true, true]]},
 "positions": {"__ndarray__": [[19, 3], "float64", [-3.821012447115962, 5.708987552884045, 3.8678740930904207, -3.821013016115971, 5.708988121884054, 6.478483240272407, -4.58661876063249, 8.729741239367572, 5.173179069025209, -6.432598760632507, 10.575721239367589, 5.1731790690252275, -6.637182447115906, 8.52515755288399, 7.850539901038584, -6.637183016115919, 8.525158121884003, 10.461149048220573, -7.405890106898311, 11.547880901721435, 9.158943169103052, -9.250253983613831, 13.392889422558175, 9.172425729524527, -9.448788849560383, 11.337579964821758, 11.92242429467631, -9.434888910667597, 11.322534917066875, 14.549147218360442, -10.235637242848423, 14.379479466604495, 13.025784217034577, -12.096668169685561, 16.2403621807261, 12.920330391500208, -12.155044918337973, 14.042853256966186, 15.291892601639493, -2.693439329632421, 6.836561808367502, 5.1731782643375634, -6.637182447115948, 8.52515755288403, 5.173179069025119, -5.509609329632482, 9.652731808367566, 9.15584407228589, -9.45530103505312, 11.342113023598905, 9.168948365548735, -8.317556718680882, 12.46100241887968, 13.229934191805919, -12.300748376587324, 14.189415668006026, 13.028618260479892]]},
 "stress": {"__ndarray__": [[6], "float64", [0.10883042963948361, 0.1122249180681591, 0.18570109945271773, -0.004578546400419426, 0.003185603842759556, -0.045281992670554896]]},
 "unique_id": "e4e9e5b8e60e48f655841f0b7ae2c302",
 "user": "bcomer3"},
"ids": [1],
"nextid": 2}
