{"1": {
 "calculator": "vasp",
 "calculator_parameters": {"amix": 0.01, "amix_mag": 0.01, "bmix": 0.0001, "bmix_mag": 0.0001, "encut": 500, "sigma": 0.05, "ediff": 1e-06, "ediffg": -0.02, "algo": "normal", "gga": "PE", "prec": "Normal", "ibrion": -1, "icharg": 11, "idipol": 3, "isif": 2, "ismear": 0, "ispin": 2, "istart": 1, "isym": -1, "kpar": 15, "ldauprint": 2, "ldautype": 2, "lmaxmix": 6, "lorbit": 11, "nbands": 88, "nelm": 299, "npar": 6, "nsw": 0, "inimix": 0, "laechg": true, "lasph": true, "ldau": true, "ldipol": true, "lvtot": false, "dipol": [0.5, 0.5, 0.5], "lreal": "Auto", "ldau_luj": {"Ti": {"L": 2, "U": 3.0, "J": 0.0}, "V": {"L": 2, "U": 3.25, "J": 0.0}, "Cr": {"L": 2, "U": 3.5, "J": 0.0}, "Mn": {"L": 2, "U": 3.75, "J": 0.0}, "Fe": {"L": 2, "U": 4.3, "J": 0.0}, "Co": {"L": 2, "U": 3.32, "J": 0.0}, "Ni": {"L": 2, "U": 6.45, "J": 0.0}, "Cu": {"L": 2, "U": 3.0, "J": 0.0}, "W": {"L": 2, "U": 3.0, "J": 0.0}, "Ce": {"L": 3, "U": 4.5, "J": 0.0}, "O": {"L": -1, "U": 0.0, "J": 0.0}, "C": {"L": -1, "U": 0.0, "J": 0.0}, "Au": {"L": -1, "U": 0.0, "J": 0.0}, "Ir": {"L": -1, "U": 0.0, "J": 0.0}, "H": {"L": -1, "U": 0.0, "J": 0.0}}, "xc": "PBE", "pp": "PBE", "setups": {"base": "minimal"}, "txt": "-", "kpts": [12, 6, 1], "gamma": true, "reciprocal": false, "ignore_constraints": false, "custom": {}},
 "cell": {"array": {"__ndarray__": [[3, 3], "float64", [2.2044622891104235, 2.2044622891104235, 0.0, -2.260839261, 2.2608392610000005, -3.1973095452517657, -14.282517782499998, 14.2825177825, 20.198530352846404]]}, "__ase_objtype__": "cell"},
 "constraints": [{"name": "FixAtoms", "kwargs": {"indices": [0, 13, 1, 2, 14, 3, 4, 15, 5]}}],
 "ctime": 21.87844722933639,
 "dipole": {"__ndarray__": [[3], "float64", [-0.041713, 0.041713, 0.058992]]},
 "energy": -169.31517626,
 "forces": {"__ndarray__": [[19, 3], "float64", [1.539964, 0.0302, -0.160723, 0.305467, -0.90157, -0.768706, -0.944446, 0.284707, 0.628437, 0.979201, -1.438077, -0.715475, -0.676796, 0.237297, 1.776735, 0.344496, -0.974588, -0.948945, -1.066509, 0.249035, 1.01108, 0.76961, -1.177822, -0.741966, -0.942144, 0.447806, 1.504019, -0.237778, -0.760601, -0.971677, -0.916573, 0.415849, 0.520169, 3.436175, -3.103317, 0.841231, -3.597789, 2.912781, 1.101966, -0.493014, 1.165328, -0.250828, 0.34347, 0.212755, -0.487247, -0.07739, 0.624659, 0.158667, 0.421692, 0.130937, -0.36324, 0.61495, 0.036294, -0.384164, 0.197412, 1.608325, -1.749332]]},
 "initial_charges": {"__ndarray__": [[19], "float64", [-0.73, -0.82, -0.76, -0.81, -0.8, -0.81, -0.81, -0.81, -0.81, -0.84, -0.82, -0.63, -0.41, 1.52, 1.6, 1.62, 1.62, 1.62, 1.89]]},
 "initial_magmoms": {"__ndarray__": [[19], "float64", [0.173, 0.026, 0.003, -0.001, 0.005, -0.003, -0.0, -0.004, -0.002, -0.002, -0.017, -0.084, 0.002, 0.573, -0.067, 0.01, -0.021, -0.036, -0.163]]},
 "magmom": 0.5901979,
 "magmoms": {"__ndarray__": [[19], "float64", [-0.023, -0.013, -0.009, 0.002, 0.001, -0.0, -0.001, -0.001, 0.004, 0.002, 0.001, -0.0, -0.0, -0.054, 0.016, -0.003, -0.007, 0.018, -0.007]]},
 "mtime": 21.87844722933639,
 "numbers": {"__ndarray__": [[19], "int64", [8, 8, 8, 8, 8, 8, 8, 8, 8, 8, 8, 8, 8, 44, 44, 44, 44, 44, 44]]},
 "pbc": {"__ndarray__": [[3], "bool", [true, true, true]]},
 "positions": {"__ndarray__": [[19, 3], "float64", [-3.8210124471159514, 5.708987552884034, 3.867874093090406, -5.575632447115968, 7.46360755288405, 3.867874093090408, -3.5960922066701384, 7.6885292713297755, 5.8244799379366015, -5.856931467670157, 9.949368532329794, 5.108577793495918, -6.081852447115994, 7.969827552884076, 7.065184683446056, -7.836472447116009, 9.724447552884092, 7.065184683446055, -5.858877777469055, 9.951314842128692, 9.022831468826112, -8.117487587695173, 12.209924652354811, 8.313430944052522, -8.339515189151227, 10.22749029491931, 10.270412476887625, -10.079712333178147, 11.96768743894623, 10.256017305622013, -8.097673455049812, 12.19011051970945, 12.249964529502027, -10.220138689126365, 14.312575753786003, 11.456042704229422, -10.520181741587955, 12.408156847356038, 13.692015761287987, -3.596091467670176, 7.688528532329813, 3.8678740930904194, -4.698323186115921, 6.586298291884003, 7.065183638342139, -5.856931467670216, 9.949368532329853, 7.065184683446066, -6.9591615042910995, 8.847136610059183, 10.271112553209033, -8.118220130249526, 12.21065719490916, 10.262929755592168, -9.335536690525903, 11.223511796293986, 13.5400032760108]]},
 "stress": {"__ndarray__": [[6], "float64", [-0.2683449904451383, -0.26732289963521105, -0.15885688674755127, 0.20771034583804607, -0.20241229074861306, -0.2046157744058875]]},
 "unique_id": "a1e522e0de42276cd6b06ea5870a315a",
 "user": "bcomer3"},
"ids": [1],
"nextid": 2}
