{"1": {
 "calculator": "vasp",
 "calculator_parameters": {"amix": 0.01, "amix_mag": 0.01, "bmix": 0.0001, "bmix_mag": 0.0001, "encut": 500, "sigma": 0.05, "ediff": 1e-06, "ediffg": -0.02, "algo": "normal", "gga": "PE", "prec": "Normal", "ibrion": -1, "icharg": 11, "idipol": 3, "isif": 2, "ismear": 0, "ispin": 2, "istart": 1, "isym": -1, "kpar": 15, "ldauprint": 2, "ldautype": 2, "lmaxmix": 6, "lorbit": 11, "nbands": 82, "nelm": 299, "npar": 6, "nsw": 0, "inimix": 0, "laechg": true, "lasph": true, "ldau": true, "ldipol": true, "lvtot": false, "dipol": [0.5, 0.5, 0.5], "lreal": "Auto", "ldau_luj": {"Ti": {"L": 2, "U": 3.0, "J": 0.0}, "V": {"L": 2, "U": 3.25, "J": 0.0}, "Cr": {"L": 2, "U": 3.5, "J": 0.0}, "Mn": {"L": 2, "U": 3.75, "J": 0.0}, "Fe": {"L": 2, "U": 4.3, "J": 0.0}, "Co": {"L": 2, "U": 3.32, "J": 0.0}, "Ni": {"L": 2, "U": 6.45, "J": 0.0}, "Cu": {"L": 2, "U": 3.0, "J": 0.0}, "W": {"L": 2, "U": 3.0, "J": 0.0}, "Ce": {"L": 3, "U": 4.5, "J": 0.0}, "O": {"L": -1, "U": 0.0, "J": 0.0}, "C": {"L": -1, "U": 0.0, "J": 0.0}, "Au": {"L": -1, "U": 0.0, "J": 0.0}, "Ir": {"L": -1, "U": 0.0, "J": 0.0}, "H": {"L": -1, "U": 0.0, "J": 0.0}}, "xc": "PBE", "pp": "PBE", "setups": {"base": "minimal"}, "txt": "-", "kpts": [12, 6, 1], "gamma": true, "reciprocal": false, "ignore_constraints": false, "custom": {}},
 "cell": {"array": {"__ndarray__": [[3, 3], "float64", [2.2595349061975543, 2.259534906197554, 0.0, -2.2812913985, 2.2812913985000005, -3.226233235483785, -14.343874195999996, 14.343874195999998, 20.285301424956675]]}, "__ase_objtype__": "cell"},
 "constraints": [{"name": "FixAtoms", "kwargs": {"indices": [0, 13, 1, 2, 14, 3, 4, 15, 5]}}],
 "ctime": 21.878434679022316,
 "dipole": {"__ndarray__": [[3], "float64", [-0.03337, 0.03337, 0.047192]]},
 "energy": -131.12871849,
 "forces": {"__ndarray__": [[19, 3], "float64", [1.641804, 0.788653, 0.370178, 0.215179, -0.222479, -1.526307, -0.761447, 0.845512, -0.36215, 0.79687, -0.791129, -0.525727, 0.001529, 0.261317, 1.300152, -0.441332, 0.379752, -0.932162, -0.530995, 0.064188, -0.14306, 0.400915, -0.364006, 0.156823, 0.127631, -0.157971, 0.186772, -0.621541, 0.610173, -0.695288, -0.397212, 0.307567, -0.810852, -0.917399, -7.028687, 4.303763, -1.072683, -0.04679, -0.444785, 0.257981, 1.916953, 0.8933, 1.219456, 0.522725, -0.949998, 0.074203, 1.303433, 0.878588, -0.048071, 0.326233, -0.923881, -0.404548, 0.366097, -0.933972, 0.45966, 0.91846, 0.158606]]},
 "initial_charges": {"__ndarray__": [[19], "float64", [-0.59, -0.72, -0.66, -0.71, -0.71, -0.7, -0.7, -0.7, -0.71, -0.72, -0.71, -0.5, -0.26, 1.28, 1.4, 1.41, 1.41, 1.42, 1.48]]},
 "initial_magmoms": {"__ndarray__": [[19], "float64", [0.244, 0.129, 0.02, 0.068, 0.077, 0.069, 0.088, 0.087, 0.06, 0.121, 0.1, 0.29, 0.953, 0.144, 0.106, 0.146, 0.135, 0.119, 0.327]]},
 "magmom": 3.0599318,
 "magmoms": {"__ndarray__": [[19], "float64", [-0.01, -0.005, 0.006, -0.001, -0.001, 0.0, 0.005, -0.001, 0.004, 0.002, 0.017, 0.207, 0.091, 0.013, -0.004, 0.01, 0.007, 0.023, 0.302]]},
 "mtime": 21.878434679022316,
 "numbers": {"__ndarray__": [[19], "int64", [8, 8, 8, 8, 8, 8, 8, 8, 8, 8, 8, 8, 8, 46, 46, 46, 46, 46, 46]]},
 "pbc": {"__ndarray__": [[3], "bool", [true, true, true]]},
 "positions": {"__ndarray__": [[19, 3], "float64", [-3.8210124471159603, 5.708987552884043, 3.867874093090419, -5.569392447115948, 7.457367552884031, 3.867874093090383, -3.5654403311107905, 7.712946871889249, 5.857808903415462, -5.8467317296108, 9.99423827038926, 5.104172518249198, -6.102302447115983, 7.990277552884066, 7.094105350796571, -7.850687447116005, 9.738662552884088, 7.094112421864394, -5.669728446808078, 9.817234987586536, 9.069999853226964, -6.076390389835488, 10.223896930613947, 11.495703697296655, -8.395441460790982, 10.283416566559065, 9.89928466568804, -10.108231985243803, 11.996207091011886, 10.607698655202114, -7.844633939919019, 11.99214048069748, 12.225059532124932, -10.493746369238544, 14.641252910017004, 11.416681283023738, -10.54216869317462, 12.430143798942703, 13.04065572433978, -3.5654367296108176, 7.712943270389276, 3.8678740930904727, -4.695201048615916, 6.583176154383999, 7.094107328574124, -5.84673172961077, 9.99423827038923, 7.094112421864337, -6.996260065027849, 8.884235170795932, 10.278778844603005, -8.119762051104704, 12.267268591883164, 10.269968782632976, -9.259880828236028, 11.147855934004111, 13.422820352861665]]},
 "stress": {"__ndarray__": [[6], "float64", [0.24049280522368738, 0.2423455847246876, 0.3203880791517789, 0.07960714714231337, -0.07210284340706315, -0.13168221110020584]]},
 "unique_id": "ea526d3a9b9c79496182890af943ead2",
 "user": "bcomer3"},
"ids": [1],
"nextid": 2}
