{"1": {
 "calculator": "vasp",
 "calculator_parameters": {"amix": 0.01, "amix_mag": 0.01, "bmix": 0.0001, "bmix_mag": 0.0001, "encut": 500, "sigma": 0.05, "ediff": 1e-06, "ediffg": -0.02, "algo": "normal", "gga": "PE", "prec": "Normal", "ibrion": -1, "icharg": 11, "idipol": 3, "isif": 2, "ismear": 0, "ispin": 2, "istart": 1, "isym": -1, "kpar": 15, "ldauprint": 2, "ldautype": 2, "lmaxmix": 6, "lorbit": 11, "nbands": 148, "nelm": 299, "npar": 6, "nsw": 0, "inimix": 0, "laechg": true, "lasph": true, "ldau": true, "ldipol": true, "lvtot": false, "dipol": [0.5, 0.5, 0.5], "lreal": "Auto", "ldau_luj": {"Ti": {"L": 2, "U": 3.0, "J": 0.0}, "V": {"L": 2, "U": 3.25, "J": 0.0}, "Cr": {"L": 2, "U": 3.5, "J": 0.0}, "Mn": {"L": 2, "U": 3.75, "J": 0.0}, "Fe": {"L": 2, "U": 4.3, "J": 0.0}, "Co": {"L": 2, "U": 3.32, "J": 0.0}, "Ni": {"L": 2, "U": 6.45, "J": 0.0}, "Cu": {"L": 2, "U": 3.0, "J": 0.0}, "W": {"L": 2, "U": 3.0, "J": 0.0}, "Ce": {"L": 3, "U": 4.5, "J": 0.0}, "O": {"L": -1, "U": 0.0, "J": 0.0}, "C": {"L": -1, "U": 0.0, "J": 0.0}, "Au": {"L": -1, "U": 0.0, "J": 0.0}, "Ir": {"L": -1, "U": 0.0, "J": 0.0}, "H": {"L": -1, "U": 0.0, "J": 0.0}}, "xc": "PBE", "pp": "PBE", "setups": {"base": "minimal"}, "txt": "-", "kpts": [12, 6, 1], "gamma": true, "reciprocal": false, "ignore_constraints": false, "custom": {}},
 "cell": {"array": {"__ndarray__": [[3, 3], "float64", [2.43694835539329, 2.4369483553932896, 0.0, -2.5494995315, 2.5494995315000004, -3.6055368147111517, -15.148498594999998, 15.148498595, 21.423212162638777]]}, "__ase_objtype__": "cell"},
 "constraints": [{"name": "FixAtoms", "kwargs": {"indices": [0, 13, 1, 2, 14, 3, 4, 15, 5]}}],
 "ctime": 21.878570856976186,
 "dipole": {"__ndarray__": [[3], "float64", [-0.072221, 0.072221, 0.102136]]},
 "energy": -95.57785257,
 "forces": {"__ndarray__": [[19, 3], "float64", [-0.172884, 1.608233, -0.229586, 1.298033, -1.58614, -1.146999, -0.541624, 0.009991, 1.929153, -0.009222, -1.028579, -0.403614, -0.868801, -0.223229, 0.707655, 1.245104, -1.723791, -0.447387, -0.646383, 0.200149, 2.251752, -0.028373, -1.09032, -0.382174, -0.878646, -0.107134, 0.701558, 1.117066, -1.621654, -0.500673, -0.742081, 0.342174, 2.306244, 2.053412, -1.407097, -1.867969, -0.309933, 0.998788, 0.128478, -0.399924, 1.304666, -0.484126, -0.404102, 1.06514, 0.210485, 0.131245, 0.539853, -0.698671, -0.178345, 0.844319, -0.167166, 0.330987, 0.392515, -0.710486, -0.99553, 1.482116, -1.196476]]},
 "initial_charges": {"__ndarray__": [[19], "float64", [-0.76, -0.89, -0.94, -0.92, -0.92, -0.92, -0.91, -0.9, -0.9, -0.91, -0.91, -0.63, -0.22, 1.69, 1.82, 1.83, 1.81, 1.81, 1.77]]},
 "initial_magmoms": {"__ndarray__": [[19], "float64", [0.001, -0.0, 0.0, -0.0, 0.0, 0.0, 0.001, -0.001, 0.003, -0.018, 0.013, -0.476, -1.176, 0.0, 0.0, 0.0, -0.0, 0.002, 0.046]]},
 "magmom": 2.0405344,
 "magmoms": {"__ndarray__": [[19], "float64", [0.0, 0.0, 0.0, 0.0, 0.0, 0.0, 0.0, 0.0, 0.001, -0.001, 0.009, -0.016, 0.381, 0.0, 0.0, 0.0, 0.0, 0.0, 0.069]]},
 "mtime": 21.878570856976186,
 "numbers": {"__ndarray__": [[19], "int64", [8, 8, 8, 8, 8, 8, 8, 8, 8, 8, 8, 8, 8, 82, 82, 82, 82, 82, 82]]},
 "pbc": {"__ndarray__": [[3], "bool", [true, true, true]]},
 "positions": {"__ndarray__": [[19, 3], "float64", [-3.8210124471159577, 5.70898755288404, 3.8678740930904167, -3.8210129156160053, 5.708988021384088, 6.64048154597077, -4.171775183910919, 8.496694816089057, 5.2541781508100875, -6.132305183910984, 10.457224816089123, 5.2541781508101515, -6.370512447115955, 8.258487552884038, 7.473411570360618, -6.370512915616002, 8.258488021384085, 10.246019023240974, -6.728852221744458, 11.053771853922598, 8.859178911639685, -8.693076848595766, 13.017996480773906, 8.864969720412661, -8.958939133487146, 10.846914239255227, 11.076358355613463, -8.937144745317244, 10.825119851085327, 13.846992782711895, -9.272393210041123, 13.597312842219264, 12.57241013289086, -11.256565550297466, 15.581485182475609, 12.559128501474076, -12.20634901266891, 14.094324118436994, 14.413236119228644, -2.602535652410884, 6.927455284589023, 5.254177488250942, -6.3705074471159095, 8.258482552883992, 5.254178150809998, -5.152035652410987, 9.476955284589126, 8.859714965521295, -8.92533768942794, 10.813312795196023, 8.854431883426292, -7.710533703890328, 12.035453336068466, 12.451104137414843, -11.480688939899352, 13.368664045667435, 12.432962064855928]]},
 "stress": {"__ndarray__": [[6], "float64", [-0.31115646897348614, -0.3293008043873211, -0.33752308764184913, 0.003428922834522989, 0.015955768963371458, 0.015344188450162662]]},
 "unique_id": "2e4a1471bc381c5b8ae286386fecc9ab",
 "user": "bcomer3"},
"ids": [1],
"nextid": 2}
