{"1": {
 "calculator": "vasp",
 "calculator_parameters": {"amix": 0.05, "amix_mag": 0.05, "bmix": 0.0001, "bmix_mag": 0.0001, "encut": 500, "sigma": 0.05, "ediff": 1e-06, "ediffg": -0.02, "algo": "normal", "gga": "PE", "prec": "Normal", "ibrion": -1, "idipol": 3, "isif": 2, "ismear": 0, "ispin": 2, "istart": 1, "isym": -1, "kpar": 15, "ldauprint": 2, "ldautype": 2, "lmaxmix": 6, "lorbit": 11, "nbands": 172, "nelm": 299, "npar": 6, "nsw": 0, "inimix": 0, "laechg": true, "lasph": true, "ldau": true, "ldipol": true, "lvtot": false, "dipol": [0.5, 0.5, 0.5], "lreal": "Auto", "ldau_luj": {"Ti": {"L": 2, "U": 3.0, "J": 0.0}, "V": {"L": 2, "U": 3.25, "J": 0.0}, "Cr": {"L": 2, "U": 3.5, "J": 0.0}, "Mn": {"L": 2, "U": 3.75, "J": 0.0}, "Fe": {"L": 2, "U": 4.3, "J": 0.0}, "Co": {"L": 2, "U": 3.32, "J": 0.0}, "Ni": {"L": 2, "U": 6.45, "J": 0.0}, "Cu": {"L": 2, "U": 3.0, "J": 0.0}, "W": {"L": 2, "U": 3.0, "J": 0.0}, "Ce": {"L": 3, "U": 4.5, "J": 0.0}, "O": {"L": -1, "U": 0.0, "J": 0.0}, "C": {"L": -1, "U": 0.0, "J": 0.0}, "Au": {"L": -1, "U": 0.0, "J": 0.0}, "Ir": {"L": -1, "U": 0.0, "J": 0.0}, "H": {"L": -1, "U": 0.0, "J": 0.0}}, "xc": "PBE", "pp": "PBE", "setups": {"base": "minimal"}, "txt": "-", "kpts": [12, 6, 1], "gamma": true, "reciprocal": false, "ignore_constraints": false, "custom": {}},
 "cell": {"array": {"__ndarray__": [[3, 3], "float64", [2.2560988417096377, 2.2560988417096373, 0.0, -4.538549341324086, 4.538549341324087, 0.0, 0.0, 0.0, 27.836956064]]}, "__ase_objtype__": "cell"},
 "constraints": [{"name": "FixAtoms", "kwargs": {"indices": [0, 1, 2, 17, 18, 3, 4, 5, 6, 19, 20, 7]}}],
 "ctime": 21.664159926836533,
 "dipole": {"__ndarray__": [[3], "float64", [0.0, 0.0, 0.17585]]},
 "energy": -171.25479388,
 "forces": {"__ndarray__": [[25, 3], "float64", [-0.004232, -0.023501, 0.775132, 0.024682, -0.041099, -0.652834, -0.023573, 0.025662, -0.66719, -0.004316, 0.02317, 0.231245, -0.010782, 0.027902, -0.217747, -0.015974, 0.033837, -0.06653, 0.034852, -0.04321, -0.058646, 0.00504, 0.021066, 0.261885, -0.02042, -0.017005, -0.033264, 0.053783, -0.079946, -0.005886, -0.083448, 0.058223, 0.017048, -0.010777, 0.022946, -0.078804, -0.006524, 0.017612, 0.029174, 0.037188, -0.011517, 0.036464, -0.006849, 0.00508, 0.02913, 0.004547, 0.026652, -0.012942, 0.001518, 0.012281, -0.006517, 0.002529, -0.008697, -0.936663, 0.004333, -0.013881, 1.592237, 0.004122, -0.002899, -0.324828, 1.3e-05, -0.00563, -0.093984, 0.006045, -0.002777, 0.052509, 0.007675, -0.009604, 0.067045, -0.000371, -0.00639, 0.047764, 0.000936, -0.008277, 0.016202]]},
 "initial_charges": {"__ndarray__": [[25], "float64", [-0.71, -0.86, -0.86, -0.84, -0.8, -0.85, -0.85, -0.85, -0.84, -0.85, -0.85, -0.84, -0.83, -0.85, -0.85, -0.65, -0.38, 1.73, 1.49, 1.7, 1.69, 1.7, 1.68, 1.8, 1.78]]},
 "initial_magmoms": {"__ndarray__": [[25], "float64", [0.03, -0.003, -0.003, 0.001, 0.001, 0.003, 0.003, -0.004, 0.036, 0.001, 0.001, 0.022, -0.002, 0.03, 0.03, -0.017, -0.702, 0.033, -0.006, 0.014, 0.007, 0.129, -0.025, -0.449, 0.11]]},
 "magmom": -1.0009289,
 "magmoms": {"__ndarray__": [[25], "float64", [0.011, -0.003, -0.003, -0.003, -0.002, 0.001, 0.001, -0.014, 0.032, 0.001, 0.001, 0.021, -0.012, 0.019, 0.019, 0.062, -0.689, 0.002, -0.01, -0.006, 0.002, 0.126, -0.047, -0.524, 0.176]]},
 "mtime": 21.664159926836533,
 "numbers": {"__ndarray__": [[25], "int64", [8, 8, 8, 8, 8, 8, 8, 8, 8, 8, 8, 8, 8, 8, 8, 8, 8, 77, 77, 77, 77, 77, 77, 77, 77]]},
 "pbc": {"__ndarray__": [[3], "bool", [true, true, true]]},
 "positions": {"__ndarray__": [[25, 3], "float64", [-1.1525840533340723, 3.2908749596421925, 7.499999999999931, -1.425612123685816, 5.819997926047726, 8.727819999999975, 1.3765375214853166, 3.0178482808765943, 8.727819999999975, -1.1525840533340723, 3.2908749596421925, 9.955640000000018, -3.421859419789172, 5.560150326097292, 10.709240000000026, -0.892736453383637, 5.2871222557455475, 11.937060000000068, 0.843661851183138, 3.5507239511787727, 11.937060000000068, -3.421859419789172, 5.560150326097292, 13.164879999999911, -1.1525840533340723, 3.2908749596421925, 13.925186207765325, -1.4251636974160236, 5.819549499777935, 15.143589168841032, 1.3760890952155234, 3.018296707146387, 15.143589168841032, -1.1525840533340723, 3.2908749596421925, 16.392247052738647, -3.421859419789172, 5.560150326097292, 17.123500865066227, -0.89151146353927, 5.2858972659011805, 18.319752668859493, 0.8424368613387705, 3.55194894102314, 18.319752668859493, -3.421859419789172, 5.560150326097292, 19.53769369448483, -1.1525840533340723, 3.2908749596421925, 20.238448860488283, -0.024536605307176718, 4.418922407669088, 8.727819999999975, -3.421859419789172, 5.560150326097292, 8.727819999999975, -2.2938119717622762, 6.688197774124188, 11.937060000000068, -1.1525840533340723, 3.2908749596421925, 11.937060000000068, -0.024536605307176718, 4.418922407669088, 15.153875671398191, -3.421859419789172, 5.560150326097292, 15.152984186538328, -1.1525840533340723, 3.2908749596421925, 18.448522962484, -2.2938119717622762, 6.688197774124188, 18.36729475983349]]},
 "stress": {"__ndarray__": [[6], "float64", [0.007582503603088403, 0.007488206883214558, 0.0038169137663152707, 9.874067437147314e-05, -8.980907481233419e-05, 0.0033482575705800735]]},
 "unique_id": "e9408ee464a133912458bfeea8942769",
 "user": "bcomer3"},
"ids": [1],
"nextid": 2}
