{"1": {
 "calculator": "vasp",
 "calculator_parameters": {"amix": 0.05, "amix_mag": 0.05, "bmix": 0.0001, "bmix_mag": 0.0001, "encut": 500, "sigma": 0.05, "ediff": 1e-06, "ediffg": -0.02, "algo": "normal", "gga": "PE", "prec": "Normal", "ibrion": -1, "idipol": 3, "isif": 2, "ismear": 0, "ispin": 2, "istart": 1, "isym": -1, "kpar": 15, "ldauprint": 2, "ldautype": 2, "lmaxmix": 6, "lorbit": 11, "nbands": 116, "nelm": 299, "npar": 6, "nsw": 0, "inimix": 0, "laechg": true, "lasph": true, "ldau": true, "ldipol": true, "lvtot": false, "dipol": [0.5, 0.5, 0.5], "lreal": "Auto", "ldau_luj": {"Ti": {"L": 2, "U": 3.0, "J": 0.0}, "V": {"L": 2, "U": 3.25, "J": 0.0}, "Cr": {"L": 2, "U": 3.5, "J": 0.0}, "Mn": {"L": 2, "U": 3.75, "J": 0.0}, "Fe": {"L": 2, "U": 4.3, "J": 0.0}, "Co": {"L": 2, "U": 3.32, "J": 0.0}, "Ni": {"L": 2, "U": 6.45, "J": 0.0}, "Cu": {"L": 2, "U": 3.0, "J": 0.0}, "W": {"L": 2, "U": 3.0, "J": 0.0}, "Ce": {"L": 3, "U": 4.5, "J": 0.0}, "O": {"L": -1, "U": 0.0, "J": 0.0}, "C": {"L": -1, "U": 0.0, "J": 0.0}, "Au": {"L": -1, "U": 0.0, "J": 0.0}, "Ir": {"L": -1, "U": 0.0, "J": 0.0}, "H": {"L": -1, "U": 0.0, "J": 0.0}}, "xc": "PBE", "pp": "PBE", "setups": {"base": "minimal"}, "txt": "-", "kpts": [12, 6, 1], "gamma": true, "reciprocal": false, "ignore_constraints": false, "custom": {}},
 "cell": {"array": {"__ndarray__": [[3, 3], "float64", [2.1029928372412146, 2.102992837241214, 0.0, -4.428153378398925, 4.4281533783989255, 0.0, 0.0, 0.0, 27.524709127]]}, "__ase_objtype__": "cell"},
 "constraints": [{"name": "FixAtoms", "kwargs": {"indices": [0, 1, 2, 17, 18, 3, 4, 5, 6, 19, 20, 7]}}],
 "ctime": 21.66408648732607,
 "dipole": {"__ndarray__": [[3], "float64", [0.0, 0.0, 0.071652]]},
 "energy": -102.83731935,
 "forces": {"__ndarray__": [[25, 3], "float64", [0.00451, -0.008275, 0.195783, -0.351269, 0.345188, -0.640058, 0.360627, -0.330256, -0.650269, 0.029758, 0.00544, 0.013175, 0.008514, 0.019378, 0.873784, 0.054158, -0.074153, -0.010116, -0.074935, 0.039903, -0.007142, -0.017172, -0.007905, -0.162738, 0.010627, 0.015875, -0.00526, -0.001636, -0.007511, -0.03501, -0.011738, 0.017506, -0.023701, -0.008088, 0.006644, 0.029292, -0.002127, 0.022968, 0.041171, -0.03321, 0.055555, 0.013638, 0.039623, -0.059233, 0.011671, 0.019977, -0.001477, -0.052972, -0.020124, -0.007065, 0.020169, 0.001074, -0.005865, 0.020449, 0.000977, -0.003877, 0.281636, -0.002472, -0.002643, -0.069325, -0.001479, -0.004013, 0.115622, -0.001368, -0.005326, 0.017324, -0.000203, -0.003912, 0.028212, -0.002279, -0.002833, 0.018036, -0.001745, -0.004114, -0.023368]]},
 "initial_charges": {"__ndarray__": [[25], "float64", [-0.49, -0.67, -0.67, -0.67, -0.64, -0.62, -0.63, -0.65, -0.66, -0.63, -0.63, -0.71, -0.63, -0.6, -0.6, -0.46, -0.14, 1.25, 1.2, 1.34, 1.25, 1.26, 1.26, 1.29, 1.24]]},
 "initial_magmoms": {"__ndarray__": [[25], "float64", [0.633, 0.186, 0.186, 0.09, 0.011, -0.018, -0.018, -0.069, 0.069, -0.016, -0.016, 0.043, 0.081, 0.345, 0.345, 0.584, 1.307, 0.3, -0.021, 0.082, -0.078, 0.115, -0.021, 0.285, 0.172]]},
 "magmom": 5.4380401,
 "magmoms": {"__ndarray__": [[25], "float64", [0.623, 0.17, 0.17, 0.087, -0.022, 0.003, 0.003, -0.014, 0.146, 0.095, 0.095, 0.06, 0.147, 0.332, 0.332, 0.449, 1.325, 0.285, -0.042, 0.062, -0.066, 0.175, 0.009, 0.249, 0.027]]},
 "mtime": 21.66408648732607,
 "numbers": {"__ndarray__": [[25], "int64", [8, 8, 8, 8, 8, 8, 8, 8, 8, 8, 8, 8, 8, 8, 8, 8, 8, 29, 29, 29, 29, 29, 29, 29, 29]]},
 "pbc": {"__ndarray__": [[3], "bool", [true, true, true]]},
 "positions": {"__ndarray__": [[25, 3], "float64", [-1.1525840533340723, 3.290874959642192, 7.500000000000053, -3.575019450044125, 3.610316817661106, 8.692380000000089, -0.8331389680798249, 0.8684363356968059, 8.692380000000089, -1.1525840533340723, 3.290874959642192, 9.884749999999991, 1.0614907139491572, 1.0768001923589623, 10.631179999999974, -3.047220806430853, 3.0825181740478342, 11.823550000000068, -1.3609446827608946, 1.3962420503778756, 11.823550000000068, 1.0614907139491572, 1.0768001923589623, 13.015929999999912, -1.1525840533340723, 3.290874959642192, 13.757486401965831, -3.588679520903983, 3.6239768885209642, 15.072768272795837, -0.8194788972199668, 0.8547762648369477, 15.072768272795837, -1.1525840533340723, 3.290874959642192, 16.132781937724907, 1.0614907139491572, 1.0768001923589623, 17.00062301089398, -3.0480480463752757, 3.083345413992257, 18.20540712564309, -1.3601174428164735, 1.3954148104334545, 18.20540712564309, 1.0614907139491572, 1.0768001923589623, 19.363419447976813, -1.1525840533340723, 3.290874959642192, 19.903676295897885, -2.204080822679642, 2.239378190296623, 8.692380000000089, 1.0614907139491572, 1.0768001923589623, 8.692380000000089, -1.1525840533340723, 3.290874959642192, 11.823550000000068, 0.009993944603587771, 0.025303423013393, 11.823550000000068, -2.204080822679642, 2.239378190296623, 14.939181072670404, 1.0614907139491572, 1.0768001923589623, 14.976478587231295, -1.1525840533340723, 3.290874959642192, 18.03182899426227, 0.009993944603587771, 0.025303423013393, 18.188341926333802]]},
 "stress": {"__ndarray__": [[6], "float64", [0.0028540798440291407, 0.0027707307311620956, -0.0028351805543959667, 0.0001941234168332211, 2.960971929319018e-05, 0.00480727898535567]]},
 "unique_id": "3693a6f4ff8ef7f584b3d12eba66bbb9",
 "user": "bcomer3"},
"ids": [1],
"nextid": 2}
