{"1": {
 "calculator": "vasp",
 "calculator_parameters": {"amix": 0.05, "amix_mag": 0.05, "bmix": 0.0001, "bmix_mag": 0.0001, "encut": 500, "sigma": 0.05, "ediff": 1e-06, "ediffg": -0.02, "algo": "normal", "gga": "PE", "prec": "Normal", "ibrion": -1, "idipol": 3, "isif": 2, "ismear": 0, "ispin": 2, "istart": 1, "isym": -1, "kpar": 15, "ldauprint": 2, "ldautype": 2, "lmaxmix": 6, "lorbit": 11, "nbands": 116, "nelm": 299, "npar": 6, "nsw": 0, "inimix": 0, "laechg": true, "lasph": true, "ldau": true, "ldipol": true, "lvtot": false, "dipol": [0.5, 0.5, 0.5], "lreal": "Auto", "ldau_luj": {"Ti": {"L": 2, "U": 3.0, "J": 0.0}, "V": {"L": 2, "U": 3.25, "J": 0.0}, "Cr": {"L": 2, "U": 3.5, "J": 0.0}, "Mn": {"L": 2, "U": 3.75, "J": 0.0}, "Fe": {"L": 2, "U": 4.3, "J": 0.0}, "Co": {"L": 2, "U": 3.32, "J": 0.0}, "Ni": {"L": 2, "U": 6.45, "J": 0.0}, "Cu": {"L": 2, "U": 3.0, "J": 0.0}, "W": {"L": 2, "U": 3.0, "J": 0.0}, "Ce": {"L": 3, "U": 4.5, "J": 0.0}, "O": {"L": -1, "U": 0.0, "J": 0.0}, "C": {"L": -1, "U": 0.0, "J": 0.0}, "Au": {"L": -1, "U": 0.0, "J": 0.0}, "Ir": {"L": -1, "U": 0.0, "J": 0.0}, "H": {"L": -1, "U": 0.0, "J": 0.0}}, "xc": "PBE", "pp": "PBE", "setups": {"base": "minimal"}, "txt": "-", "kpts": [12, 6, 1], "gamma": true, "reciprocal": false, "ignore_constraints": false, "custom": {}},
 "cell": {"array": {"__ndarray__": [[3, 3], "float64", [2.0641923530286865, 2.064192353028686, 0.0, -5.015975358839448, 5.015975358839449, 0.0, 0.0, 0.0, 29.187320762]]}, "__ase_objtype__": "cell"},
 "constraints": [{"name": "FixAtoms", "kwargs": {"indices": [0, 1, 2, 3, 4, 5, 6, 7, 17, 18, 19, 20]}}],
 "ctime": 21.664158749093712,
 "dipole": {"__ndarray__": [[3], "float64", [0.0, 0.0, 0.217312]]},
 "energy": -222.52343573,
 "forces": {"__ndarray__": [[25, 3], "float64", [0.031988, -0.002184, 3.486551, -0.439895, 0.413164, -0.366506, 0.436071, -0.450939, -0.354345, -0.032352, -0.014004, -0.13478, -0.04375, -0.02121, -0.91786, -0.1177, 0.159136, 0.057317, 0.14574, -0.098314, 0.048389, 0.056531, -0.005944, 0.130501, 0.029604, 0.001968, 0.016007, -0.110947, 0.136566, 0.000326, 0.134155, -0.077356, 0.022137, -0.041642, -0.024621, 0.167566, -0.032931, -0.027945, 0.07947, 0.026778, 0.015836, 0.043788, -0.019174, -0.034478, 0.015403, -0.04396, -0.02273, -0.033918, 0.033408, -0.001467, 0.001828, -0.004828, 0.003395, -3.748788, -0.001302, 0.010183, 2.142791, 0.005126, -0.001767, -0.107914, 0.010623, 0.003972, -0.276275, -0.007144, 0.016977, -0.152368, -4.8e-05, -0.000484, -0.135365, 0.002556, 0.014112, 0.0119, -0.016907, 0.008134, 0.004145]]},
 "magmom": 0.1786906,
 "magmoms": {"__ndarray__": [[25], "float64", [0.013, 0.002, 0.002, 0.0, -0.002, 0.0, 0.0, -0.0, -0.0, 0.0, 0.0, -0.011, 0.0, 0.0, 0.0, -0.0, -0.002, 0.08, 0.09, 0.028, 0.013, -0.059, -0.002, 0.007, 0.0]]},
 "mtime": 21.664158749093712,
 "numbers": {"__ndarray__": [[25], "int64", [8, 8, 8, 8, 8, 8, 8, 8, 8, 8, 8, 8, 8, 8, 8, 8, 8, 41, 41, 41, 41, 41, 41, 41, 41]]},
 "pbc": {"__ndarray__": [[3], "bool", [true, true, true]]},
 "positions": {"__ndarray__": [[25, 3], "float64", [-1.152584053334072, 3.2908749596421925, 7.499999999999929, -3.6279448574871114, 3.7020371733776303, 9.005750000000033, -0.7414215701909372, 0.8155138860814558, 9.005750000000033, -1.152584053334072, 3.2908749596421925, 10.511499999999932, -3.660571598049965, 5.798862504358086, 11.046830000000043, -1.1199570433635557, 1.1940493592540742, 12.552579999999942, -3.2494093843145277, 3.3235017002050466, 12.552579999999942, -3.660571598049965, 5.798862504358086, 14.058330000000044, -1.152584053334072, 3.2908749596421925, 14.620411219976882, -3.634799952991122, 3.7088922688816415, 16.07406145673685, -0.7345664746869236, 0.8086587905774422, 16.07406145673685, -1.152584053334072, 3.2908749596421925, 17.43035799254371, -3.660571598049965, 5.798862504358086, 18.155056505004694, -3.239040235781694, 3.3131325516722128, 19.58313171240062, -1.1303261918963885, 1.2044185077869072, 19.58313171240062, -3.660571598049965, 5.798862504358086, 20.877206958528365, -1.152584053334072, 3.2908749596421925, 21.68159789446478, -2.184683348542873, 2.258775664433392, 9.005750000000033, -3.660571598049965, 5.798862504358086, 9.005750000000033, -1.152584053334072, 3.2908749596421925, 12.552579999999942, -4.692670893258766, 4.766763209149285, 12.552579999999942, -2.184683348542873, 2.258775664433392, 16.104157425271488, -3.660571598049965, 5.798862504358086, 16.080999415625918, -1.152584053334072, 3.2908749596421925, 19.955654645554144, -4.692670893258766, 4.766763209149285, 19.64773288945955]]},
 "stress": {"__ndarray__": [[6], "float64", [-0.010242335200101803, -0.010051838100070723, 0.012262143726819759, -6.57230910955507e-06, 3.3566836079000165e-05, -0.013745488302658922]]},
 "unique_id": "39a052c243ae968c8503f9bca779af20",
 "user": "bcomer3"},
"ids": [1],
"nextid": 2}
