{"1": {
 "calculator": "vasp",
 "calculator_parameters": {"amix": 0.01, "amix_mag": 0.01, "bmix": 0.0001, "bmix_mag": 0.0001, "encut": 500, "sigma": 0.05, "ediff": 1e-06, "ediffg": -0.02, "algo": "normal", "gga": "PE", "prec": "Normal", "ibrion": -1, "icharg": 11, "idipol": 3, "isif": 2, "ismear": 0, "ispin": 2, "istart": 1, "isym": -1, "kpar": 15, "ldauprint": 2, "ldautype": 2, "lmaxmix": 6, "lorbit": 11, "nbands": 88, "nelm": 299, "npar": 6, "nsw": 0, "inimix": 0, "laechg": true, "lasph": true, "ldau": true, "ldipol": true, "lvtot": false, "dipol": [0.5, 0.5, 0.5], "lreal": "Auto", "ldau_luj": {"Ti": {"L": 2, "U": 3.0, "J": 0.0}, "V": {"L": 2, "U": 3.25, "J": 0.0}, "Cr": {"L": 2, "U": 3.5, "J": 0.0}, "Mn": {"L": 2, "U": 3.75, "J": 0.0}, "Fe": {"L": 2, "U": 4.3, "J": 0.0}, "Co": {"L": 2, "U": 3.32, "J": 0.0}, "Ni": {"L": 2, "U": 6.45, "J": 0.0}, "Cu": {"L": 2, "U": 3.0, "J": 0.0}, "W": {"L": 2, "U": 3.0, "J": 0.0}, "Ce": {"L": 3, "U": 4.5, "J": 0.0}, "O": {"L": -1, "U": 0.0, "J": 0.0}, "C": {"L": -1, "U": 0.0, "J": 0.0}, "Au": {"L": -1, "U": 0.0, "J": 0.0}, "Ir": {"L": -1, "U": 0.0, "J": 0.0}, "H": {"L": -1, "U": 0.0, "J": 0.0}}, "xc": "PBE", "pp": "PBE", "setups": {"base": "minimal"}, "txt": "-", "kpts": [12, 6, 1], "gamma": true, "reciprocal": false, "ignore_constraints": false, "custom": {}},
 "cell": {"array": {"__ndarray__": [[3, 3], "float64", [2.2002904326405286, 2.200290432640528, 0.0, -2.2616930695, 2.2616930695000006, -3.198517012812135, -14.285079208999997, 14.285079209, 20.202152756941725]]}, "__ase_objtype__": "cell"},
 "constraints": [{"name": "FixAtoms", "kwargs": {"indices": [0, 13, 1, 2, 14, 3, 4, 15, 5]}}],
 "ctime": 21.878440416213213,
 "dipole": {"__ndarray__": [[3], "float64", [-0.042369, 0.042369, 0.059919]]},
 "energy": -151.6348764,
 "forces": {"__ndarray__": [[19, 3], "float64", [2.081519, 0.287191, 1.866667, -0.210228, -0.099788, -1.123743, -1.158838, 0.879327, 0.382221, 0.695806, -0.759687, 0.067845, -0.831458, 0.42302, 1.607542, -0.262846, -0.13645, -0.622591, -1.35112, 0.840631, 0.857825, 0.841991, -0.872671, -0.004565, -0.806022, 0.606834, 1.798906, -0.714253, 0.140399, -0.794223, -0.614344, 0.344943, 1.427364, 4.939891, -11.30477, -7.453679, -1.461857, 0.837123, 1.352295, -0.656123, 1.757282, 0.282791, 0.422882, 0.600215, -0.324541, -0.2083, 1.241394, 0.586276, 0.358364, 0.656588, -0.35732, 0.288254, 0.821752, 0.574999, -1.35332, 3.736668, -0.12407]]},
 "initial_charges": {"__ndarray__": [[19], "float64", [-0.66, -0.75, -0.72, -0.75, -0.74, -0.76, -0.75, -0.76, -0.76, -0.76, -0.76, -0.55, -0.29, 1.39, 1.49, 1.51, 1.51, 1.52, 1.6]]},
 "initial_magmoms": {"__ndarray__": [[19], "float64", [0.0, -0.011, -0.008, -0.0, -0.003, 0.029, 0.019, -0.034, -0.016, -0.043, -0.077, -0.233, 0.791, -0.022, -0.027, 0.038, 0.032, -0.189, 0.279]]},
 "magmom": 0.7743057,
 "magmoms": {"__ndarray__": [[19], "float64", [0.001, 0.0, -0.0, -0.0, -0.0, 0.0, 0.001, 0.0, 0.004, -0.005, -0.009, 0.062, -0.04, 0.0, 0.001, -0.001, -0.005, 0.032, -0.068]]},
 "mtime": 21.878440416213213,
 "numbers": {"__ndarray__": [[19], "int64", [8, 8, 8, 8, 8, 8, 8, 8, 8, 8, 8, 8, 8, 45, 45, 45, 45, 45, 45]]},
 "pbc": {"__ndarray__": [[3], "bool", [true, true, true]]},
 "positions": {"__ndarray__": [[19, 3], "float64", [-3.8210124471159452, 5.708987552884028, 3.8678740930903976, -5.565022447115949, 7.452997552884031, 3.8678740930904207, -3.592869363174682, 7.681134497825326, 5.833189808445386, -5.8545624326746815, 9.942827567325326, 5.101075390547582, -6.082707447115987, 7.970682552884069, 7.066393836041875, -7.826717447115991, 9.714692552884074, 7.066393836041897, -5.852108526526161, 9.940373661176807, 9.020539789306252, -8.10065027159839, 12.188915406249034, 8.28337541985422, -8.338088526461743, 10.226063632229826, 10.25567379153116, -10.077802641316042, 11.965777747084125, 10.207039565761333, -8.10971338777635, 12.197978522426997, 12.208109198984495, -10.27552665619947, 14.363791790850115, 11.450795331071948, -10.52693830411653, 12.414913409884614, 13.546206683923554, -3.592877432674627, 7.681142567325271, 3.867874093090346, -4.693019377615918, 6.580994483384, 7.066391105902502, -5.854567432674649, 9.942832567325294, 7.066386764973982, -6.954820799670803, 8.842795905438887, 10.252887979550355, -8.108314987522059, 12.196580122172705, 10.251842739608218, -9.287327778649974, 11.175302884418057, 13.479732333923629]]},
 "stress": {"__ndarray__": [[6], "float64", [0.011770624883156453, 0.004712214559859343, 0.06674436426778249, 0.056248736144334094, -0.05552787304784019, -0.08810222179469715]]},
 "unique_id": "d40d6fe5d7d1459363a1f595af7ab7d0",
 "user": "bcomer3"},
"ids": [1],
"nextid": 2}
