{"1": {
 "calculator": "vasp",
 "calculator_parameters": {"amix": 0.05, "amix_mag": 0.05, "bmix": 0.0001, "bmix_mag": 0.0001, "encut": 500, "sigma": 0.05, "ediff": 1e-06, "ediffg": -0.02, "algo": "normal", "gga": "PE", "prec": "Normal", "ibrion": -1, "idipol": 3, "isif": 2, "ismear": 0, "ispin": 2, "istart": 1, "isym": -1, "kpar": 15, "ldauprint": 2, "ldautype": 2, "lmaxmix": 6, "lorbit": 11, "nbands": 172, "nelm": 299, "npar": 6, "nsw": 0, "inimix": 0, "laechg": true, "lasph": true, "ldau": true, "ldipol": true, "lvtot": false, "dipol": [0.5, 0.5, 0.5], "lreal": "Auto", "ldau_luj": {"Ti": {"L": 2, "U": 3.0, "J": 0.0}, "V": {"L": 2, "U": 3.25, "J": 0.0}, "Cr": {"L": 2, "U": 3.5, "J": 0.0}, "Mn": {"L": 2, "U": 3.75, "J": 0.0}, "Fe": {"L": 2, "U": 4.3, "J": 0.0}, "Co": {"L": 2, "U": 3.32, "J": 0.0}, "Ni": {"L": 2, "U": 6.45, "J": 0.0}, "Cu": {"L": 2, "U": 3.0, "J": 0.0}, "W": {"L": 2, "U": 3.0, "J": 0.0}, "Ce": {"L": 3, "U": 4.5, "J": 0.0}, "O": {"L": -1, "U": 0.0, "J": 0.0}, "C": {"L": -1, "U": 0.0, "J": 0.0}, "Au": {"L": -1, "U": 0.0, "J": 0.0}, "Ir": {"L": -1, "U": 0.0, "J": 0.0}, "H": {"L": -1, "U": 0.0, "J": 0.0}}, "xc": "PBE", "pp": "PBE", "setups": {"base": "minimal"}, "txt": "-", "kpts": [12, 6, 1], "gamma": true, "reciprocal": false, "ignore_constraints": false, "custom": {}},
 "cell": {"array": {"__ndarray__": [[3, 3], "float64", [2.272991380881665, 2.2729913808816646, 0.0, -4.524047926159048, 4.5240479261590485, 0.0, 0.0, 0.0, 27.795939868000005]]}, "__ase_objtype__": "cell"},
 "constraints": [{"name": "FixAtoms", "kwargs": {"indices": [0, 1, 2, 17, 18, 3, 4, 5, 6, 19, 20, 7]}}],
 "ctime": 21.66416785390952,
 "dipole": {"__ndarray__": [[3], "float64", [0.0, 0.0, 0.135664]]},
 "energy": -193.53180849,
 "forces": {"__ndarray__": [[25, 3], "float64", [-0.001336, -0.003006, 1.849532, -0.166731, 0.172742, -0.595686, 0.173942, -0.178061, -0.57798, 0.004861, 0.009722, 0.60365, 0.017372, 0.006757, -0.303522, 0.058253, -0.053556, -0.082061, -0.042437, 0.049502, -0.084314, -0.000681, 0.004652, -0.070836, -0.013923, 0.01917, 0.020956, -0.07025, 0.036279, 0.01919, 0.065903, -0.050486, 0.000495, 0.004796, 0.017346, -0.004743, 0.011666, 0.006403, -0.044145, -0.022717, 0.017212, 0.0003, 0.033158, -0.031491, -0.007484, 0.005978, 0.0074, 0.101017, -0.015232, 0.004726, -0.000253, -0.007192, -0.002762, -2.428289, -0.004332, -0.005778, 1.795058, -0.003574, -0.0067, 0.281398, -0.006764, -0.004012, -0.476468, -0.002791, -0.005143, -0.033117, -0.006989, -0.002899, 0.00095, -0.004337, -0.005404, 0.029733, -0.006644, -0.002614, 0.006619]]},
 "initial_charges": {"__ndarray__": [[25], "float64", [-0.77, -0.92, -0.91, -0.9, -0.84, -0.92, -0.91, -0.9, -0.88, -0.92, -0.92, -0.9, -0.88, -0.92, -0.91, -0.7, -0.53, 1.88, 1.57, 1.8, 1.81, 1.77, 1.8, 2.07, 1.94]]},
 "initial_magmoms": {"__ndarray__": [[25], "float64", [0.091, -0.007, -0.007, 0.02, -0.004, -0.001, -0.001, 0.007, 0.005, -0.0, -0.0, -0.003, 0.017, 0.001, 0.001, 0.151, 0.03, 0.398, -0.115, -0.043, 0.025, -0.051, 0.032, 0.019, 0.46]]},
 "magmom": 0.7908601,
 "magmoms": {"__ndarray__": [[25], "float64", [0.001, -0.007, -0.007, -0.002, -0.007, 0.0, 0.0, 0.005, 0.005, 0.001, 0.001, -0.0, 0.019, 0.004, 0.004, 0.178, 0.023, 0.013, -0.099, -0.006, 0.009, -0.056, 0.037, 0.016, 0.6]]},
 "mtime": 21.66416785390952,
 "numbers": {"__ndarray__": [[25], "int64", [8, 8, 8, 8, 8, 8, 8, 8, 8, 8, 8, 8, 8, 8, 8, 8, 8, 76, 76, 76, 76, 76, 76, 76, 76]]},
 "pbc": {"__ndarray__": [[3], "bool", [true, true, true]]},
 "positions": {"__ndarray__": [[25, 3], "float64", [-1.1525840533340723, 3.290874959642192, 7.500000000000096, -1.4105931756534353, 5.821878830085708, 8.726860000000084, 1.3784197704403924, 3.03286588399188, 8.726860000000084, -1.1525840533340723, 3.290874959642192, 9.953720000000075, -3.4146045042142186, 5.552895410522339, 10.698980000000027, -0.8836077048385085, 5.29489335927078, 11.925840000000019, 0.8514342996254967, 3.559851354806775, 11.925840000000019, -3.4146045042142186, 5.552895410522339, 13.152700000000005, -1.1525840533340723, 3.290874959642192, 13.901025164328487, 1.3806024501993392, 3.0306832042329326, 15.119279595893303, -1.4127758554123844, 5.8240615098446575, 15.119279595893303, -1.1525840533340723, 3.290874959642192, 16.39425398487553, -3.4146045042142186, 5.552895410522339, 17.068703443605333, -0.8702465415408085, 5.281532195973082, 18.27766969008305, 0.8380731363277958, 3.573212518104476, 18.27766969008305, -3.4146045042142186, 5.552895410522339, 19.41516559066215, -1.1525840533340723, 3.290874959642192, 20.158701164621792, -0.01608667927199603, 4.427372333704268, 8.726860000000084, -3.4146045042142186, 5.552895410522339, 8.726860000000084, -1.1525840533340723, 3.290874959642192, 11.925840000000019, -2.2781071301521423, 6.689392784584415, 11.925840000000019, -3.4146045042142186, 5.552895410522339, 15.119303174009694, -0.01608667927199603, 4.427372333704268, 15.130776764523203, -1.1525840533340723, 3.290874959642192, 18.433254026438718, -2.2781071301521423, 6.689392784584415, 18.345428817559785]]},
 "stress": {"__ndarray__": [[6], "float64", [0.0062663565737133995, 0.006449476209957688, 0.0054354931203849455, 9.054557288918842e-05, -0.00010360905148966208, 0.008884120399218348]]},
 "unique_id": "d831e5b6176e8667e195f80cd55830a6",
 "user": "bcomer3"},
"ids": [1],
"nextid": 2}
