{"1": {
 "calculator": "vasp",
 "calculator_parameters": {"amix": 0.05, "amix_mag": 0.05, "bmix": 0.0001, "bmix_mag": 0.0001, "encut": 500, "sigma": 0.05, "ediff": 1e-06, "ediffg": -0.02, "algo": "normal", "gga": "PE", "prec": "Normal", "ibrion": -1, "idipol": 3, "isif": 2, "ismear": 0, "ispin": 2, "istart": 1, "isym": -1, "kpar": 15, "ldauprint": 2, "ldautype": 2, "lmaxmix": 6, "lorbit": 11, "nbands": 116, "nelm": 299, "npar": 6, "nsw": 0, "inimix": 0, "laechg": true, "lasph": true, "ldau": true, "ldipol": true, "lvtot": false, "dipol": [0.5, 0.5, 0.5], "lreal": "Auto", "ldau_luj": {"Ti": {"L": 2, "U": 3.0, "J": 0.0}, "V": {"L": 2, "U": 3.25, "J": 0.0}, "Cr": {"L": 2, "U": 3.5, "J": 0.0}, "Mn": {"L": 2, "U": 3.75, "J": 0.0}, "Fe": {"L": 2, "U": 4.3, "J": 0.0}, "Co": {"L": 2, "U": 3.32, "J": 0.0}, "Ni": {"L": 2, "U": 6.45, "J": 0.0}, "Cu": {"L": 2, "U": 3.0, "J": 0.0}, "W": {"L": 2, "U": 3.0, "J": 0.0}, "Ce": {"L": 3, "U": 4.5, "J": 0.0}, "O": {"L": -1, "U": 0.0, "J": 0.0}, "C": {"L": -1, "U": 0.0, "J": 0.0}, "Au": {"L": -1, "U": 0.0, "J": 0.0}, "Ir": {"L": -1, "U": 0.0, "J": 0.0}, "H": {"L": -1, "U": 0.0, "J": 0.0}}, "xc": "PBE", "pp": "PBE", "setups": {"base": "minimal"}, "txt": "-", "kpts": [12, 6, 1], "gamma": true, "reciprocal": false, "ignore_constraints": false, "custom": {}},
 "cell": {"array": {"__ndarray__": [[3, 3], "float64", [2.2827721412760074, 2.282772141276007, 0.0, -4.74476448644731, 4.744764486447311, 0.0, 0.0, 0.0, 28.420220575000002]]}, "__ase_objtype__": "cell"},
 "constraints": [{"name": "FixAtoms", "kwargs": {"indices": [0, 1, 2, 17, 18, 3, 4, 5, 6, 19, 20, 7]}}],
 "ctime": 21.664163256160506,
 "dipole": {"__ndarray__": [[3], "float64", [0.0, 0.0, 0.147813]]},
 "energy": -211.38659263,
 "forces": {"__ndarray__": [[25, 3], "float64", [-0.004281, 0.000675, 2.902582, -0.287257, 0.284463, -0.470321, 0.299536, -0.308666, -0.466722, 0.000843, 0.006076, -0.289453, -0.017109, 0.024479, -0.012518, 0.337296, -0.343798, -0.134782, -0.308612, 0.304565, -0.108295, -0.002316, 0.022086, -0.8917, -0.003704, 0.019185, 0.057357, 0.002998, 0.016039, -0.031666, 0.042933, 0.007089, 0.016941, -0.00873, 0.021841, 0.058593, 0.03456, -0.021489, 0.043877, -0.418075, 0.4058, -0.021768, 0.415633, -0.424266, -0.016267, -9.3e-05, 0.002786, 0.045952, 0.019145, -0.036889, -0.034303, -0.009394, 0.005644, -2.952894, -0.013888, 0.002091, 2.04797, -0.009412, 0.004418, -0.126905, -0.015007, 0.002627, 0.483925, -0.012622, 0.002011, -0.067967, -0.016203, 0.003259, -0.055526, -0.014132, 0.002306, 0.005792, -0.012109, -0.002333, 0.018099]]},
 "initial_charges": {"__ndarray__": [[25], "float64", [-0.88, -1.03, -1.03, -1.02, -0.97, -1.01, -1.01, -1.02, -0.97, -1.01, -1.01, -1.01, -1.03, -1.0, -1.0, -0.76, -0.46, 10.1, 9.81, 10.04, 9.99, 10.04, 10.05, 10.07, 10.14]]},
 "initial_magmoms": {"__ndarray__": [[25], "float64", [0.011, 0.006, 0.006, -0.015, -0.018, 0.008, 0.008, -0.008, -0.023, -0.006, -0.006, 0.027, -0.021, 0.019, 0.019, -0.049, -0.044, 1.418, 2.27, 1.896, 1.89, 1.827, 1.901, 0.926, 1.204]]},
 "magmom": 11.3521184,
 "magmoms": {"__ndarray__": [[25], "float64", [0.027, 0.009, 0.009, -0.009, -0.03, 0.002, 0.002, -0.007, -0.017, -0.0, -0.0, 0.015, -0.001, 0.016, 0.016, -0.057, 0.018, 0.068, 2.15, 1.879, 1.832, 1.68, 1.726, 0.178, 1.268]]},
 "mtime": 21.664163256160506,
 "numbers": {"__ndarray__": [[25], "int64", [8, 8, 8, 8, 8, 8, 8, 8, 8, 8, 8, 8, 8, 8, 8, 8, 8, 42, 42, 42, 42, 42, 42, 42, 42]]},
 "pbc": {"__ndarray__": [[3], "bool", [true, true, true]]},
 "positions": {"__ndarray__": [[25, 3], "float64", [-1.1525840533340723, 3.2908749596421925, 7.500000000000048, -1.4408007773457312, 5.861858647493992, 8.833300000000063, 1.4183998374573605, 3.0026580326909005, 8.833300000000063, -1.1525840533340723, 3.2908749596421925, 10.16660000000008, -3.5249697306218106, 5.663260636929931, 10.85506000000002, -0.9539860427700106, 5.375043912918272, 12.188349999999968, 0.9315851028816746, 3.4894727672665864, 12.188349999999968, -3.5249697306218106, 5.663260636929931, 13.521649999999983, -1.1525840533340723, 3.2908749596421925, 14.182348522549562, -1.4566860614917538, 5.8777439316400155, 15.503830922371034, 1.4342851216033843, 2.986772748544877, 15.503830922371034, -1.1525840533340723, 3.2908749596421925, 16.72100684742547, -3.5249697306218106, 5.663260636929931, 17.492093284080596, -0.9342068701129005, 5.355264740261162, 18.740061768246804, 0.9118059302245649, 3.509251939923696, 18.740061768246804, -3.5249697306218106, 5.663260636929931, 19.94737378734078, -1.1525840533340723, 3.2908749596421925, 20.70835300045621, -0.011200571414001548, 4.432258441562263, 8.833300000000063, -3.5249697306218106, 5.663260636929931, 8.833300000000063, -2.38358624870174, 6.8046441188500015, 12.188349999999968, -1.1525840533340723, 3.2908749596421925, 12.188349999999968, -0.011200571414001548, 4.432258441562263, 15.525356622996886, -3.5249697306218106, 5.663260636929931, 15.534545951746441, -1.1525840533340723, 3.2908749596421925, 19.01155002878228, -2.38358624870174, 6.8046441188500015, 18.917272235636474]]},
 "stress": {"__ndarray__": [[6], "float64", [0.033276986636703275, 0.033482887781257034, 0.01341200447006298, -0.00010746630412945794, 2.542166666972251e-05, 0.01458442826879627]]},
 "unique_id": "cf615e137cc95f430dbcebb4a3595a65",
 "user": "bcomer3"},
"ids": [1],
"nextid": 2}
