{"1": {
 "calculator": "vasp",
 "calculator_parameters": {"amix": 0.01, "amix_mag": 0.01, "bmix": 0.0001, "bmix_mag": 0.0001, "encut": 500, "sigma": 0.05, "ediff": 1e-06, "ediffg": -0.02, "algo": "normal", "gga": "PE", "prec": "Normal", "ibrion": -1, "icharg": 11, "idipol": 3, "isif": 2, "ismear": 0, "ispin": 2, "istart": 1, "isym": -1, "kpar": 15, "ldauprint": 2, "ldautype": 2, "lmaxmix": 6, "lorbit": 11, "nbands": 130, "nelm": 299, "npar": 6, "nsw": 0, "inimix": 0, "laechg": true, "lasph": true, "ldau": true, "ldipol": true, "lvtot": false, "dipol": [0.5, 0.5, 0.5], "lreal": "Auto", "ldau_luj": {"Ti": {"L": 2, "U": 3.0, "J": 0.0}, "V": {"L": 2, "U": 3.25, "J": 0.0}, "Cr": {"L": 2, "U": 3.5, "J": 0.0}, "Mn": {"L": 2, "U": 3.75, "J": 0.0}, "Fe": {"L": 2, "U": 4.3, "J": 0.0}, "Co": {"L": 2, "U": 3.32, "J": 0.0}, "Ni": {"L": 2, "U": 6.45, "J": 0.0}, "Cu": {"L": 2, "U": 3.0, "J": 0.0}, "W": {"L": 2, "U": 3.0, "J": 0.0}, "Ce": {"L": 3, "U": 4.5, "J": 0.0}, "O": {"L": -1, "U": 0.0, "J": 0.0}, "C": {"L": -1, "U": 0.0, "J": 0.0}, "Au": {"L": -1, "U": 0.0, "J": 0.0}, "Ir": {"L": -1, "U": 0.0, "J": 0.0}, "H": {"L": -1, "U": 0.0, "J": 0.0}}, "xc": "PBE", "pp": "PBE", "setups": {"base": "minimal"}, "txt": "-", "kpts": [12, 6, 1], "gamma": true, "reciprocal": false, "ignore_constraints": false, "custom": {}},
 "cell": {"array": {"__ndarray__": [[3, 3], "float64", [2.028589225368455, 2.0285892253684548, 0.0, -2.49969259, 2.4996925900000004, -3.5350991625415285, -14.999077769499996, 14.9990777695, 21.211899204715692]]}, "__ase_objtype__": "cell"},
 "constraints": [{"name": "FixAtoms", "kwargs": {"indices": [0, 1, 2, 3, 4, 5, 13, 14, 15]}}],
 "ctime": 21.8785631894401,
 "dipole": {"__ndarray__": [[3], "float64", [-0.123914, 0.123914, 0.175241]]},
 "energy": -214.32874879,
 "forces": {"__ndarray__": [[19, 3], "float64", [-0.552845, 1.61534, 1.146295, 0.198826, -0.569902, -0.582249, -0.640934, 0.344733, 0.283181, 1.838029, -2.117574, -0.746906, -0.570719, 0.288165, 2.607835, 0.518047, -0.862352, -0.752916, -0.52556, 0.218879, 0.715616, 2.731715, -2.888688, -0.083315, -0.692745, 0.396965, 1.972137, -0.35209, 0.132442, -1.379587, -1.374257, 1.094726, 3.244717, 4.476722, -4.741217, -0.498968, -3.173818, 3.078725, 0.294446, -0.359115, 0.916474, -1.395487, -0.036939, 0.353204, -1.173422, -0.569375, 0.915629, -0.344457, -0.358962, 0.669838, -1.810627, 0.094686, 0.342163, -1.263863, -0.650666, 0.812449, -0.232429]]},
 "magmom": 0.3328625,
 "magmoms": {"__ndarray__": [[19], "float64", [-0.004, 0.001, -0.008, -0.001, 0.0, 0.0, 0.0, 0.0, -0.001, -0.0, -0.001, -0.0, -0.0, 0.064, 0.006, 0.002, 0.003, 0.001, -0.0]]},
 "mtime": 21.8785631894401,
 "numbers": {"__ndarray__": [[19], "int64", [8, 8, 8, 8, 8, 8, 8, 8, 8, 8, 8, 8, 8, 73, 73, 73, 73, 73, 73]]},
 "pbc": {"__ndarray__": [[3], "bool", [true, true, true]]},
 "positions": {"__ndarray__": [[19, 3], "float64", [-3.821012447115947, 5.70898755288403, 3.8678740930904, -5.956802447116001, 7.844777552884083, 3.8678740930904767, -3.8746146769785295, 7.791180143021448, 5.892734592373696, -6.374307266978532, 10.290872733021452, 5.378112756348613, -6.320707447115996, 8.20868255288408, 7.402976663886685, -8.456497447115943, 10.344472552884026, 7.40297666388661, -6.38704790190611, 10.30361336794903, 9.442723825922986, -8.848652315721008, 12.765217781763928, 8.883698757782692, -8.851485805434978, 10.73946091120306, 10.92132400625242, -10.78894153380936, 12.676916639577444, 10.817263171042315, -8.911507647604832, 12.828073113647752, 12.940405318400678, -11.366915181554827, 15.283480647597747, 12.130937125276457, -11.464392615194349, 13.352367720962432, 14.4597973025733, -3.8746172669785777, 7.791182733021497, 3.8678740930904754, -4.888909857116004, 6.776884962884086, 7.402973255631994, -6.37430726697858, 10.290872733021498, 7.40296959281888, -7.378011178148057, 9.26598628391614, 10.95398228633354, -8.882054889192029, 12.798620355234949, 11.030889002046194, -10.244501764626891, 12.132476870394974, 14.527442612727057]]},
 "stress": {"__ndarray__": [[6], "float64", [-0.5001676092364061, -0.5091193314209669, -0.47969952252594994, 0.023129959280953703, -0.015297645516610949, -0.07156229126770691]]},
 "unique_id": "4580c8d55bebd9b2579f3dbbed41b4e7",
 "user": "bcomer3"},
"ids": [1],
"nextid": 2}
