{"1": {
 "calculator": "vasp",
 "calculator_parameters": {"amix": 0.01, "amix_mag": 0.01, "bmix": 0.0001, "bmix_mag": 0.0001, "encut": 500, "sigma": 0.05, "ediff": 1e-06, "ediffg": -0.02, "algo": "normal", "gga": "PE", "prec": "Normal", "ibrion": -1, "icharg": 11, "idipol": 3, "isif": 2, "ismear": 0, "ispin": 2, "istart": 1, "isym": -1, "kpar": 15, "ldauprint": 2, "ldautype": 2, "lmaxmix": 6, "lorbit": 11, "nbands": 88, "nelm": 299, "npar": 6, "nsw": 0, "inimix": 0, "laechg": true, "lasph": true, "ldau": true, "ldipol": true, "lvtot": false, "dipol": [0.5, 0.5, 0.5], "lreal": "Auto", "ldau_luj": {"Ti": {"L": 2, "U": 3.0, "J": 0.0}, "V": {"L": 2, "U": 3.25, "J": 0.0}, "Cr": {"L": 2, "U": 3.5, "J": 0.0}, "Mn": {"L": 2, "U": 3.75, "J": 0.0}, "Fe": {"L": 2, "U": 4.3, "J": 0.0}, "Co": {"L": 2, "U": 3.32, "J": 0.0}, "Ni": {"L": 2, "U": 6.45, "J": 0.0}, "Cu": {"L": 2, "U": 3.0, "J": 0.0}, "W": {"L": 2, "U": 3.0, "J": 0.0}, "Ce": {"L": 3, "U": 4.5, "J": 0.0}, "O": {"L": -1, "U": 0.0, "J": 0.0}, "C": {"L": -1, "U": 0.0, "J": 0.0}, "Au": {"L": -1, "U": 0.0, "J": 0.0}, "Ir": {"L": -1, "U": 0.0, "J": 0.0}, "H": {"L": -1, "U": 0.0, "J": 0.0}}, "xc": "PBE", "pp": "PBE", "setups": {"base": "minimal"}, "txt": "-", "kpts": [12, 6, 1], "gamma": true, "reciprocal": false, "ignore_constraints": false, "custom": {}},
 "cell": {"array": {"__ndarray__": [[3, 3], "float64", [2.105827855308268, 2.105827855308268, 0.0, -2.2412088005, 2.2412088005000004, -3.169547881777036, -14.223626401999999, 14.223626402, 20.11524536383643]]}, "__ase_objtype__": "cell"},
 "constraints": [{"name": "FixAtoms", "kwargs": {"indices": [0, 13, 1, 2, 14, 3, 4, 15, 5]}}],
 "ctime": 21.878339479464074,
 "dipole": {"__ndarray__": [[3], "float64", [-0.041925, 0.041925, 0.05929]]},
 "energy": -21.70587231,
 "forces": {"__ndarray__": [[19, 3], "float64", [0.670893, 0.129058, -6.507083, 2.768191, -3.021993, 0.542395, 1.126704, -0.687152, 2.862393, -3.794456, 2.095556, -1.43398, -1.238763, 0.295679, -4.824543, 2.501456, -2.470831, 0.958024, 1.267777, -0.743958, 3.267421, -4.232518, 2.436276, -1.426406, -1.182714, 0.333097, -3.490838, 1.572763, -1.768059, 1.536094, -0.5123, 0.980808, 4.248382, -4.490955, 2.393805, -3.510158, -5.705526, 5.212201, 4.681326, 1.259323, 0.12476, 0.724946, 1.732876, -0.681914, 0.170025, 0.864994, -0.11039, 1.13509, 1.656793, -0.76782, 0.300469, 0.905208, -0.092718, 1.047432, 4.830253, -3.656404, -0.280989]]},
 "initial_charges": {"__ndarray__": [[19], "float64", [-0.78, -0.95, -0.9, -0.9, -0.9, -0.91, -0.91, -0.91, -0.89, -0.93, -0.9, -0.56, -0.37, 1.73, 1.81, 1.81, 1.8, 1.82, 1.85]]},
 "initial_magmoms": {"__ndarray__": [[19], "float64", [-0.449, -0.214, -0.233, -0.248, -0.247, -0.231, -0.229, -0.25, -0.258, -0.192, -0.191, -0.662, -0.753, 2.738, 2.526, 2.517, 2.529, 2.488, 1.923]]},
 "magmom": 10.0000091,
 "magmoms": {"__ndarray__": [[19], "float64", [-0.055, -0.084, -0.069, -0.081, -0.102, -0.085, -0.07, -0.083, -0.099, -0.05, -0.064, -0.058, -0.031, 0.788, 1.464, 0.854, 1.314, 0.993, 0.166]]},
 "mtime": 21.878339479464074,
 "numbers": {"__ndarray__": [[19], "int64", [8, 8, 8, 8, 8, 8, 8, 8, 8, 8, 8, 8, 8, 24, 24, 24, 24, 24, 24]]},
 "pbc": {"__ndarray__": [[3], "bool", [true, true, true]]},
 "positions": {"__ndarray__": [[19, 3], "float64", [-3.8210124471159275, 5.70898755288401, 3.867874093090372, -5.596352447115912, 7.484327552883994, 3.8678740930903404, -3.655766294090163, 7.649576104909902, 5.7820670219557835, -5.89697509459014, 9.890784905409879, 5.123229046002176, -6.062222447115961, 7.950197552884044, 7.037423671216626, -7.837562447115946, 9.725537552884028, 7.037423671216594, -5.899913416457357, 9.894152282968266, 8.957809827054522, -8.120386995645081, 12.114011113373765, 8.296060054228791, -8.298288531029785, 10.185887603323314, 10.217676046315319, -10.043823734142121, 11.931597662464586, 10.170336031287027, -8.138383149569538, 12.131812760193972, 12.120223721161612, -10.299906039676356, 14.293735242870794, 11.334420778179545, -10.470299575428236, 12.358693432451679, 13.468917274614068, -3.655765094590134, 7.649574905409873, 3.867874093090438, -4.708683646615935, 6.596658752384017, 7.03742197486741, -5.89697509459017, 9.890784905409909, 7.0374236712166915, -6.952396425103597, 8.840461383160049, 10.215086293474492, -8.14361199744091, 12.13742049004754, 10.242087110392117, -9.339374782688058, 11.227527338780822, 13.464583731537001]]},
 "stress": {"__ndarray__": [[6], "float64", [-0.3122110967704866, -0.3399281283533257, -0.3387957001450711, 0.10776385559401619, -0.12488382828860212, -0.07840362814511494]]},
 "unique_id": "81feeff0319a32010a11e86272194ec4",
 "user": "bcomer3"},
"ids": [1],
"nextid": 2}
