{"1": {
 "calculator": "vasp",
 "calculator_parameters": {"amix": 0.05, "amix_mag": 0.05, "bmix": 0.0001, "bmix_mag": 0.0001, "encut": 500, "sigma": 0.05, "ediff": 1e-06, "ediffg": -0.02, "algo": "normal", "gga": "PE", "prec": "Normal", "ibrion": -1, "idipol": 3, "isif": 2, "ismear": 0, "ispin": 2, "istart": 1, "isym": -1, "kpar": 15, "ldauprint": 2, "ldautype": 2, "lmaxmix": 6, "lorbit": 11, "nbands": 116, "nelm": 299, "npar": 6, "nsw": 0, "inimix": 0, "laechg": true, "lasph": true, "ldau": true, "ldipol": true, "lvtot": false, "dipol": [0.5, 0.5, 0.5], "lreal": "Auto", "ldau_luj": {"Ti": {"L": 2, "U": 3.0, "J": 0.0}, "V": {"L": 2, "U": 3.25, "J": 0.0}, "Cr": {"L": 2, "U": 3.5, "J": 0.0}, "Mn": {"L": 2, "U": 3.75, "J": 0.0}, "Fe": {"L": 2, "U": 4.3, "J": 0.0}, "Co": {"L": 2, "U": 3.32, "J": 0.0}, "Ni": {"L": 2, "U": 6.45, "J": 0.0}, "Cu": {"L": 2, "U": 3.0, "J": 0.0}, "W": {"L": 2, "U": 3.0, "J": 0.0}, "Ce": {"L": 3, "U": 4.5, "J": 0.0}, "O": {"L": -1, "U": 0.0, "J": 0.0}, "C": {"L": -1, "U": 0.0, "J": 0.0}, "Au": {"L": -1, "U": 0.0, "J": 0.0}, "Ir": {"L": -1, "U": 0.0, "J": 0.0}, "H": {"L": -1, "U": 0.0, "J": 0.0}}, "xc": "PBE", "pp": "PBE", "setups": {"base": "minimal"}, "txt": "-", "kpts": [12, 6, 1], "gamma": true, "reciprocal": false, "ignore_constraints": false, "custom": {}},
 "cell": {"array": {"__ndarray__": [[3, 3], "float64", [2.410603917755822, 2.4106039177558216, 0.0, -4.967707774072791, 4.9677077740727915, 0.0, 0.0, 0.0, 29.050799417]]}, "__ase_objtype__": "cell"},
 "constraints": [{"name": "FixAtoms", "kwargs": {"indices": [0, 1, 2, 3, 4, 5, 6, 7, 17, 18, 19, 20]}}],
 "ctime": 21.66415115028377,
 "dipole": {"__ndarray__": [[3], "float64", [0.0, 0.0, 0.135379]]},
 "energy": -86.42780903,
 "forces": {"__ndarray__": [[25, 3], "float64", [-0.005915, 0.006744, -0.623216, -0.067214, 0.031269, -0.362911, 0.04424, -0.036612, -0.347686, -0.027811, 0.028938, 0.306276, -0.023723, 0.007339, 0.003404, -0.344352, 0.307589, 0.097583, 0.328347, -0.340253, 0.142305, 0.03396, -0.024952, 0.740847, -0.025663, 0.019867, -0.009713, 0.001906, 0.020406, 0.000127, 0.012489, -0.023905, 0.005095, 0.008551, -0.02737, -0.012344, -0.023123, 0.030759, -0.019928, 0.005566, -0.036067, -0.029963, -0.005589, 0.003599, 0.009928, -0.000165, -0.014946, 0.012962, 0.028412, -0.031518, 0.017732, 0.009497, 0.009908, 0.104578, 0.008955, 0.00812, -0.159094, 0.005086, 0.009094, 0.213297, 0.004595, 0.011095, -0.062771, 0.010601, 0.009558, -0.010643, 0.008002, 0.011629, -0.019369, 0.005397, 0.007444, 0.007411, 0.007951, 0.012265, -0.003904]]},
 "initial_charges": {"__ndarray__": [[25], "float64", [-0.5, -0.77, -0.77, -0.69, -0.71, -0.67, -0.67, -0.66, -0.61, -0.71, -0.72, -0.81, -0.79, -0.68, -0.68, -0.39, -0.15, 1.37, 1.36, 1.38, 1.39, 1.36, 1.39, 1.37, 1.35]]},
 "initial_magmoms": {"__ndarray__": [[25], "float64", [0.975, 0.309, 0.309, 0.736, 0.777, 0.771, 0.771, 0.848, 0.909, 0.738, 0.738, 0.625, 0.689, 0.801, 0.801, 1.141, 1.435, 0.137, 0.032, 0.157, 0.17, 0.139, 0.125, 0.142, 0.143]]},
 "magmom": 16.8284592,
 "magmoms": {"__ndarray__": [[25], "float64", [0.962, 0.286, 0.286, 0.721, 0.777, 0.773, 0.773, 0.85, 0.909, 0.738, 0.739, 0.626, 0.689, 0.803, 0.803, 1.14, 1.436, 0.123, 0.037, 0.157, 0.171, 0.139, 0.125, 0.142, 0.143]]},
 "mtime": 21.66415115028377,
 "numbers": {"__ndarray__": [[25], "int64", [8, 8, 8, 8, 8, 8, 8, 8, 8, 8, 8, 8, 8, 8, 8, 8, 8, 48, 48, 48, 48, 48, 48, 48, 48]]},
 "pbc": {"__ndarray__": [[3], "bool", [true, true, true]]},
 "positions": {"__ndarray__": [[25, 3], "float64", [-1.1525840533340723, 3.2908749596421925, 7.500000000000046, -1.5158743043042802, 6.064762938355468, 8.794379999999961, 1.6213037189040078, 2.9275849151471793, 8.794379999999961, -1.1525840533340723, 3.2908749596421925, 10.088760000000079, -3.636438043608048, 5.7747289499161685, 11.012699999999949, -0.8625500648947724, 5.411438698945959, 12.307080000000074, 0.9679794794945353, 3.580909154556652, 12.307080000000074, -3.636438043608048, 5.7747289499161685, 13.601459999999987, -1.1525840533340723, 3.2908749596421925, 14.58989999999999, -1.4743459230451852, 6.023234557096373, 15.725930000000043, 1.5797753376449473, 2.9691132964062397, 15.725930000000043, -1.1525840533340723, 3.2908749596421925, 17.454429999999903, -3.636438043608048, 5.7747289499161685, 18.22721000000007, -0.9009318209775952, 5.4498204550287825, 20.02543000000005, 1.0063612355773228, 3.5425273984738643, 20.02543000000005, -3.636438043608048, 5.7747289499161685, 21.034090000000013, -1.1525840533340723, 3.2908749596421925, 21.78171000000009, 0.05271481053746152, 4.496173823513725, 8.794379999999961, -3.636438043608048, 5.7747289499161685, 8.794379999999961, -1.1525840533340723, 3.2908749596421925, 12.307080000000074, -2.431139179736514, 6.980027813787702, 12.307080000000074, 0.05271481053746152, 4.496173823513725, 16.06248999999996, -3.636438043608048, 5.7747289499161685, 15.964429999999927, -1.1525840533340723, 3.2908749596421925, 19.591510000000074, -2.431139179736514, 6.980027813787702, 19.60013999999991]]},
 "stress": {"__ndarray__": [[6], "float64", [-0.013542820259832368, -0.013533913626309733, -0.007891183678418085, 1.373132007694317e-07, 3.620699443924878e-05, -0.004397767330097344]]},
 "unique_id": "96ea03fbdee50ac3fd7ac9a66166310e",
 "user": "bcomer3"},
"ids": [1],
"nextid": 2}
