{"1": {
 "calculator": "vasp",
 "calculator_parameters": {"amix": 0.01, "amix_mag": 0.01, "bmix": 0.0001, "bmix_mag": 0.0001, "encut": 500, "sigma": 0.05, "ediff": 1e-06, "ediffg": -0.02, "algo": "normal", "gga": "PE", "prec": "Normal", "ibrion": -1, "icharg": 11, "idipol": 3, "isif": 2, "ismear": 0, "ispin": 2, "istart": 1, "isym": -1, "kpar": 15, "ldauprint": 2, "ldautype": 2, "lmaxmix": 6, "lorbit": 11, "nbands": 130, "nelm": 299, "npar": 6, "nsw": 0, "inimix": 0, "laechg": true, "lasph": true, "ldau": true, "ldipol": true, "lvtot": false, "dipol": [0.5, 0.5, 0.5], "lreal": "Auto", "ldau_luj": {"Ti": {"L": 2, "U": 3.0, "J": 0.0}, "V": {"L": 2, "U": 3.25, "J": 0.0}, "Cr": {"L": 2, "U": 3.5, "J": 0.0}, "Mn": {"L": 2, "U": 3.75, "J": 0.0}, "Fe": {"L": 2, "U": 4.3, "J": 0.0}, "Co": {"L": 2, "U": 3.32, "J": 0.0}, "Ni": {"L": 2, "U": 6.45, "J": 0.0}, "Cu": {"L": 2, "U": 3.0, "J": 0.0}, "W": {"L": 2, "U": 3.0, "J": 0.0}, "Ce": {"L": 3, "U": 4.5, "J": 0.0}, "O": {"L": -1, "U": 0.0, "J": 0.0}, "C": {"L": -1, "U": 0.0, "J": 0.0}, "Au": {"L": -1, "U": 0.0, "J": 0.0}, "Ir": {"L": -1, "U": 0.0, "J": 0.0}, "H": {"L": -1, "U": 0.0, "J": 0.0}}, "xc": "PBE", "pp": "PBE", "setups": {"base": "minimal"}, "txt": "-", "kpts": [12, 6, 1], "gamma": true, "reciprocal": false, "ignore_constraints": false, "custom": {}},
 "cell": {"array": {"__ndarray__": [[3, 3], "float64", [2.393441386829961, 2.3934413868299607, 0.0, -2.333238899, 2.333238899, -3.2996980952222676, -14.499716696499997, 14.4997166965, 20.50569600275791]]}, "__ase_objtype__": "cell"},
 "constraints": [{"name": "FixAtoms", "kwargs": {"indices": [0, 13, 1, 2, 14, 3, 4, 15, 5]}}],
 "ctime": 21.878568576623273,
 "dipole": {"__ndarray__": [[3], "float64", [-0.025981, 0.025981, 0.036743]]},
 "energy": -118.47355423,
 "forces": {"__ndarray__": [[19, 3], "float64", [-0.520911, 2.260785, -0.599169, 0.63995, -0.862578, -0.428887, -1.530127, 1.469815, 2.093277, -0.841068, 0.439529, -0.797406, -1.146523, 0.905168, -0.124288, 1.05405, -1.044477, 0.192403, -0.210481, 0.275025, 2.213239, -0.943791, 0.369315, -0.639839, -1.114162, 0.36649, -0.361832, 0.174976, -0.86661, 0.00108, -0.940883, -0.030082, 1.002985, 3.83074, -9.580176, -1.421736, -0.26124, -1.379929, 0.268885, 2.797078, -0.710943, -1.656134, -0.520782, 2.183882, 0.784938, 0.842241, 0.843927, -1.00653, -0.45478, 1.813064, 0.622238, 0.135876, 0.230522, -1.037505, -0.990163, 3.317273, 0.894282]]},
 "initial_charges": {"__ndarray__": [[19], "float64", [-0.58, -0.7, -0.63, -0.72, -0.7, -0.7, -0.7, -0.69, -0.69, -0.7, -0.7, -0.52, -0.27, 1.23, 1.38, 1.4, 1.4, 1.39, 1.48]]},
 "initial_magmoms": {"__ndarray__": [[19], "float64", [-0.133, -0.017, -0.001, 0.0, 0.011, 0.01, -0.006, -0.0, 0.0, 0.044, 0.002, 0.125, 0.873, -0.045, 0.006, 0.026, -0.006, 0.006, 0.1]]},
 "magmom": 1.1542625,
 "magmoms": {"__ndarray__": [[19], "float64", [0.001, -0.002, -0.014, -0.001, -0.0, -0.001, 0.0, -0.002, 0.0, -0.003, -0.017, 0.13, -0.009, -0.143, 0.01, 0.001, -0.003, -0.004, -0.117]]},
 "mtime": 21.878568576623273,
 "numbers": {"__ndarray__": [[19], "int64", [8, 8, 8, 8, 8, 8, 8, 8, 8, 8, 8, 8, 8, 79, 79, 79, 79, 79, 79]]},
 "pbc": {"__ndarray__": [[3], "bool", [true, true, true]]},
 "positions": {"__ndarray__": [[19, 3], "float64", [-3.821012447116009, 5.708987552884092, 3.8678740930904874, -3.8210085481159424, 5.708983653884025, 6.362439194050218, -4.075570788500171, 8.356989211499739, 5.115153886560912, -5.8394907885001945, 10.120909211499761, 5.11515388656098, -6.1542524471159155, 8.042227552883999, 7.167573745361755, -6.154248548115951, 8.042223653884033, 9.66213884632163, -6.412309704619043, 10.69372812761861, 8.402327447871452, -8.185301721433188, 12.466720144432756, 8.481826401317736, -8.417936916626763, 10.305912022394846, 10.468359080203454, -8.650875229311616, 10.538850335079697, 12.957273799974761, -8.73533188096181, 13.01675030396138, 11.41746858543309, -10.457208828459246, 14.738627251458816, 11.696478290194143, -10.674215198525504, 12.562190304293587, 13.5877549963804, -2.6242918895001774, 6.905710312499745, 5.1151523295118055, -6.154252447115936, 8.042227552884018, 5.115153886560939, -4.9575318895001885, 9.238950312499757, 8.414851981783224, -8.492846906284896, 10.38082201205298, 8.420904992871732, -7.305100025602851, 11.586518448602419, 11.719809465318688, -10.808714782749178, 12.69668988851726, 11.685449220538832]]},
 "stress": {"__ndarray__": [[6], "float64", [0.23751925041197058, 0.23492223960430916, 0.3861284841936448, 0.04627517905172018, -0.050114406213160496, -0.10174028124228138]]},
 "unique_id": "d7306f228f8903aa83e69996394d3de1",
 "user": "bcomer3"},
"ids": [1],
"nextid": 2}
