{"1": {
 "calculator": "vasp",
 "calculator_parameters": {"amix": 0.05, "amix_mag": 0.05, "bmix": 0.0001, "bmix_mag": 0.0001, "encut": 500, "sigma": 0.05, "ediff": 1e-06, "ediffg": -0.02, "algo": "normal", "gga": "PE", "prec": "Normal", "ibrion": -1, "idipol": 3, "isif": 2, "ismear": 0, "ispin": 2, "istart": 1, "isym": -1, "kpar": 15, "ldauprint": 2, "ldautype": 2, "lmaxmix": 6, "lorbit": 11, "nbands": 108, "nelm": 299, "npar": 6, "nsw": 0, "inimix": 0, "laechg": true, "lasph": true, "ldau": true, "ldipol": true, "lvtot": false, "dipol": [0.5, 0.5, 0.5], "lreal": "Auto", "ldau_luj": {"Ti": {"L": 2, "U": 3.0, "J": 0.0}, "V": {"L": 2, "U": 3.25, "J": 0.0}, "Cr": {"L": 2, "U": 3.5, "J": 0.0}, "Mn": {"L": 2, "U": 3.75, "J": 0.0}, "Fe": {"L": 2, "U": 4.3, "J": 0.0}, "Co": {"L": 2, "U": 3.32, "J": 0.0}, "Ni": {"L": 2, "U": 6.45, "J": 0.0}, "Cu": {"L": 2, "U": 3.0, "J": 0.0}, "W": {"L": 2, "U": 3.0, "J": 0.0}, "Ce": {"L": 3, "U": 4.5, "J": 0.0}, "O": {"L": -1, "U": 0.0, "J": 0.0}, "C": {"L": -1, "U": 0.0, "J": 0.0}, "Au": {"L": -1, "U": 0.0, "J": 0.0}, "Ir": {"L": -1, "U": 0.0, "J": 0.0}, "H": {"L": -1, "U": 0.0, "J": 0.0}}, "xc": "PBE", "pp": "PBE", "setups": {"base": "minimal"}, "txt": "-", "kpts": [12, 6, 1], "gamma": true, "reciprocal": false, "ignore_constraints": false, "custom": {}},
 "cell": {"array": {"__ndarray__": [[3, 3], "float64", [2.2595349061975543, 2.259534906197554, 0.0, -4.562582797022931, 4.562582797022932, 0.0, 0.0, 0.0, 27.904932943]]}, "__ase_objtype__": "cell"},
 "constraints": [{"name": "FixAtoms", "kwargs": {"indices": [0, 1, 2, 3, 4, 5, 6, 7, 17, 18, 19, 20]}}],
 "ctime": 21.664164138916615,
 "dipole": {"__ndarray__": [[3], "float64", [0.0, 0.0, 0.139058]]},
 "energy": -130.09713913,
 "forces": {"__ndarray__": [[25, 3], "float64", [-0.014838, -0.028072, 0.312883, -0.15553, 0.13623, -0.796306, 0.1419, -0.149952, -0.798792, 0.003119, -0.01196, -0.09986, 0.012826, 0.009017, 0.14379, -0.007499, 0.01673, -0.047853, -0.011999, 0.01639, -0.061744, 0.021075, -0.006164, -0.072112, -0.014352, -0.014088, 0.043053, -0.034441, 0.043507, 0.079099, 0.028073, -0.035945, 0.094066, 0.000496, 0.001381, -0.030946, 0.01238, 0.009753, 0.086411, 0.055214, -0.039532, 0.087713, -0.067381, 0.067792, 0.099149, 0.011772, 0.009593, 0.118144, 0.018215, 0.000562, -0.042673, -0.003083, -0.011785, 0.020204, 7.3e-05, -0.003141, 0.908135, 0.000452, -0.001821, -0.063648, -0.004667, -0.00391, 0.371446, 0.005977, -0.004125, -0.112024, 0.006186, -0.003902, -0.091472, 0.000104, 0.003616, -0.044801, -0.004073, -0.000173, -0.101861]]},
 "initial_charges": {"__ndarray__": [[25], "float64", [-0.58, -0.74, -0.74, -0.73, -0.67, -0.72, -0.72, -0.71, -0.69, -0.71, -0.7, -0.7, -0.71, -0.69, -0.68, -0.53, -0.36, 1.47, 1.28, 1.43, 1.44, 1.44, 1.42, 1.48, 1.43]]},
 "initial_magmoms": {"__ndarray__": [[25], "float64", [0.025, -0.009, -0.009, 0.002, -0.012, -0.042, -0.042, -0.024, -0.02, -0.005, -0.005, -0.026, -0.022, 0.001, 0.001, -0.002, 0.004, 0.008, -0.014, -0.046, -0.047, -0.025, -0.015, -0.003, -0.012]]},
 "magmom": -0.9321877,
 "magmoms": {"__ndarray__": [[25], "float64", [-0.01, -0.005, -0.005, 0.002, -0.013, -0.023, -0.023, -0.032, 0.0, -0.026, -0.026, 0.008, -0.105, -0.004, -0.004, -0.312, 0.01, -0.004, -0.011, -0.021, -0.038, -0.01, -0.06, 0.029, -0.145]]},
 "mtime": 21.664164138916615,
 "numbers": {"__ndarray__": [[25], "int64", [8, 8, 8, 8, 8, 8, 8, 8, 8, 8, 8, 8, 8, 8, 8, 8, 8, 46, 46, 46, 46, 46, 46, 46, 46]]},
 "pbc": {"__ndarray__": [[3], "bool", [true, true, true]]},
 "positions": {"__ndarray__": [[25, 3], "float64", [-1.1525840533340723, 3.2908749596421925, 7.500000000000035, -1.4299184039832409, 5.827740745301735, 8.736289999999926, 1.3842792369456314, 3.0135431043728627, 8.736289999999926, -1.1525840533340723, 3.2908749596421925, 9.972590000000025, -3.4338731640015316, 5.572164070309652, 10.726229999999903, -0.8970073783419887, 5.294829719660483, 11.962529999999997, 0.8513752823721972, 3.5464470589462973, 11.962529999999997, -3.4338731640015316, 5.572164070309652, 13.19882000000009, -1.1525840533340723, 3.2908749596421925, 13.956365716203681, -1.4297281112879507, 5.827550452606445, 15.054644329284397, 1.3840889442503417, 3.013733397068153, 15.054644329284397, -1.1525840533340723, 3.2908749596421925, 16.41328033327736, -3.4338731640015316, 5.572164070309652, 17.17839856044901, -0.8948337536559992, 5.292656094974493, 18.207858214537925, 0.8492016576862091, 3.548620683632285, 18.207858214537925, -3.4338731640015316, 5.572164070309652, 19.623726654847253, -1.1525840533340723, 3.2908749596421925, 20.281309754845488, -0.02281833582888515, 4.42064067714738, 8.736289999999926, -3.4338731640015316, 5.572164070309652, 8.736289999999926, -1.1525840533340723, 3.2908749596421925, 11.962529999999997, -2.3041074464963445, 6.701929787814839, 11.962529999999997, -0.02281833582888515, 4.42064067714738, 15.195898904603556, -3.4338731640015316, 5.572164070309652, 15.199880303233781, -1.1525840533340723, 3.2908749596421925, 18.47564524878583, -2.3041074464963445, 6.701929787814839, 18.420965807925054]]},
 "stress": {"__ndarray__": [[6], "float64", [0.00928563668128642, 0.009336542429717123, 0.0002306736942743935, 7.667069810234994e-05, -3.03087683152891e-05, 0.006700409842854698]]},
 "unique_id": "d1d273c5206d1d881a5ac4bf08824898",
 "user": "bcomer3"},
"ids": [1],
"nextid": 2}
