{"1": {
 "calculator": "vasp",
 "calculator_parameters": {"amix": 0.05, "amix_mag": 0.05, "bmix": 0.0001, "bmix_mag": 0.0001, "encut": 500, "sigma": 0.05, "ediff": 1e-06, "ediffg": -0.02, "algo": "normal", "gga": "PE", "prec": "Normal", "ibrion": -1, "idipol": 3, "isif": 2, "ismear": 0, "ispin": 2, "istart": 1, "isym": -1, "kpar": 15, "ldauprint": 2, "ldautype": 2, "lmaxmix": 6, "lorbit": 11, "nbands": 140, "nelm": 299, "npar": 6, "nsw": 0, "inimix": 0, "laechg": true, "lasph": true, "ldau": true, "ldipol": true, "lvtot": false, "dipol": [0.5, 0.5, 0.5], "lreal": "Auto", "ldau_luj": {"Ti": {"L": 2, "U": 3.0, "J": 0.0}, "V": {"L": 2, "U": 3.25, "J": 0.0}, "Cr": {"L": 2, "U": 3.5, "J": 0.0}, "Mn": {"L": 2, "U": 3.75, "J": 0.0}, "Fe": {"L": 2, "U": 4.3, "J": 0.0}, "Co": {"L": 2, "U": 3.32, "J": 0.0}, "Ni": {"L": 2, "U": 6.45, "J": 0.0}, "Cu": {"L": 2, "U": 3.0, "J": 0.0}, "W": {"L": 2, "U": 3.0, "J": 0.0}, "Ce": {"L": 3, "U": 4.5, "J": 0.0}, "O": {"L": -1, "U": 0.0, "J": 0.0}, "C": {"L": -1, "U": 0.0, "J": 0.0}, "Au": {"L": -1, "U": 0.0, "J": 0.0}, "Ir": {"L": -1, "U": 0.0, "J": 0.0}, "H": {"L": -1, "U": 0.0, "J": 0.0}}, "xc": "PBE", "pp": "PBE", "setups": {"base": "minimal"}, "txt": "-", "kpts": [12, 6, 1], "gamma": true, "reciprocal": false, "ignore_constraints": false, "custom": {}},
 "cell": {"array": {"__ndarray__": [[3, 3], "float64", [2.290749463301592, 2.2907494633015917, 0.0, -4.827740870016344, 4.827740870016345, 0.0, 0.0, 0.0, 28.654913229]]}, "__ase_objtype__": "cell"},
 "constraints": [{"name": "FixAtoms", "kwargs": {"indices": [0, 1, 2, 17, 18, 3, 4, 5, 6, 19, 20, 7]}}],
 "ctime": 21.66415617175931,
 "dipole": {"__ndarray__": [[3], "float64", [0.0, 0.0, 0.198391]]},
 "energy": -149.91112751,
 "forces": {"__ndarray__": [[25, 3], "float64", [-0.007707, 0.008519, 0.864936, -0.91824, 0.924691, -0.726376, 0.928675, -0.907868, -0.783276, -0.021179, -0.009498, 0.87471, 0.018232, 0.018095, -0.691539, -0.112512, 0.130013, -0.110234, 0.15096, -0.160612, -0.122327, 0.006444, 0.017055, -0.209229, 0.018427, 0.019573, 0.05991, 0.032381, -0.018026, 0.017033, -0.03102, 0.042603, -0.036769, 0.007436, 0.016181, 0.037448, -0.001065, 0.01422, 0.02683, -0.035866, 0.019284, -0.016022, 0.006581, -0.025213, -0.01593, -0.009727, 0.018847, 0.0593, 0.006473, 0.013218, -0.015709, -0.00803, -0.018581, -2.065407, -0.006846, -0.013866, 2.151057, -0.001076, -0.016755, 0.623706, -0.003551, -0.015179, 0.039549, -0.000921, -0.016881, -0.010814, -0.00164, -0.007004, 0.011621, -0.005187, -0.006855, -0.002266, -0.011042, -0.025961, 0.039796]]},
 "initial_charges": {"__ndarray__": [[25], "float64", [-1.03, -1.09, -1.09, -1.15, -1.15, -1.16, -1.16, -1.14, -1.15, -1.15, -1.15, -1.12, -1.16, -1.12, -1.12, -0.85, -0.35, 2.26, 2.14, 2.31, 2.28, 2.3, 2.29, 2.27, 2.29]]},
 "initial_magmoms": {"__ndarray__": [[25], "float64", [-0.0, 0.0, 0.0, 0.0, 0.0, 0.0, 0.0, 0.0, 0.001, 0.001, 0.001, 0.009, 0.022, 0.067, 0.067, 0.345, 1.091, 0.0, -0.0, -0.0, -0.0, -0.0, -0.001, -0.032, -0.022]]},
 "magmom": 1.9551561,
 "magmoms": {"__ndarray__": [[25], "float64", [0.0, 0.0, 0.0, 0.0, 0.0, 0.0, 0.0, 0.001, 0.002, 0.004, 0.003, 0.011, 0.035, 0.071, 0.071, 0.275, 1.116, -0.0, -0.0, -0.0, -0.0, -0.001, -0.002, -0.034, -0.019]]},
 "mtime": 21.66415617175931,
 "numbers": {"__ndarray__": [[25], "int64", [8, 8, 8, 8, 8, 8, 8, 8, 8, 8, 8, 8, 8, 8, 8, 8, 8, 50, 50, 50, 50, 50, 50, 50, 50]]},
 "pbc": {"__ndarray__": [[3], "bool", [true, true, true]]},
 "positions": {"__ndarray__": [[25, 3], "float64", [-1.1525840533340723, 3.2908749596421925, 7.499999999999945, -1.4876890280062023, 5.916723062646261, 8.82002000000006, 1.4732616554064315, 2.955772379233627, 8.82002000000006, -1.1525840533340723, 3.2908749596421925, 10.14002999999994, -3.5664556854740264, 5.704746591782147, 10.913729999999957, -0.940607582469958, 5.369641617110016, 12.233750000000072, 0.9261802098701863, 3.502853824769872, 12.233750000000072, -3.5664556854740264, 5.704746591782147, 13.55375999999995, -1.1525840533340723, 3.2908749596421925, 14.315137962684656, -1.4834744066626033, 5.912508441302662, 15.623048498623199, 1.4690470340628328, 2.9599870005772253, 15.623048498623199, -1.1525840533340723, 3.2908749596421925, 16.963703093353413, -3.5664556854740264, 5.704746591782147, 17.724015269687595, -0.9360134288209685, 5.365047463461027, 19.073229514757667, 0.9215860562211979, 3.5074479784188606, 19.073229514757667, -3.5664556854740264, 5.704746591782147, 20.373929754580615, -1.1525840533340723, 3.2908749596421925, 21.189757410682734, -0.007212489168102909, 4.436246523808162, 8.82002000000006, -3.5664556854740264, 5.704746591782147, 8.82002000000006, -2.421084121308057, 6.850118155948116, 12.233750000000072, -1.1525840533340723, 3.2908749596421925, 12.233750000000072, -0.007212489168102909, 4.436246523808162, 15.63697164659336, -3.5664556854740264, 5.704746591782147, 15.658658160762966, -1.1525840533340723, 3.2908749596421925, 19.05873889900426, -2.421084121308057, 6.850118155948116, 19.1153182318477]]},
 "stress": {"__ndarray__": [[6], "float64", [0.0002831647860230717, 9.128207096604264e-05, 0.00047540950860940187, -1.8306346266215595e-05, -1.0186142893441478e-05, 0.006716013615669408]]},
 "unique_id": "59a9febd9e21d4174d7ec8275c6c2a80",
 "user": "bcomer3"},
"ids": [1],
"nextid": 2}
