{"1": {
 "calculator": "vasp",
 "calculator_parameters": {"amix": 0.05, "amix_mag": 0.05, "bmix": 0.0001, "bmix_mag": 0.0001, "encut": 500, "sigma": 0.05, "ediff": 1e-06, "ediffg": -0.02, "algo": "normal", "gga": "PE", "prec": "Normal", "ibrion": -1, "idipol": 3, "isif": 2, "ismear": 0, "ispin": 2, "istart": 1, "isym": -1, "kpar": 15, "ldauprint": 2, "ldautype": 2, "lmaxmix": 6, "lorbit": 11, "nbands": 172, "nelm": 299, "npar": 6, "nsw": 0, "inimix": 0, "laechg": true, "lasph": true, "ldau": true, "ldipol": true, "lvtot": false, "dipol": [0.5, 0.5, 0.5], "lreal": "Auto", "ldau_luj": {"Ti": {"L": 2, "U": 3.0, "J": 0.0}, "V": {"L": 2, "U": 3.25, "J": 0.0}, "Cr": {"L": 2, "U": 3.5, "J": 0.0}, "Mn": {"L": 2, "U": 3.75, "J": 0.0}, "Fe": {"L": 2, "U": 4.3, "J": 0.0}, "Co": {"L": 2, "U": 3.32, "J": 0.0}, "Ni": {"L": 2, "U": 6.45, "J": 0.0}, "Cu": {"L": 2, "U": 3.0, "J": 0.0}, "W": {"L": 2, "U": 3.0, "J": 0.0}, "Ce": {"L": 3, "U": 4.5, "J": 0.0}, "O": {"L": -1, "U": 0.0, "J": 0.0}, "C": {"L": -1, "U": 0.0, "J": 0.0}, "Au": {"L": -1, "U": 0.0, "J": 0.0}, "Ir": {"L": -1, "U": 0.0, "J": 0.0}, "H": {"L": -1, "U": 0.0, "J": 0.0}}, "xc": "PBE", "pp": "PBE", "setups": {"base": "minimal"}, "txt": "-", "kpts": [12, 6, 1], "gamma": true, "reciprocal": false, "ignore_constraints": false, "custom": {}},
 "cell": {"array": {"__ndarray__": [[3, 3], "float64", [2.028589225368455, 2.0285892253684548, 0.0, -4.999385179941269, 4.99938517994127, 0.0, 0.0, 0.0, 29.14039665]]}, "__ase_objtype__": "cell"},
 "constraints": [{"name": "FixAtoms", "kwargs": {"indices": [0, 1, 2, 17, 18, 3, 4, 5, 6, 19, 20, 7]}}],
 "ctime": 21.66417320298991,
 "dipole": {"__ndarray__": [[3], "float64", [0.0, 0.0, 0.245368]]},
 "energy": -241.01641135,
 "forces": {"__ndarray__": [[25, 3], "float64", [0.011861, 0.007459, 3.856245, -0.260593, 0.22949, -0.209205, 0.253551, -0.267878, -0.221417, 0.025758, -0.002974, -0.140604, -0.003842, 0.009246, -0.793664, -0.023176, 0.020645, 0.016528, -0.000324, 0.011402, 0.01928, 0.01682, 0.009138, 0.092226, 0.017469, -0.002968, 0.039967, 0.008075, -0.002044, 0.017062, -0.003686, 0.009804, 0.016999, 0.02383, -0.001657, 0.125556, -0.029365, -0.002911, 0.006297, 0.005585, 0.032722, -0.035523, 0.041042, -0.005292, -0.024942, -0.019224, -0.004573, -0.037601, -0.00732, -0.000111, 0.069204, -0.003046, -0.015935, -4.201301, -0.029143, -0.004362, 1.862875, 0.004552, 0.002394, -0.04851, -0.002005, -0.008667, -0.318494, -0.00707, -0.003106, -0.06097, -0.01087, -0.001503, -0.057339, -0.003579, -0.002063, -0.005666, -0.005303, -0.006257, 0.032998]]},
 "initial_charges": {"__ndarray__": [[25], "float64", [-0.95, -1.09, -1.1, -1.07, -1.09, -1.08, -1.08, -1.11, -1.13, -1.07, -1.07, -1.14, -1.12, -1.04, -1.04, -0.81, -0.69, 2.23, 2.01, 2.19, 2.17, 2.24, 2.19, 2.31, 2.35]]},
 "initial_magmoms": {"__ndarray__": [[25], "float64", [-0.0, 0.003, 0.003, 0.001, -0.003, 0.002, 0.002, 0.0, -0.0, -0.001, -0.001, -0.0, -0.001, 0.0, 0.0, 0.026, -0.002, 0.022, 0.133, 0.029, 0.072, 0.009, 0.017, 0.018, 0.076]]},
 "magmom": 0.0296672,
 "magmoms": {"__ndarray__": [[25], "float64", [0.001, 0.0, 0.0, 0.0, -0.0, 0.0, 0.0, -0.0, 0.0, -0.0, -0.0, 0.0, 0.0, -0.0, -0.0, 0.0, 0.0, 0.008, 0.007, 0.002, 0.002, 0.003, 0.002, -0.0, 0.0]]},
 "mtime": 21.66417320298991,
 "numbers": {"__ndarray__": [[25], "int64", [8, 8, 8, 8, 8, 8, 8, 8, 8, 8, 8, 8, 8, 8, 8, 8, 8, 73, 73, 73, 73, 73, 73, 73, 73]]},
 "pbc": {"__ndarray__": [[3], "bool", [true, true, true]]},
 "positions": {"__ndarray__": [[25, 3], "float64", [-1.1525840533340723, 3.2908749596421925, 7.49999999999992, -3.598670335518512, 3.7083731513645577, 9.010240000000001, -0.735087046015575, 0.8447898618616202, 9.010240000000001, -1.1525840533340723, 3.2908749596421925, 10.520470000000087, -3.652277235506623, 5.790568141814743, 11.03509999999995, -3.2347790437842936, 3.3444818596303394, 12.545340000000028, -1.0989783377497946, 1.2086811535958402, 12.545340000000028, -3.652277235506623, 5.790568141814743, 14.055569999999909, -1.1525840533340723, 3.2908749596421925, 14.588633612265566, -3.6042884653875196, 3.713991281233566, 16.049639032661123, -0.7294689161465664, 0.8391717319926116, 16.049639032661123, -1.1525840533340723, 3.2908749596421925, 17.440830064710344, -3.652277235506623, 5.790568141814743, 18.12266641552764, -3.2258819227019284, 3.3355847385479747, 19.535107217200018, -1.1078754588321575, 1.2175782746782031, 19.535107217200018, -3.652277235506623, 5.790568141814743, 20.849342228469084, -1.1525840533340723, 3.2908749596421925, 21.608843216625157, -2.1668780985651095, 2.2765809144111553, 9.010240000000001, -3.652277235506623, 5.790568141814743, 9.010240000000001, -1.1525840533340723, 3.2908749596421925, 12.545340000000028, -4.66657128073766, 4.776274096583706, 12.545340000000028, -2.1668780985651095, 2.2765809144111553, 16.079693539765223, -3.652277235506623, 5.790568141814743, 16.06627345875953, -1.1525840533340723, 3.2908749596421925, 19.889897849438512, -4.66657128073766, 4.776274096583706, 19.616160352715994]]},
 "stress": {"__ndarray__": [[6], "float64", [-0.011811001205691793, -0.012077738339695538, 0.013790664345712066, -7.868670555001023e-05, 9.037705214278958e-06, -0.01537369206380071]]},
 "unique_id": "76b845d56fc45c40c3a6279c61231678",
 "user": "bcomer3"},
"ids": [1],
"nextid": 2}
