{"1": {
 "calculator": "vasp",
 "calculator_parameters": {"amix": 0.01, "amix_mag": 0.01, "bmix": 0.0001, "bmix_mag": 0.0001, "encut": 500, "sigma": 0.05, "ediff": 1e-06, "ediffg": -0.02, "algo": "normal", "gga": "PE", "prec": "Normal", "ibrion": -1, "icharg": 11, "idipol": 3, "isif": 2, "ismear": 0, "ispin": 2, "istart": 1, "isym": -1, "kpar": 15, "ldauprint": 2, "ldautype": 2, "lmaxmix": 6, "lorbit": 11, "nbands": 88, "nelm": 299, "npar": 6, "nsw": 0, "inimix": 0, "laechg": true, "lasph": true, "ldau": true, "ldipol": true, "lvtot": false, "dipol": [0.5, 0.5, 0.5], "lreal": "Auto", "ldau_luj": {"Ti": {"L": 2, "U": 3.0, "J": 0.0}, "V": {"L": 2, "U": 3.25, "J": 0.0}, "Cr": {"L": 2, "U": 3.5, "J": 0.0}, "Mn": {"L": 2, "U": 3.75, "J": 0.0}, "Fe": {"L": 2, "U": 4.3, "J": 0.0}, "Co": {"L": 2, "U": 3.32, "J": 0.0}, "Ni": {"L": 2, "U": 6.45, "J": 0.0}, "Cu": {"L": 2, "U": 3.0, "J": 0.0}, "W": {"L": 2, "U": 3.0, "J": 0.0}, "Ce": {"L": 3, "U": 4.5, "J": 0.0}, "O": {"L": -1, "U": 0.0, "J": 0.0}, "C": {"L": -1, "U": 0.0, "J": 0.0}, "Au": {"L": -1, "U": 0.0, "J": 0.0}, "Ir": {"L": -1, "U": 0.0, "J": 0.0}, "H": {"L": -1, "U": 0.0, "J": 0.0}}, "xc": "PBE", "pp": "PBE", "setups": {"base": "minimal"}, "txt": "-", "kpts": [12, 6, 1], "gamma": true, "reciprocal": false, "ignore_constraints": false, "custom": {}},
 "cell": {"array": {"__ndarray__": [[3, 3], "float64", [2.0641923530286865, 2.064192353028686, 0.0, -2.5079876795, 2.5079876795000002, -3.5468301906135267, -15.023963038499998, 15.0239630385, 21.247092289638797]]}, "__ase_objtype__": "cell"},
 "constraints": [{"name": "FixAtoms", "kwargs": {"indices": [0, 1, 2, 3, 4, 5, 13, 14, 15]}}],
 "ctime": 21.8784473332297,
 "dipole": {"__ndarray__": [[3], "float64", [-0.100131, 0.100131, 0.141607]]},
 "energy": -205.60051944,
 "forces": {"__ndarray__": [[19, 3], "float64", [-0.222603, 1.377109, 0.528074, 0.084917, -0.43506, -0.738407, -0.800041, 0.490911, 0.26958, 1.978479, -2.222685, -0.76912, -0.822116, 0.434404, 2.94912, 0.516684, -0.957503, -0.832127, -0.801664, 0.394166, 1.003329, 2.414628, -2.912589, -0.455512, -0.724814, 0.3516, 2.346085, -0.761984, 0.472395, -1.573118, -1.792664, 1.419708, 3.351753, 5.019524, -5.182675, -0.474482, -3.898608, 3.735434, 0.328838, -0.52856, 1.202234, -0.89465, 0.347052, 0.050245, -1.221859, -0.531707, 0.962863, 0.115033, 0.053836, 0.42765, -1.969317, 0.550929, 0.050517, -0.747683, -0.081289, 0.341277, -1.215537]]},
 "magmom": 0.6228651,
 "magmoms": {"__ndarray__": [[19], "float64", [-0.007, -0.002, -0.01, -0.006, -0.007, -0.003, -0.004, -0.004, -0.001, -0.0, -0.0, -0.0, -0.0, 0.065, 0.01, 0.004, 0.0, -0.0, 0.0]]},
 "mtime": 21.8784473332297,
 "numbers": {"__ndarray__": [[19], "int64", [8, 8, 8, 8, 8, 8, 8, 8, 8, 8, 8, 8, 8, 41, 41, 41, 41, 41, 41]]},
 "pbc": {"__ndarray__": [[3], "bool", [true, true, true]]},
 "positions": {"__ndarray__": [[19, 3], "float64", [-3.821012447115985, 5.708987552884068, 3.8678740930904536, -5.950462447115973, 7.838437552884055, 3.8678740930904594, -3.8536467097960196, 7.805807931203873, 5.908955748506187, -6.361634389296025, 10.313795610703878, 5.373622628288032, -6.329002447115942, 8.216977552884025, 7.414707565386493, -8.45845244711593, 10.346427552884013, 7.414707565386497, -6.389674191898214, 10.341835413306068, 9.470938260401253, -8.85228681976853, 12.804448041176384, 8.895910135002286, -8.884189353408313, 10.772164459176397, 10.992319731902532, -10.803266298568122, 12.691241404336205, 10.83635443761025, -8.968668441237757, 12.92082966264561, 12.992708537168724, -11.37131506163553, 15.323476283043384, 12.160828280068541, -11.514077714243667, 13.402052820011752, 14.613134046642946, -3.8536493892960797, 7.805810610703933, 3.8678740930904407, -4.885734767615922, 6.773709873384005, 7.414704283703889, -6.3616343892960625, 10.313795610703917, 7.414700494318705, -7.376101866418253, 9.264076972186336, 10.983953456623157, -8.890471037327877, 12.842632258735732, 11.071881480737014, -10.289257392195285, 12.177232497963368, 14.598993938417177]]},
 "stress": {"__ndarray__": [[6], "float64", [-0.2711301328208721, -0.2757815738063727, -0.2704160292787615, 0.033529786480828924, -0.027889147438494445, -0.08185709259352089]]},
 "unique_id": "60332febb9929e691dc2f961860e0033",
 "user": "bcomer3"},
"ids": [1],
"nextid": 2}
