{"1": {
 "calculator": "vasp",
 "calculator_parameters": {"amix": 0.05, "amix_mag": 0.05, "bmix": 0.0001, "bmix_mag": 0.0001, "encut": 500, "sigma": 0.05, "ediff": 1e-06, "ediffg": -0.02, "algo": "normal", "gga": "PE", "prec": "Normal", "ibrion": -1, "idipol": 3, "isif": 2, "ismear": 0, "ispin": 2, "istart": 1, "isym": -1, "kpar": 15, "ldauprint": 2, "ldautype": 2, "lmaxmix": 6, "lorbit": 11, "nbands": 172, "nelm": 299, "npar": 6, "nsw": 0, "inimix": 0, "laechg": true, "lasph": true, "ldau": true, "ldipol": true, "lvtot": false, "dipol": [0.5, 0.5, 0.5], "lreal": "Auto", "ldau_luj": {"Ti": {"L": 2, "U": 3.0, "J": 0.0}, "V": {"L": 2, "U": 3.25, "J": 0.0}, "Cr": {"L": 2, "U": 3.5, "J": 0.0}, "Mn": {"L": 2, "U": 3.75, "J": 0.0}, "Fe": {"L": 2, "U": 4.3, "J": 0.0}, "Co": {"L": 2, "U": 3.32, "J": 0.0}, "Ni": {"L": 2, "U": 6.45, "J": 0.0}, "Cu": {"L": 2, "U": 3.0, "J": 0.0}, "W": {"L": 2, "U": 3.0, "J": 0.0}, "Ce": {"L": 3, "U": 4.5, "J": 0.0}, "O": {"L": -1, "U": 0.0, "J": 0.0}, "C": {"L": -1, "U": 0.0, "J": 0.0}, "Au": {"L": -1, "U": 0.0, "J": 0.0}, "Ir": {"L": -1, "U": 0.0, "J": 0.0}, "H": {"L": -1, "U": 0.0, "J": 0.0}}, "xc": "PBE", "pp": "PBE", "setups": {"base": "minimal"}, "txt": "-", "kpts": [12, 6, 1], "gamma": true, "reciprocal": false, "ignore_constraints": false, "custom": {}},
 "cell": {"array": {"__ndarray__": [[3, 3], "float64", [2.393441386829961, 2.3934413868299607, 0.0, -4.6664777976856655, 4.6664777976856655, 0.0, 0.0, 0.0, 28.19879238]]}, "__ase_objtype__": "cell"},
 "constraints": [{"name": "FixAtoms", "kwargs": {"indices": [0, 1, 2, 17, 18, 3, 4, 5, 6, 19, 20, 7]}}],
 "ctime": 21.664210672327755,
 "dipole": {"__ndarray__": [[3], "float64", [0.0, 0.0, 0.099914]]},
 "energy": -103.47784427,
 "forces": {"__ndarray__": [[25, 3], "float64", [-0.001018, -0.008011, 0.748906, -0.10729, 0.096449, -0.303071, 0.11175, -0.112779, -0.304946, 0.017048, 0.000941, -0.143237, 0.00713, -0.008626, 1.717742, 0.002422, 0.001827, 0.035489, -0.006125, -0.002691, 0.018911, 0.001398, -0.01316, -0.125013, -0.023378, 0.025117, -0.041369, -0.004618, 0.012967, -0.03165, -0.00366, 0.004056, 0.027185, 0.000288, -0.009181, -0.008225, -0.001551, -0.013243, 0.024584, 0.01597, -0.027959, 0.015257, -0.042813, 0.029355, -0.013954, -0.001791, -0.010472, 0.006496, 0.015793, -0.011294, -0.04951, -0.005507, 0.011776, -0.540234, -0.004885, 0.013588, -1.288159, 0.001786, 0.010778, 0.040258, -0.00016, 0.008665, 0.300039, 0.011472, 3.6e-05, 0.056589, 0.004469, 0.002286, -0.011543, 0.011413, 0.001551, -0.037146, 0.001856, -0.001976, -0.0934]]},
 "initial_charges": {"__ndarray__": [[25], "float64", [-0.58, -0.68, -0.69, -0.73, -0.63, -0.68, -0.68, -0.73, -0.69, -0.68, -0.68, -0.73, -0.74, -0.66, -0.65, -0.55, -0.28, 1.4, 1.19, 1.42, 1.36, 1.37, 1.43, 1.49, 1.39]]},
 "initial_magmoms": {"__ndarray__": [[25], "float64", [-0.049, 0.0, 0.0, -0.003, -0.002, -0.002, -0.002, -0.001, -0.012, -0.003, -0.003, -0.02, 0.006, -0.007, -0.007, -0.094, -0.853, -0.017, -0.002, -0.009, -0.001, -0.009, -0.001, -0.092, -0.004]]},
 "magmom": -1.3661951,
 "magmoms": {"__ndarray__": [[25], "float64", [-0.038, 0.002, 0.002, 0.002, 0.002, 0.001, 0.001, -0.001, -0.012, 0.0, 0.0, -0.022, 0.0, -0.014, -0.014, -0.079, -0.836, -0.012, 0.004, 0.001, -0.0, -0.003, -0.0, -0.118, -0.006]]},
 "mtime": 21.664210672327755,
 "numbers": {"__ndarray__": [[25], "int64", [8, 8, 8, 8, 8, 8, 8, 8, 8, 8, 8, 8, 8, 8, 8, 8, 8, 79, 79, 79, 79, 79, 79, 79, 79]]},
 "pbc": {"__ndarray__": [[3], "bool", [true, true, true]]},
 "positions": {"__ndarray__": [[25, 3], "float64", [-1.1525840533340719, 3.290874959642192, 7.500000000000062, -1.4071424945612212, 5.938876718100827, 8.747279999999998, 1.4954150110477307, 3.0363192124918745, 8.747279999999998, -1.1525840533340719, 3.290874959642192, 9.994559999999929, -3.485824299215337, 5.624115205523458, 10.799700000000001, -0.8378225407566693, 5.369556764296275, 12.046979999999937, 0.9261021283109931, 3.6056320952286125, 12.046979999999937, -3.485824299215337, 5.624115205523458, 13.294260000000069, -1.1525840533340719, 3.290874959642192, 14.107751493038187, -1.4087854118255105, 5.940519635365116, 15.342581384951968, 1.497057928312021, 3.0346762952275843, 15.342581384951968, -1.1525840533340719, 3.290874959642192, 16.613226376339117, -3.485824299215337, 5.624115205523458, 17.403222029292067, -0.8490482105014028, 5.380782434041008, 18.5399957668499, 0.9373277980557257, 3.5944064254838795, 18.5399957668499, -3.485824299215337, 5.624115205523458, 19.836642854383115, -1.1525840533340719, 3.290874959642192, 20.56556607757302, 0.0441376052816711, 4.4875966182579345, 8.747279999999998, -3.485824299215337, 5.624115205523458, 8.747279999999998, -1.1525840533340719, 3.290874959642192, 12.046979999999937, -2.289102640599594, 6.8208368641392, 12.046979999999937, 0.0441376052816711, 4.4875966182579345, 15.36991568038568, -3.485824299215337, 5.624115205523458, 15.356254921657321, -1.1525840533340719, 3.290874959642192, 18.663403256050323, -2.289102640599594, 6.8208368641392, 18.668956274194024]]},
 "stress": {"__ndarray__": [[6], "float64", [0.011134040884389369, 0.01117007311657309, -0.0013637322949507367, 6.665931746443321e-06, 7.926716589871737e-06, 0.004766883938292954]]},
 "unique_id": "910e32c45592ac4075858204849f7d2d",
 "user": "bcomer3"},
"ids": [1],
"nextid": 2}
