{"1": {
 "calculator": "vasp",
 "calculator_parameters": {"amix": 0.05, "amix_mag": 0.05, "bmix": 0.0001, "bmix_mag": 0.0001, "encut": 500, "sigma": 0.05, "ediff": 1e-06, "ediffg": -0.02, "algo": "normal", "gga": "PE", "prec": "Normal", "ibrion": -1, "idipol": 3, "isif": 2, "ismear": 0, "ispin": 2, "istart": 1, "isym": -1, "kpar": 15, "ldauprint": 2, "ldautype": 2, "lmaxmix": 6, "lorbit": 11, "nbands": 196, "nelm": 299, "npar": 6, "nsw": 0, "inimix": 0, "laechg": true, "lasph": true, "ldau": true, "ldipol": true, "lvtot": false, "dipol": [0.5, 0.5, 0.5], "lreal": "Auto", "ldau_luj": {"Ti": {"L": 2, "U": 3.0, "J": 0.0}, "V": {"L": 2, "U": 3.25, "J": 0.0}, "Cr": {"L": 2, "U": 3.5, "J": 0.0}, "Mn": {"L": 2, "U": 3.75, "J": 0.0}, "Fe": {"L": 2, "U": 4.3, "J": 0.0}, "Co": {"L": 2, "U": 3.32, "J": 0.0}, "Ni": {"L": 2, "U": 6.45, "J": 0.0}, "Cu": {"L": 2, "U": 3.0, "J": 0.0}, "W": {"L": 2, "U": 3.0, "J": 0.0}, "Ce": {"L": 3, "U": 4.5, "J": 0.0}, "O": {"L": -1, "U": 0.0, "J": 0.0}, "C": {"L": -1, "U": 0.0, "J": 0.0}, "Au": {"L": -1, "U": 0.0, "J": 0.0}, "Ir": {"L": -1, "U": 0.0, "J": 0.0}, "H": {"L": -1, "U": 0.0, "J": 0.0}}, "xc": "PBE", "pp": "PBE", "setups": {"base": "minimal"}, "txt": "-", "kpts": [12, 6, 1], "gamma": true, "reciprocal": false, "ignore_constraints": false, "custom": {}},
 "cell": {"array": {"__ndarray__": [[3, 3], "float64", [2.43694835539329, 2.4369483553932896, 0.0, -5.098999062701386, 5.098999062701386, 0.0, 0.0, 0.0, 29.422147259]]}, "__ase_objtype__": "cell"},
 "constraints": [{"name": "FixAtoms", "kwargs": {"indices": [0, 1, 2, 17, 18, 3, 4, 5, 6, 19, 20, 7]}}],
 "ctime": 21.664615787465234,
 "dipole": {"__ndarray__": [[3], "float64", [0.0, 0.0, 0.181371]]},
 "energy": -128.9112802,
 "forces": {"__ndarray__": [[25, 3], "float64", [0.000148, 0.011292, 0.529223, -0.538562, 0.539878, -0.507367, 0.525591, -0.587784, -0.5172, 0.006614, 0.006077, 0.506066, -0.003981, 0.034829, -0.429715, -0.075011, 0.041235, -0.056719, 0.068282, -0.081955, -0.046309, -0.00021, 0.001638, -0.128019, 0.01235, -0.004873, 0.019511, -0.033177, 0.024342, -0.025553, 0.010545, 0.011578, -0.036994, -0.000275, 0.001341, -1.7e-05, -0.000159, 0.004548, 0.062578, 0.161383, -0.180953, 0.117658, -0.178892, 0.162924, 0.081938, 0.017738, -0.003284, -0.084624, 0.00161, 0.008908, 0.466226, 0.019081, 0.026734, -1.172582, 0.005693, -0.001444, 1.4723, -0.002808, -0.004424, 0.057144, -0.001968, 0.002151, 0.2599, -0.004391, 0.009568, -0.024594, 0.007085, -0.007231, -0.023551, -0.004317, -0.011732, -0.670732, 0.007629, -0.00336, 0.15143]]},
 "initial_charges": {"__ndarray__": [[25], "float64", [-0.78, -0.86, -0.86, -0.93, -0.95, -0.91, -0.91, -0.93, -0.92, -0.9, -0.9, -0.89, -0.91, -0.88, -0.88, -0.62, -0.33, 1.76, 1.73, 1.84, 1.79, 1.79, 1.84, 1.81, 1.79]]},
 "initial_magmoms": {"__ndarray__": [[25], "float64", [-0.001, -0.001, -0.001, 0.001, 0.0, -0.0, -0.0, 0.0, 0.002, 0.001, 0.001, 0.013, 0.037, 0.07, 0.07, 0.427, 0.544, -0.0, -0.0, -0.0, -0.0, -0.001, -0.003, -0.023, -0.031]]},
 "magmom": 2.0081214,
 "magmoms": {"__ndarray__": [[25], "float64", [-0.01, -0.0, 0.0, -0.001, 0.0, -0.001, -0.001, 0.0, 0.003, 0.004, 0.004, 0.021, 0.044, 0.068, 0.068, 0.352, 1.076, 0.001, 0.001, 0.0, 0.001, -0.0, -0.002, -0.037, -0.028]]},
 "mtime": 21.664615787465234,
 "numbers": {"__ndarray__": [[25], "int64", [8, 8, 8, 8, 8, 8, 8, 8, 8, 8, 8, 8, 8, 8, 8, 8, 8, 82, 82, 82, 82, 82, 82, 82, 82]]},
 "pbc": {"__ndarray__": [[3], "bool", [true, true, true]]},
 "positions": {"__ndarray__": [[25, 3], "float64", [-1.1525840533340723, 3.2908749596421925, 7.500000000000058, -1.503344372141652, 6.078579804859828, 8.886310000000028, 1.6351162869062623, 2.9401191458119134, 8.886310000000028, -1.1525840533340723, 3.2908749596421925, 10.272619999999996, -3.702085837173417, 5.840376743481538, 11.105539999999952, -0.9143809919557802, 5.489616424673956, 12.49184999999992, 1.0461599777881727, 3.529075454930003, 12.49184999999992, -3.702085837173417, 5.840376743481538, 13.878160000000094, -1.1525840533340723, 3.2908749596421925, 14.71670424770005, -1.5001286509662979, 6.075364083684475, 16.088026374335605, 1.631900565730907, 2.9433348669872688, 16.088026374335605, -1.1525840533340723, 3.2908749596421925, 17.509228769036735, -3.702085837173417, 5.840376743481538, 18.286886147438164, -0.924669504419398, 5.499904937137574, 19.675427499969622, 1.0564484902517892, 3.5187869424663867, 19.675427499969622, -3.702085837173417, 5.840376743481538, 21.075151450477694, -1.1525840533340723, 3.2908749596421925, 21.922408563248258, 0.0658882098709559, 4.50934722284722, 8.886310000000028, -3.702085837173417, 5.840376743481538, 8.886310000000028, -1.1525840533340723, 3.2908749596421925, 12.49184999999992, -2.483613573968389, 7.0588490066865655, 12.49184999999992, 0.0658882098709559, 4.50934722284722, 16.10852101121916, -3.702085837173417, 5.840376743481538, 16.091270456122412, -1.1525840533340723, 3.2908749596421925, 19.73243795125269, -2.483613573968389, 7.0588490066865655, 19.700160688702105]]},
 "stress": {"__ndarray__": [[6], "float64", [0.00019953480524536186, 0.00044393357808757264, 0.00042236292254852, -3.211880596179525e-05, -2.0996436699471283e-05, 0.004791344412557291]]},
 "unique_id": "4472cb8b6d9053a50d4ec73defba20b8",
 "user": "bcomer3"},
"ids": [1],
"nextid": 2}
