{"1": {
 "calculator": "vasp",
 "calculator_parameters": {"amix": 0.01, "amix_mag": 0.01, "bmix": 0.0001, "bmix_mag": 0.0001, "encut": 500, "sigma": 0.05, "ediff": 1e-06, "ediffg": -0.02, "algo": "normal", "gga": "PE", "prec": "Normal", "ibrion": -1, "idipol": 3, "isif": 2, "ismear": 0, "ispin": 2, "istart": 1, "isym": -1, "kpar": 15, "ldauprint": 2, "ldautype": 2, "lmaxmix": 6, "lorbit": 11, "nbands": 88, "nelm": 299, "npar": 6, "nsw": 0, "inimix": 0, "laechg": true, "lasph": true, "ldau": true, "ldipol": true, "lvtot": false, "dipol": [0.5, 0.5, 0.5], "lreal": "Auto", "ldau_luj": {"Ti": {"L": 2, "U": 3.0, "J": 0.0}, "V": {"L": 2, "U": 3.25, "J": 0.0}, "Cr": {"L": 2, "U": 3.5, "J": 0.0}, "Mn": {"L": 2, "U": 3.75, "J": 0.0}, "Fe": {"L": 2, "U": 4.3, "J": 0.0}, "Co": {"L": 2, "U": 3.32, "J": 0.0}, "Ni": {"L": 2, "U": 6.45, "J": 0.0}, "Cu": {"L": 2, "U": 3.0, "J": 0.0}, "W": {"L": 2, "U": 3.0, "J": 0.0}, "Ce": {"L": 3, "U": 4.5, "J": 0.0}, "O": {"L": -1, "U": 0.0, "J": 0.0}, "C": {"L": -1, "U": 0.0, "J": 0.0}, "Au": {"L": -1, "U": 0.0, "J": 0.0}, "Ir": {"L": -1, "U": 0.0, "J": 0.0}, "H": {"L": -1, "U": 0.0, "J": 0.0}}, "xc": "PBE", "pp": "PBE", "setups": {"base": "minimal"}, "txt": "-", "kpts": [12, 6, 1], "gamma": true, "reciprocal": false, "ignore_constraints": false, "custom": {}},
 "cell": {"array": {"__ndarray__": [[3, 3], "float64", [2.410603917755822, 2.4106039177558216, 0.0, -2.483853887, 2.4838538870000004, -3.512699853948529, -14.951561661499998, 14.9515616615, 21.14470128035091]]}, "__ase_objtype__": "cell"},
 "constraints": [{"name": "FixAtoms", "kwargs": {"indices": [0, 1, 2, 3, 4, 5, 13, 14, 15]}}],
 "ctime": 21.727089295165452,
 "dipole": {"__ndarray__": [[3], "float64", [-0.051618, 0.051618, 0.073]]},
 "energy": -65.20042453,
 "forces": {"__ndarray__": [[19, 3], "float64", [-0.086118, 0.085511, -0.1772, 0.128218, -0.128845, -0.260269, 0.051402, -0.05191, 0.179457, -0.052314, 0.051935, -0.054408, 0.098471, -0.099239, -0.012723, -0.09929, 0.098391, 0.195269, -0.054732, 0.052393, 0.175169, -0.014073, 0.02251, 0.000423, 0.036356, -0.048524, 0.08764, 0.006699, -0.00401, 0.003378, -0.048544, 0.032234, 0.018972, -0.063838, 0.044668, 0.036373, 0.030378, 0.018738, -0.024601, 0.037101, -0.037538, -0.145545, -0.026854, 0.026206, 0.0088, 0.017681, -0.016965, 0.022193, 0.062766, -0.063617, -0.061362, -0.016681, 0.015309, -0.002838, -0.006629, 0.002754, 0.011273]]},
 "initial_charges": {"__ndarray__": [[19], "float64", [-0.58, -0.76, -0.7, -0.68, -0.69, -0.7, -0.66, -0.67, -0.71, -0.75, -0.68, -0.43, -0.18, 1.33, 1.41, 1.38, 1.37, 1.36, 1.34]]},
 "initial_magmoms": {"__ndarray__": [[19], "float64", [0.809, 0.613, 0.766, 0.787, 0.792, 0.761, 0.822, 0.811, 0.745, 0.678, 0.823, 1.098, 1.418, 0.084, 0.169, 0.166, 0.147, 0.131, 0.128]]},
 "magmom": 11.6080867,
 "magmoms": {"__ndarray__": [[19], "float64", [0.656, 0.404, 0.537, 0.544, 0.379, 0.449, 0.795, 0.801, 0.724, 0.666, 0.842, 1.085, 1.415, 0.052, 0.069, 0.087, 0.128, 0.124, 0.126]]},
 "mtime": 21.727089295165452,
 "numbers": {"__ndarray__": [[19], "int64", [8, 8, 8, 8, 8, 8, 8, 8, 8, 8, 8, 8, 8, 48, 48, 48, 48, 48, 48]]},
 "pbc": {"__ndarray__": [[3], "bool", [true, true, true]]},
 "positions": {"__ndarray__": [[19, 3], "float64", [-3.7499999999999716, 3.749999999999972, 5.3033008588990675, -5.580529999999985, 5.580529999999986, 5.3033008588990995, -5.943821136128442, 8.354418863871508, 4.008913611665844, -5.943821136128478, 8.354418863871546, 6.597688106132356, -6.233854999999995, 6.233854999999996, 8.816002286867326, -8.064385000000009, 8.064385000000009, 8.816002286867358, -8.235438200169721, 10.645187802878754, 7.525739128463979, -8.509658156141136, 10.918883728099038, 10.269468875269203, -8.782877652216165, 13.602341618747909, 8.849615582919863, -8.24682424807614, 13.065948237581583, 12.310563400519015, -11.255815520751511, 13.664416788812675, 11.250553572355557, -11.388700649793792, 13.797372537092429, 13.887236527288733, -13.677157905245377, 13.69071046145544, 12.447246835632209, -3.4599711361285044, 5.870568863871572, 5.3033008588991795, -7.149120000000036, 7.149120000000038, 5.303300858899185, -5.943821136128506, 8.354418863871572, 8.815995215799596, -7.2244300096691365, 12.044596748421043, 8.896386006923606, -8.477905062586398, 10.886510019957138, 12.549818051698278, -9.733413214643079, 14.552444525652476, 12.63943615535841]]},
 "stress": {"__ndarray__": [[6], "float64", [-0.0062772480071380645, -0.006394394891921768, -0.006875596520999989, -0.0002684722735407425, 0.0002555960402140453, -0.0029765320115698445]]},
 "unique_id": "9d60746243c44aedc858452a71999250",
 "user": "bcomer3"},
"ids": [1],
"nextid": 2}
