{"1": {
 "calculator": "vasp",
 "calculator_parameters": {"amix": 0.05, "amix_mag": 0.05, "bmix": 0.0001, "bmix_mag": 0.0001, "encut": 500, "sigma": 0.05, "ediff": 1e-06, "ediffg": -0.02, "algo": "normal", "gga": "PE", "prec": "Normal", "ibrion": -1, "idipol": 3, "isif": 2, "ismear": 0, "ispin": 2, "istart": 1, "isym": -1, "kpar": 15, "ldauprint": 2, "ldautype": 2, "lmaxmix": 6, "lorbit": 11, "nbands": 116, "nelm": 299, "npar": 6, "nsw": 0, "inimix": 0, "laechg": true, "lasph": true, "ldau": true, "ldipol": true, "lvtot": false, "dipol": [0.5, 0.5, 0.5], "lreal": "Auto", "ldau_luj": {"Ti": {"L": 2, "U": 3.0, "J": 0.0}, "V": {"L": 2, "U": 3.25, "J": 0.0}, "Cr": {"L": 2, "U": 3.5, "J": 0.0}, "Mn": {"L": 2, "U": 3.75, "J": 0.0}, "Fe": {"L": 2, "U": 4.3, "J": 0.0}, "Co": {"L": 2, "U": 3.32, "J": 0.0}, "Ni": {"L": 2, "U": 6.45, "J": 0.0}, "Cu": {"L": 2, "U": 3.0, "J": 0.0}, "W": {"L": 2, "U": 3.0, "J": 0.0}, "Ce": {"L": 3, "U": 4.5, "J": 0.0}, "O": {"L": -1, "U": 0.0, "J": 0.0}, "C": {"L": -1, "U": 0.0, "J": 0.0}, "Au": {"L": -1, "U": 0.0, "J": 0.0}, "Ir": {"L": -1, "U": 0.0, "J": 0.0}, "H": {"L": -1, "U": 0.0, "J": 0.0}}, "xc": "PBE", "pp": "PBE", "setups": {"base": "minimal"}, "txt": "-", "kpts": [12, 6, 1], "gamma": true, "reciprocal": false, "ignore_constraints": false, "custom": {}},
 "cell": {"array": {"__ndarray__": [[3, 3], "float64", [2.2044622891104235, 2.2044622891104235, 0.0, -4.521678521643949, 4.52167852164395, 0.0, 0.0, 0.0, 27.78923818]]}, "__ase_objtype__": "cell"},
 "constraints": [{"name": "FixAtoms", "kwargs": {"indices": [0, 1, 2, 3, 4, 5, 6, 7, 17, 18, 19, 20]}}],
 "ctime": 21.664149220499787,
 "dipole": {"__ndarray__": [[3], "float64", [0.0, 0.0, 0.127211]]},
 "energy": -181.07485857,
 "forces": {"__ndarray__": [[25, 3], "float64", [0.012517, -0.001971, 1.758972, -0.287359, 0.255991, -0.633669, 0.261456, -0.288347, -0.637819, -0.01839, -0.025861, 0.467938, -0.016576, -0.033252, -0.304328, -0.01276, 0.004392, -0.057463, -0.007074, -0.026018, -0.056112, 0.019939, 0.01679, 0.01154, 0.002528, -0.007359, 0.044275, 0.027897, 0.001671, -0.003247, 0.006224, 0.026393, -0.000363, -0.007183, -0.029241, -0.005501, -0.015194, -0.026378, -0.021238, -0.017938, 0.012012, 0.018324, -0.015328, -0.004646, 0.00801, -0.001935, 0.003239, 0.05406, 0.019498, 0.015452, 0.029838, 0.000172, 0.009931, -2.261074, 0.00648, 0.009955, 1.907169, 0.014397, 0.013016, 0.177328, 0.009559, 0.018235, -0.45833, 0.010401, 0.019896, 0.030979, 0.013638, 0.014851, -0.046883, 0.00046, 0.009936, -0.032682, -0.00543, 0.011312, 0.010275]]},
 "initial_charges": {"__ndarray__": [[25], "float64", [-0.7, -0.85, -0.86, -0.82, -0.79, -0.85, -0.85, -0.82, -0.81, -0.84, -0.84, -0.85, -0.85, -0.84, -0.84, -0.63, -0.41, 1.71, 1.51, 1.65, 1.65, 1.66, 1.69, 1.81, 1.75]]},
 "initial_magmoms": {"__ndarray__": [[25], "float64", [0.123, -0.002, -0.002, 0.03, 0.005, -0.002, -0.002, -0.003, -0.026, -0.001, -0.001, 0.016, -0.01, 0.0, 0.0, -0.228, -0.122, 0.46, -0.049, -0.079, 0.022, -0.048, 0.056, -0.125, -0.567]]},
 "magmom": -0.9783399,
 "magmoms": {"__ndarray__": [[25], "float64", [0.025, 0.007, 0.007, 0.015, 0.013, 0.002, 0.002, -0.009, -0.029, -0.0, -0.0, 0.02, -0.014, 0.001, 0.001, -0.235, -0.128, 0.101, 0.085, -0.015, -0.003, -0.081, 0.087, -0.13, -0.615]]},
 "mtime": 21.664149220499787,
 "numbers": {"__ndarray__": [[25], "int64", [8, 8, 8, 8, 8, 8, 8, 8, 8, 8, 8, 8, 8, 8, 8, 8, 8, 44, 44, 44, 44, 44, 44, 44, 44]]},
 "pbc": {"__ndarray__": [[3], "bool", [true, true, true]]},
 "positions": {"__ndarray__": [[25, 3], "float64", [-1.1525840533340723, 3.2908749596421925, 7.499999999999982, -1.433878201957909, 5.7766310671575845, 8.740709999999945, 1.3331714107141321, 3.0095814544855433, 8.740709999999945, -1.1525840533340723, 3.2908749596421925, 9.98140999999993, -3.4134236358896244, 5.551714542197745, 10.697309999999922, -0.9276675283742648, 5.27042039357394, 11.938020000000083, 0.8269607371304875, 3.5157921280691875, 11.938020000000083, -3.4134236358896244, 5.551714542197745, 13.178720000000066, -1.1525840533340723, 3.2908749596421925, 13.895379999999964, -1.431891231902764, 5.77464409710244, 15.131869999999966, 1.3311844406589861, 3.011568424540689, 15.131869999999966, -1.1525840533340723, 3.2908749596421925, 16.410150000000076, -3.4134236358896244, 5.551714542197745, 17.06547999999997, -0.9156396420262785, 5.258392507225954, 18.289190000000026, 0.8149328507825013, 3.527820014417174, 18.289190000000026, -3.4134236358896244, 5.551714542197745, 19.444610000000086, -1.1525840533340723, 3.2908749596421925, 20.16880999999998, -0.050353073888294464, 4.39310593908797, 8.740709999999945, -3.4134236358896244, 5.551714542197745, 8.740709999999945, -1.1525840533340723, 3.2908749596421925, 11.938020000000083, -2.3111926564438465, 6.653945521643522, 11.938020000000083, -0.050353073888294464, 4.39310593908797, 15.150429999999966, -3.4134236358896244, 5.551714542197745, 15.131920000000026, -1.1525840533340723, 3.2908749596421925, 18.47202000000004, -2.3111926564438465, 6.653945521643522, 18.34785999999997]]},
 "stress": {"__ndarray__": [[6], "float64", [0.0047799474168934274, 0.003862520473498099, 0.006579249667703052, 5.846421598214848e-05, -1.4704995500580958e-05, 0.006849469563799043]]},
 "unique_id": "36ad50ef1660798619670563e4b3bc01",
 "user": "bcomer3"},
"ids": [1],
"nextid": 2}
