{"1": {
 "calculator": "vasp",
 "calculator_parameters": {"amix": 0.01, "amix_mag": 0.01, "bmix": 0.0001, "bmix_mag": 0.0001, "encut": 500, "sigma": 0.05, "ediff": 1e-06, "ediffg": -0.02, "algo": "all", "gga": "PE", "prec": "Normal", "ibrion": -1, "idipol": 3, "isif": 2, "ismear": 0, "ispin": 2, "istart": 1, "isym": -1, "kpar": 15, "ldauprint": 2, "ldautype": 2, "lmaxmix": 6, "lorbit": 11, "nbands": 116, "nelm": 299, "npar": 6, "nsw": 0, "inimix": 0, "laechg": true, "lasph": true, "ldau": true, "ldipol": true, "lvtot": false, "dipol": [0.5, 0.5, 0.5], "lreal": "Auto", "ldau_luj": {"Ti": {"L": 2, "U": 3.0, "J": 0.0}, "V": {"L": 2, "U": 3.25, "J": 0.0}, "Cr": {"L": 2, "U": 3.5, "J": 0.0}, "Mn": {"L": 2, "U": 3.75, "J": 0.0}, "Fe": {"L": 2, "U": 4.3, "J": 0.0}, "Co": {"L": 2, "U": 3.32, "J": 0.0}, "Ni": {"L": 2, "U": 6.45, "J": 0.0}, "Cu": {"L": 2, "U": 3.0, "J": 0.0}, "W": {"L": 2, "U": 3.0, "J": 0.0}, "Ce": {"L": 3, "U": 4.5, "J": 0.0}, "O": {"L": -1, "U": 0.0, "J": 0.0}, "C": {"L": -1, "U": 0.0, "J": 0.0}, "Au": {"L": -1, "U": 0.0, "J": 0.0}, "Ir": {"L": -1, "U": 0.0, "J": 0.0}, "H": {"L": -1, "U": 0.0, "J": 0.0}}, "xc": "PBE", "pp": "PBE", "setups": {"base": "minimal"}, "txt": "-", "kpts": [12, 6, 1], "gamma": true, "reciprocal": false, "ignore_constraints": false, "custom": {}},
 "cell": {"array": {"__ndarray__": [[3, 3], "float64", [2.049729688022364, 2.0497296880223637, 0.0, -4.625709279737603, 4.625709279737604, 0.0, 0.0, 0.0, 28.083481597]]}, "__ase_objtype__": "cell"},
 "constraints": [{"name": "FixAtoms", "kwargs": {"indices": [0, 1, 2, 17, 18, 3, 4, 5, 6, 19, 20, 7]}}],
 "ctime": 21.702963180997962,
 "dipole": {"__ndarray__": [[3], "float64", [0.0, 0.0, 0.132713]]},
 "energy": -152.47433546,
 "forces": {"__ndarray__": [[25, 3], "float64", [0.016279, -0.016801, 0.905012, -0.320145, 0.276008, -0.817802, 0.302708, -0.263261, -0.840268, 0.008002, -0.017112, 0.125627, -0.000399, -0.019861, 0.084627, -0.005053, 0.022537, 0.054502, -0.025419, -0.001005, 0.058109, 0.004017, -0.021574, -0.160113, -0.003053, 0.006492, -0.124933, 0.005185, -0.016926, -0.006186, -0.022293, 0.072867, -0.003214, 0.008852, 0.003741, -0.048516, 0.0161, -0.018175, -0.049222, 0.014139, 0.008477, 0.02415, -0.006624, -0.038925, 0.041249, -0.011949, -0.028498, 0.063954, 0.011169, -0.025205, -0.027461, 0.00044, 0.010032, 1.590289, 0.002821, 0.010174, -1.002761, 0.001633, 0.009276, -0.076435, 0.001339, 0.00771, 0.148628, 0.000155, 0.011887, 0.001104, 0.001719, 0.010839, 0.01757, 0.001047, 0.005001, 0.029611, -0.000669, 0.012303, 0.01248]]},
 "initial_charges": {"__ndarray__": [[25], "float64", [-0.75, -0.91, -0.91, -0.91, -0.85, -0.88, -0.88, -0.89, -0.86, -0.88, -0.87, -0.85, -0.9, -0.83, -0.83, -0.68, -0.22, 1.72, 1.72, 1.8, 1.73, 1.69, 1.8, 1.73, 1.7]]},
 "initial_magmoms": {"__ndarray__": [[25], "float64", [-0.031, 0.095, 0.095, 0.065, 0.109, 0.073, 0.073, 0.041, 0.069, 0.065, 0.065, 0.024, 0.096, 0.13, 0.13, -0.045, 1.254, 3.933, 3.689, 3.81, 3.799, 3.83, 3.822, 3.699, 3.637]]},
 "magmom": 33.228282,
 "magmoms": {"__ndarray__": [[25], "float64", [-0.027, 0.092, 0.092, 0.069, 0.111, 0.073, 0.073, 0.038, 0.087, 0.062, 0.062, 0.025, 0.09, 0.131, 0.131, 0.014, 1.228, 3.925, 3.688, 3.819, 3.785, 3.865, 3.814, 3.676, 3.581]]},
 "mtime": 21.702963180997962,
 "numbers": {"__ndarray__": [[25], "int64", [8, 8, 8, 8, 8, 8, 8, 8, 8, 8, 8, 8, 8, 8, 8, 8, 8, 26, 26, 26, 26, 26, 26, 26, 26]]},
 "pbc": {"__ndarray__": [[3], "bool", [true, true, true]]},
 "positions": {"__ndarray__": [[25, 3], "float64", [-1.152584053334072, 3.2908749596421925, 7.500000000000016, -3.6211613721244644, 3.7097257554201772, 8.729149999999926, -0.7337326925777681, 0.8222970758734802, 8.729149999999926, -1.152584053334072, 3.2908749596421925, 9.958309999999914, -3.4654384107137144, 5.603729317021835, 10.770869999999995, -3.0465876149357296, 3.1351519982314424, 12.000019999999905, -1.3083064497665031, 1.3968708330622153, 12.000019999999905, -3.4654384107137144, 5.603729317021835, 13.229180000000094, -1.152584053334072, 3.2908749596421925, 14.069027166918966, -3.6231052263865355, 3.711669609682249, 15.284735844470058, -0.731788838315699, 0.820353221611411, 15.284735844470058, -1.152584053334072, 3.2908749596421925, 16.536074990830624, -3.4654384107137144, 5.603729317021835, 17.328543635206444, -3.0544733901329186, 3.1430377734286314, 18.55894568220189, -1.3004206745693156, 1.3889850578650278, 18.55894568220189, -3.4654384107137144, 5.603729317021835, 19.72615540702532, -1.152584053334072, 3.2908749596421925, 20.482449082243022, -3.4654384107137144, 5.603729317021835, 8.729149999999926, -2.177447314840276, 2.266011698135989, 8.729149999999926, -1.152584053334072, 3.2908749596421925, 12.000019999999905, -4.4903016722199185, 4.578866055515631, 12.000019999999905, -2.177447314840276, 2.266011698135989, 15.282840921471362, -3.4654384107137144, 5.603729317021835, 15.31011395842069, -1.152584053334072, 3.2908749596421925, 18.51961037683835, -4.4903016722199185, 4.578866055515631, 18.58167932206212]]},
 "stress": {"__ndarray__": [[6], "float64", [0.005407206601026443, 0.005394349092227123, 0.0024986009332735857, -1.1421961700366362e-05, 7.138413987272682e-05, 0.004915887485655165]]},
 "unique_id": "63aa08041c19b2e499589a6fa7be20f3",
 "user": "bcomer3"},
"ids": [1],
"nextid": 2}
