{"1": {
 "calculator": "vasp",
 "calculator_parameters": {"amix": 0.01, "amix_mag": 0.01, "bmix": 0.0001, "bmix_mag": 0.0001, "encut": 500, "sigma": 0.05, "ediff": 1e-06, "ediffg": -0.02, "algo": "all", "gga": "PE", "prec": "Normal", "ibrion": -1, "idipol": 3, "isif": 2, "ismear": 0, "ispin": 2, "istart": 1, "isym": -1, "kpar": 15, "ldauprint": 2, "ldautype": 2, "lmaxmix": 6, "lorbit": 11, "nbands": 172, "nelm": 299, "npar": 6, "nsw": 0, "inimix": 0, "laechg": true, "lasph": true, "ldau": true, "ldipol": true, "lvtot": false, "dipol": [0.5, 0.5, 0.5], "lreal": "Auto", "ldau_luj": {"Ti": {"L": 2, "U": 3.0, "J": 0.0}, "V": {"L": 2, "U": 3.25, "J": 0.0}, "Cr": {"L": 2, "U": 3.5, "J": 0.0}, "Mn": {"L": 2, "U": 3.75, "J": 0.0}, "Fe": {"L": 2, "U": 4.3, "J": 0.0}, "Co": {"L": 2, "U": 3.32, "J": 0.0}, "Ni": {"L": 2, "U": 6.45, "J": 0.0}, "Cu": {"L": 2, "U": 3.0, "J": 0.0}, "W": {"L": 2, "U": 3.0, "J": 0.0}, "Ce": {"L": 3, "U": 4.5, "J": 0.0}, "O": {"L": -1, "U": 0.0, "J": 0.0}, "C": {"L": -1, "U": 0.0, "J": 0.0}, "Au": {"L": -1, "U": 0.0, "J": 0.0}, "Ir": {"L": -1, "U": 0.0, "J": 0.0}, "H": {"L": -1, "U": 0.0, "J": 0.0}}, "xc": "PBE", "pp": "PBE", "setups": {"base": "minimal"}, "txt": "-", "kpts": [12, 6, 1], "gamma": true, "reciprocal": false, "ignore_constraints": false, "custom": {}},
 "cell": {"array": {"__ndarray__": [[3, 3], "float64", [2.2781837381008097, 2.278183738100809, 0.0, -4.859582886100843, 4.859582886100844, 0.0, 0.0, 0.0, 28.744976049]]}, "__ase_objtype__": "cell"},
 "constraints": [{"name": "FixAtoms", "kwargs": {"indices": [0, 1, 2, 17, 18, 3, 4, 5, 6, 19, 20, 7]}}],
 "ctime": 21.702988600413924,
 "dipole": {"__ndarray__": [[3], "float64", [0.0, 0.0, 0.246953]]},
 "energy": -243.00425003,
 "forces": {"__ndarray__": [[25, 3], "float64", [0.000921, 0.00413, 1.740322, -1.233362, 1.236844, -0.686685, 1.251931, -1.240486, -0.730405, -0.007554, 0.007013, 0.817931, 0.003674, -0.003026, -2.473596, -0.097213, 0.069206, -0.200415, 0.0891, -0.10475, -0.196348, 0.005542, 0.009766, -0.580009, -0.006085, -0.011155, 0.004565, -0.02062, 0.015252, 0.016103, 0.006633, -0.016206, 0.006093, 0.012901, -0.000571, 0.073593, -0.00755, 0.007086, -0.098573, 0.011266, -0.00485, 0.013674, 0.00864, -0.001184, 0.016574, 0.011148, 0.011591, -0.061233, 0.003951, -0.007794, -0.015192, 0.010053, -0.00077, -2.825876, -0.015835, 0.012508, 3.367807, -0.010979, 0.019729, -0.0486, 0.008508, -0.011386, 1.910541, 0.005238, -0.01387, -0.000127, -0.024965, 0.004404, -0.001716, -0.010141, 0.022468, -0.013151, 0.004799, -0.003949, -0.035275]]},
 "initial_charges": {"__ndarray__": [[25], "float64", [-1.13, -1.19, -1.19, -1.2, -1.15, -1.19, -1.19, -1.16, -1.17, -1.19, -1.19, -1.14, -1.14, -1.15, -1.15, -0.91, -0.34, 2.34, 2.34, 2.34, 2.39, 2.39, 2.31, 2.31, 2.36]]},
 "initial_magmoms": {"__ndarray__": [[25], "float64", [-0.001, -0.0, -0.0, -0.0, 0.0, 0.0, 0.0, 0.0, 0.001, 0.001, 0.001, 0.008, 0.016, 0.077, 0.077, 0.315, 1.081, -0.0, -0.0, -0.0, -0.0, -0.001, -0.001, -0.034, -0.024]]},
 "magmom": 1.7353885,
 "magmoms": {"__ndarray__": [[25], "float64", [-0.089, 0.0, 0.0, -0.017, -0.0, 0.0, 0.0, 0.001, 0.0, 0.005, 0.005, 0.007, 0.045, 0.089, 0.089, 0.097, 1.19, -0.001, 0.0, -0.002, -0.0, -0.002, -0.001, -0.05, -0.005]]},
 "mtime": 21.702988600413924,
 "numbers": {"__ndarray__": [[25], "int64", [8, 8, 8, 8, 8, 8, 8, 8, 8, 8, 8, 8, 8, 8, 8, 8, 8, 72, 72, 72, 72, 72, 72, 72, 72]]},
 "pbc": {"__ndarray__": [[3], "bool", [true, true, true]]},
 "positions": {"__ndarray__": [[25, 3], "float64", [-1.1525840533340723, 3.2908749596421925, 7.5000000000000195, -1.4968672740259876, 5.913343092232167, 8.838439999999947, 1.469882682720002, 2.946593135486177, 8.838439999999947, -1.1525840533340723, 3.2908749596421925, 10.176869999999989, -3.582372659118529, 5.7206635654266496, 10.936240000000033, -0.9599115975963826, 5.3763874158025615, 12.274679999999957, 0.932927006290396, 3.4835488119157834, 12.274679999999957, -3.582372659118529, 5.7206635654266496, 13.613120000000086, -1.1525840533340723, 3.2908749596421925, 14.357034612243936, -1.4905596836564743, 5.907035501862653, 15.716422427264327, 1.4635750923504902, 2.952900725855689, 15.716422427264327, -1.1525840533340723, 3.2908749596421925, 17.032868526289764, -3.582372659118529, 5.7206635654266496, 17.844939706098213, -0.9429525135431231, 5.359428331749303, 19.209208246045264, 0.9159679222371393, 3.50050789596904, 19.209208246045264, -3.582372659118529, 5.7206635654266496, 20.520613692390818, -1.1525840533340723, 3.2908749596421925, 21.279526281539574, -0.013491597385042464, 4.429967415591221, 8.838439999999947, -3.582372659118529, 5.7206635654266496, 8.838439999999947, -1.1525840533340723, 3.2908749596421925, 12.274679999999957, -2.443280203169499, 6.859756021375679, 12.274679999999957, -0.013491597385042464, 4.429967415591221, 15.684364716239141, -3.582372659118529, 5.7206635654266496, 15.821891192719498, -1.1525840533340723, 3.2908749596421925, 19.100010466390675, -2.443280203169499, 6.859756021375679, 19.371944317003937]]},
 "stress": {"__ndarray__": [[6], "float64", [0.002723607337261677, 0.0024923906316933323, 0.00909467770958002, -7.037301539433373e-05, -0.00018315084378991831, 0.004582409894568348]]},
 "unique_id": "43d1efd0d874036c434af9e39d5ad27b",
 "user": "bcomer3"},
"ids": [1],
"nextid": 2}
