{"1": {
 "calculator": "vasp",
 "calculator_parameters": {"amix": 0.01, "amix_mag": 0.01, "bmix": 0.0001, "bmix_mag": 0.0001, "encut": 500, "sigma": 0.05, "ediff": 1e-06, "ediffg": -0.02, "algo": "normal", "gga": "PE", "prec": "Normal", "ibrion": -1, "icharg": 11, "idipol": 3, "isif": 2, "ismear": 0, "ispin": 2, "istart": 1, "isym": -1, "kpar": 15, "ldauprint": 2, "ldautype": 2, "lmaxmix": 6, "lorbit": 11, "nbands": 88, "nelm": 299, "npar": 6, "nsw": 0, "inimix": 0, "laechg": true, "lasph": true, "ldau": true, "ldipol": true, "lvtot": false, "dipol": [0.5, 0.5, 0.5], "lreal": "Auto", "ldau_luj": {"Ti": {"L": 2, "U": 3.0, "J": 0.0}, "V": {"L": 2, "U": 3.25, "J": 0.0}, "Cr": {"L": 2, "U": 3.5, "J": 0.0}, "Mn": {"L": 2, "U": 3.75, "J": 0.0}, "Fe": {"L": 2, "U": 4.3, "J": 0.0}, "Co": {"L": 2, "U": 3.32, "J": 0.0}, "Ni": {"L": 2, "U": 6.45, "J": 0.0}, "Cu": {"L": 2, "U": 3.0, "J": 0.0}, "W": {"L": 2, "U": 3.0, "J": 0.0}, "Ce": {"L": 3, "U": 4.5, "J": 0.0}, "O": {"L": -1, "U": 0.0, "J": 0.0}, "C": {"L": -1, "U": 0.0, "J": 0.0}, "Au": {"L": -1, "U": 0.0, "J": 0.0}, "Ir": {"L": -1, "U": 0.0, "J": 0.0}, "H": {"L": -1, "U": 0.0, "J": 0.0}}, "xc": "PBE", "pp": "PBE", "setups": {"base": "minimal"}, "txt": "-", "kpts": [12, 6, 1], "gamma": true, "reciprocal": false, "ignore_constraints": false, "custom": {}},
 "cell": {"array": {"__ndarray__": [[3, 3], "float64", [2.0156985930869986, 2.015698593086998, 0.0, -2.137533721, 2.1375337210000005, -3.0229291782680274, -13.912601163499998, 13.9126011635, 19.675389253309405]]}, "__ase_objtype__": "cell"},
 "constraints": [{"name": "FixAtoms", "kwargs": {"indices": [0, 1, 2, 3, 4, 5, 13, 14, 15]}}],
 "ctime": 21.87837803005246,
 "dipole": {"__ndarray__": [[3], "float64", [-0.017789, 0.017789, 0.025157]]},
 "energy": -30.37704955,
 "forces": {"__ndarray__": [[19, 3], "float64", [0.534715, 0.312889, -3.12485, 0.766553, -1.037523, -0.206501, -0.193547, 0.320038, 2.024766, -0.53221, 0.325829, -0.313935, -1.253423, 1.536207, 0.574239, 2.153669, -3.367762, -2.762457, -0.077511, -0.224743, 4.569306, -3.788425, 2.743437, -4.699612, -4.343441, 3.003842, -5.012083, 1.525984, -1.971072, 6.290215, -0.717729, 2.280161, 2.898747, 2.579212, -8.247011, -15.342578, -0.301939, 0.608013, 6.812943, 0.189977, 1.121348, 0.724611, 0.285317, 0.56329, 0.184269, -0.108665, 0.875088, 0.724469, 0.352001, 0.529488, -0.164986, 0.652568, 0.585845, 1.029867, 2.276892, 0.042636, 5.793571]]},
 "magmom": 2.9374832,
 "magmoms": {"__ndarray__": [[19], "float64", [-0.051, -0.133, -0.119, -0.12, -0.106, -0.065, -0.095, -0.07, -0.065, -0.081, -0.016, 0.033, -0.067, 0.977, 0.573, 0.845, 0.273, 0.317, -0.045]]},
 "mtime": 21.87837803005246,
 "numbers": {"__ndarray__": [[19], "int64", [8, 8, 8, 8, 8, 8, 8, 8, 8, 8, 8, 8, 8, 28, 28, 28, 28, 28, 28]]},
 "pbc": {"__ndarray__": [[3], "bool", [true, true, true]]},
 "positions": {"__ndarray__": [[19, 3], "float64", [-3.8210124471159532, 5.708987552884036, 3.8678740930904083, -5.482152447115958, 7.37012755288404, 3.8678740930904336, -3.6437373598229894, 7.547405198177081, 5.71619284179045, -5.78127108082292, 9.684938919177013, 5.042484522658393, -5.958547447115945, 7.846522552884028, 6.8908050801375715, -7.619687447115952, 9.507662552884035, 6.890805080137596, -5.979304520425536, 9.879852527878398, 8.929878746899963, -7.715937268840012, 11.611835005256994, 8.367089247742976, -8.136568814118652, 10.014358539994905, 10.604657643486153, -9.928884620525148, 11.801965911144158, 9.915204533760534, -8.329296614898462, 12.229805466231644, 12.20718652522924, -10.138540225633621, 14.024907507918815, 11.512456742860365, -10.158245331035005, 12.200351518342288, 13.942605166402071, -3.6437360808229085, 7.547403919177, 3.8678740930903377, -4.651588726115962, 6.5395638318840446, 6.890803271358452, -5.781271080823004, 9.684938919177096, 6.890805080137646, -6.812479657699823, 8.69498451844926, 10.16865232783222, -8.027852438151715, 11.919528720065966, 10.287526945265952, -9.070119584040295, 10.950442730355045, 13.344318228531176]]},
 "stress": {"__ndarray__": [[6], "float64", [1.4365217355691926, 1.4542244654878438, 1.426872212664358, 0.0460994618452992, -0.11022556920835579, -0.06765320913612972]]},
 "unique_id": "77b008ed876e1553e29bd65e4c3b2fcc",
 "user": "bcomer3"},
"ids": [1],
"nextid": 2}
