{"1": {
 "calculator": "vasp",
 "calculator_parameters": {"amix": 0.05, "amix_mag": 0.05, "bmix": 0.0001, "bmix_mag": 0.0001, "encut": 500, "sigma": 0.05, "ediff": 1e-06, "ediffg": -0.02, "algo": "normal", "gga": "PE", "prec": "Normal", "ibrion": -1, "idipol": 3, "isif": 2, "ismear": 0, "ispin": 2, "istart": 1, "isym": -1, "kpar": 15, "ldauprint": 2, "ldautype": 2, "lmaxmix": 6, "lorbit": 11, "nbands": 116, "nelm": 299, "npar": 6, "nsw": 0, "inimix": 0, "laechg": true, "lasph": true, "ldau": true, "ldipol": true, "lvtot": false, "dipol": [0.5, 0.5, 0.5], "lreal": "Auto", "ldau_luj": {"Ti": {"L": 2, "U": 3.0, "J": 0.0}, "V": {"L": 2, "U": 3.25, "J": 0.0}, "Cr": {"L": 2, "U": 3.5, "J": 0.0}, "Mn": {"L": 2, "U": 3.75, "J": 0.0}, "Fe": {"L": 2, "U": 4.3, "J": 0.0}, "Co": {"L": 2, "U": 3.32, "J": 0.0}, "Ni": {"L": 2, "U": 6.45, "J": 0.0}, "Cu": {"L": 2, "U": 3.0, "J": 0.0}, "W": {"L": 2, "U": 3.0, "J": 0.0}, "Ce": {"L": 3, "U": 4.5, "J": 0.0}, "O": {"L": -1, "U": 0.0, "J": 0.0}, "C": {"L": -1, "U": 0.0, "J": 0.0}, "Au": {"L": -1, "U": 0.0, "J": 0.0}, "Ir": {"L": -1, "U": 0.0, "J": 0.0}, "H": {"L": -1, "U": 0.0, "J": 0.0}}, "xc": "PBE", "pp": "PBE", "setups": {"base": "minimal"}, "txt": "-", "kpts": [12, 6, 1], "gamma": true, "reciprocal": false, "ignore_constraints": false, "custom": {}},
 "cell": {"array": {"__ndarray__": [[3, 3], "float64", [2.0771437710374805, 2.0771437710374805, 0.0, -4.4643440693679155, 4.4643440693679155, 0.0, 0.0, 0.0, 27.627071858999997]]}, "__ase_objtype__": "cell"},
 "constraints": [{"name": "FixAtoms", "kwargs": {"indices": [0, 1, 2, 17, 18, 3, 4, 5, 6, 19, 20, 7]}}],
 "ctime": 21.66406231552527,
 "dipole": {"__ndarray__": [[3], "float64", [0.0, 0.0, 0.128318]]},
 "energy": -171.09004086,
 "forces": {"__ndarray__": [[25, 3], "float64", [-0.015157, -0.021489, 0.543201, -0.076262, 0.019233, -1.005373, 0.025646, -0.068167, -1.004401, 0.002281, -0.027433, 0.395255, 0.004371, 0.003548, 0.371713, 0.027965, 0.004095, -0.036824, 0.005781, 0.030379, -0.02637, 0.01409, 0.038121, 0.064671, 0.033002, 0.038379, -0.021328, 0.028849, 0.030328, -0.008197, 0.01469, 0.03617, -0.012334, 5.7e-05, -0.012972, -0.038303, -0.001905, -0.016019, -0.023881, 0.012521, -0.024997, -0.007419, -0.007712, -0.001953, -0.008319, -0.013314, -0.024507, 0.030235, 0.003577, 0.012859, -0.082518, -0.007454, -0.001633, -0.670895, -0.007762, -0.002259, 1.11507, -0.00719, -0.00139, 0.051056, -0.006795, -0.000751, 0.295769, -0.006904, -0.001304, 0.016268, -0.006703, -0.002512, 0.012937, -0.008182, -0.004175, 0.013842, -0.007491, -0.001551, 0.036144]]},
 "initial_charges": {"__ndarray__": [[25], "float64", [-0.72, -0.98, -0.98, -0.89, -0.87, -0.93, -0.94, -0.94, -0.93, -0.93, -0.94, -0.89, -0.88, -0.9, -0.91, -0.64, -0.25, 1.85, 1.69, 1.83, 1.86, 1.87, 1.82, 1.75, 1.84]]},
 "initial_magmoms": {"__ndarray__": [[25], "float64", [-0.392, -0.127, -0.127, -0.125, -0.142, -0.094, -0.094, -0.099, -0.075, -0.079, -0.079, -0.101, -0.134, -0.184, -0.184, -0.484, -1.02, 3.152, 3.593, 3.133, 3.231, 3.137, 3.13, 3.099, 3.17]]},
 "magmom": 22.1959516,
 "magmoms": {"__ndarray__": [[25], "float64", [-0.395, -0.124, -0.124, -0.121, -0.141, -0.084, -0.084, -0.098, -0.075, -0.078, -0.078, -0.136, -0.126, -0.169, -0.169, -0.396, -0.919, 3.143, 3.581, 3.116, 3.216, 3.127, 3.11, 3.058, 3.133]]},
 "mtime": 21.66406231552527,
 "numbers": {"__ndarray__": [[25], "int64", [8, 8, 8, 8, 8, 8, 8, 8, 8, 8, 8, 8, 8, 8, 8, 8, 8, 25, 25, 25, 25, 25, 25, 25, 25]]},
 "pbc": {"__ndarray__": [[3], "bool", [true, true, true]]},
 "positions": {"__ndarray__": [[25, 3], "float64", [-1.1525840533340723, 3.2908749596421925, 7.500000000000027, -3.5564394415510012, 3.6175831176552538, 8.725970000000078, -0.825878773245606, 0.8870224493498585, 8.725970000000078, -1.1525840533340723, 3.2908749596421925, 9.951939999999937, -3.3847575269803434, 5.523048433288464, 10.65676999999993, -3.0580493689672816, 3.1191930450715346, 11.88273999999998, -1.3242688458293255, 1.3854125219335782, 11.88273999999998, -3.3847575269803434, 5.523048433288464, 13.108699999999942, -1.1525840533340723, 3.2908749596421925, 13.821640124039146, -3.556944670787164, 3.6180883468914167, 15.03530886533953, -0.8253735440094432, 0.8865172201136956, 15.03530886533953, -1.1525840533340723, 3.2908749596421925, 16.28347703020234, -3.3847575269803434, 5.523048433288464, 16.975724996875734, -3.0602864995739716, 3.121430175678224, 18.184887812433004, -1.3220317152226362, 1.383175391326889, 18.184887812433004, -3.3847575269803434, 5.523048433288464, 19.416408155356194, -1.1525840533340723, 3.2908749596421925, 20.06726591125349, -2.191157668436006, 2.2523013445402587, 8.725970000000078, -3.3847575269803434, 5.523048433288464, 8.725970000000078, -1.1525840533340723, 3.2908749596421925, 11.88273999999998, -4.423331142082277, 4.484474818186531, 11.88273999999998, -2.191157668436006, 2.2523013445402587, 15.057853708373028, -3.3847575269803434, 5.523048433288464, 15.0637522904624, -1.1525840533340723, 3.2908749596421925, 18.305866436889538, -4.423331142082277, 4.484474818186531, 18.243978342438606]]},
 "stress": {"__ndarray__": [[6], "float64", [0.0031033532354986667, 0.003261194759783128, 0.0014152434697666512, -6.338876668247037e-05, 5.955023857005217e-05, 0.003576815393260793]]},
 "unique_id": "99ce5138d58f857891529cae0f204d51",
 "user": "bcomer3"},
"ids": [1],
"nextid": 2}
