{"1": {
 "calculator": "vasp",
 "calculator_parameters": {"amix": 0.01, "amix_mag": 0.01, "bmix": 0.0001, "bmix_mag": 0.0001, "encut": 500, "sigma": 0.05, "ediff": 1e-06, "ediffg": -0.02, "algo": "normal", "gga": "PE", "prec": "Normal", "ibrion": -1, "icharg": 11, "idipol": 3, "isif": 2, "ismear": 0, "ispin": 2, "istart": 1, "isym": -1, "kpar": 15, "ldauprint": 2, "ldautype": 2, "lmaxmix": 6, "lorbit": 11, "nbands": 88, "nelm": 299, "npar": 6, "nsw": 0, "inimix": 0, "laechg": true, "lasph": true, "ldau": true, "ldipol": true, "lvtot": false, "dipol": [0.5, 0.5, 0.5], "lreal": "Auto", "ldau_luj": {"Ti": {"L": 2, "U": 3.0, "J": 0.0}, "V": {"L": 2, "U": 3.25, "J": 0.0}, "Cr": {"L": 2, "U": 3.5, "J": 0.0}, "Mn": {"L": 2, "U": 3.75, "J": 0.0}, "Fe": {"L": 2, "U": 4.3, "J": 0.0}, "Co": {"L": 2, "U": 3.32, "J": 0.0}, "Ni": {"L": 2, "U": 6.45, "J": 0.0}, "Cu": {"L": 2, "U": 3.0, "J": 0.0}, "W": {"L": 2, "U": 3.0, "J": 0.0}, "Ce": {"L": 3, "U": 4.5, "J": 0.0}, "O": {"L": -1, "U": 0.0, "J": 0.0}, "C": {"L": -1, "U": 0.0, "J": 0.0}, "Au": {"L": -1, "U": 0.0, "J": 0.0}, "Ir": {"L": -1, "U": 0.0, "J": 0.0}, "H": {"L": -1, "U": 0.0, "J": 0.0}}, "xc": "PBE", "pp": "PBE", "setups": {"base": "minimal"}, "txt": "-", "kpts": [12, 6, 1], "gamma": true, "reciprocal": false, "ignore_constraints": false, "custom": {}},
 "cell": {"array": {"__ndarray__": [[3, 3], "float64", [2.0771437710374805, 2.0771437710374805, 0.0, -2.2321720345, 2.2321720345, -3.156767964739844, -14.196516103499997, 14.196516103499999, 20.076905612017747]]}, "__ase_objtype__": "cell"},
 "constraints": [{"name": "FixAtoms", "kwargs": {"indices": [0, 13, 1, 2, 14, 3, 4, 15, 5]}}],
 "ctime": 21.878344582431723,
 "dipole": {"__ndarray__": [[3], "float64", [-0.040916, 0.040916, 0.057864]]},
 "energy": -7.55407527,
 "forces": {"__ndarray__": [[19, 3], "float64", [0.017677, 0.83011, -7.578239, 1.807546, -1.371873, 1.205084, 0.709146, 0.210059, 2.272585, -3.915384, 3.282815, 0.196895, -0.592196, 0.733582, -3.966856, 0.998817, -0.690032, 1.319144, 0.738849, 0.419565, 2.441055, -4.082309, 3.369291, 0.183593, -0.557745, 0.690629, -3.918039, 1.172745, -0.768063, 1.450942, 0.966572, -0.110675, 2.979178, -5.47679, -12.439687, -19.160047, 1.340056, 0.509265, 12.070246, 0.975003, 1.445542, 2.196503, 1.607589, 0.230091, 0.648291, 0.67084, 0.992158, 2.100357, 1.571249, 0.182347, 0.779088, 0.533299, 0.978666, 1.972012, 1.515037, 1.506211, 2.808209]]},
 "initial_charges": {"__ndarray__": [[19], "float64", [-0.77, -0.94, -0.87, -0.91, -0.91, -0.91, -0.9, -0.9, -0.91, -0.91, -0.91, -0.6, -0.27, 1.69, 1.8, 1.8, 1.84, 1.8, 1.78]]},
 "initial_magmoms": {"__ndarray__": [[19], "float64", [-0.383, -0.132, -0.16, -0.097, -0.082, -0.069, -0.069, -0.068, -0.069, -0.108, -0.127, -0.594, -1.079, 3.525, 3.223, 3.117, 3.114, 3.124, 3.123]]},
 "magmom": 16.1343207,
 "magmoms": {"__ndarray__": [[19], "float64", [-0.057, -0.09, -0.058, -0.074, -0.103, -0.083, -0.053, -0.07, -0.1, -0.078, -0.051, -0.139, 0.03, 0.842, 1.462, 0.323, 1.61, 0.252, 1.536]]},
 "mtime": 21.878344582431723,
 "numbers": {"__ndarray__": [[19], "int64", [8, 8, 8, 8, 8, 8, 8, 8, 8, 8, 8, 8, 8, 25, 25, 25, 25, 25, 25]]},
 "pbc": {"__ndarray__": [[3], "bool", [true, true, true]]},
 "positions": {"__ndarray__": [[19, 3], "float64", [-3.8210124471159346, 5.708987552884017, 3.8678740930903825, -5.554792447115976, 7.4427675528840584, 3.8678740930904234, -3.6493302566804227, 7.614445674319599, 5.798674462744657, -5.88150229118045, 9.846617708819627, 5.093841688176095, -6.053182447115998, 7.94115755288408, 7.024639180612825, -7.786967447115957, 9.67494255288404, 7.02464625168056, -5.878751120475092, 9.843808178753836, 8.95954418269443, -8.111244490038267, 12.076264574299792, 8.258730978558361, -8.279530538468043, 10.165778169646945, 10.187181322480956, -10.014743505945725, 11.899750194008334, 10.192001076935464, -8.149085813877198, 12.117186299071975, 12.11604316028475, -10.405629744674131, 14.371679342499693, 11.426697724181965, -10.275263348963549, 12.45333409585049, 13.646029243894557, -3.6493322911804595, 7.614447708819636, 3.8678740930904763, -4.687900412615932, 6.575875518384014, 7.024642057830227, -5.881502291180421, 9.846617708819597, 7.024639180612773, -6.917720197129488, 8.805163916193303, 10.18983527366032, -8.107947035112012, 12.072126228719986, 10.200401785467452, -9.162547056026174, 11.033447379503771, 13.365472519696464]]},
 "stress": {"__ndarray__": [[6], "float64", [0.063020405296879, 0.04072662723502899, 0.03046234064733146, 0.12831483578717318, -0.17006328544723703, -0.0987446689373137]]},
 "unique_id": "9037df389b1fcfb4adf40642a42a51f9",
 "user": "bcomer3"},
"ids": [1],
"nextid": 2}
