{"1": {
 "calculator": "vasp",
 "calculator_parameters": {"amix": 0.01, "amix_mag": 0.01, "bmix": 0.0001, "bmix_mag": 0.0001, "encut": 500, "sigma": 0.05, "ediff": 1e-06, "ediffg": -0.02, "algo": "normal", "gga": "PE", "prec": "Normal", "ibrion": -1, "icharg": 11, "idipol": 3, "isif": 2, "ismear": 0, "ispin": 2, "istart": 1, "isym": -1, "kpar": 15, "ldauprint": 2, "ldautype": 2, "lmaxmix": 6, "lorbit": 11, "nbands": 130, "nelm": 299, "npar": 6, "nsw": 0, "inimix": 0, "laechg": true, "lasph": true, "ldau": true, "ldipol": true, "lvtot": false, "dipol": [0.5, 0.5, 0.5], "lreal": "Auto", "ldau_luj": {"Ti": {"L": 2, "U": 3.0, "J": 0.0}, "V": {"L": 2, "U": 3.25, "J": 0.0}, "Cr": {"L": 2, "U": 3.5, "J": 0.0}, "Mn": {"L": 2, "U": 3.75, "J": 0.0}, "Fe": {"L": 2, "U": 4.3, "J": 0.0}, "Co": {"L": 2, "U": 3.32, "J": 0.0}, "Ni": {"L": 2, "U": 6.45, "J": 0.0}, "Cu": {"L": 2, "U": 3.0, "J": 0.0}, "W": {"L": 2, "U": 3.0, "J": 0.0}, "Ce": {"L": 3, "U": 4.5, "J": 0.0}, "O": {"L": -1, "U": 0.0, "J": 0.0}, "C": {"L": -1, "U": 0.0, "J": 0.0}, "Au": {"L": -1, "U": 0.0, "J": 0.0}, "Ir": {"L": -1, "U": 0.0, "J": 0.0}, "H": {"L": -1, "U": 0.0, "J": 0.0}}, "xc": "PBE", "pp": "PBE", "setups": {"base": "minimal"}, "txt": "-", "kpts": [12, 6, 1], "gamma": true, "reciprocal": false, "ignore_constraints": false, "custom": {}},
 "cell": {"array": {"__ndarray__": [[3, 3], "float64", [1.917004101170383, 1.9170041011703827, 0.0, -2.4698910405, 2.4698910405000003, -3.492953407058895, -14.909673120999997, 14.909673121, 21.085461938267795]]}, "__ase_objtype__": "cell"},
 "constraints": [{"name": "FixAtoms", "kwargs": {"indices": [0, 1, 2, 3, 4, 5, 13, 14, 15]}}],
 "ctime": 21.878478555503918,
 "dipole": {"__ndarray__": [[3], "float64", [-0.032504, 0.032504, 0.045967]]},
 "energy": -192.85667148,
 "forces": {"__ndarray__": [[19, 3], "float64", [0.10914, 0.076056, 0.235911, 0.548742, -0.609833, -0.097992, -0.455051, 0.425067, 0.28688, 1.106874, -1.135064, -0.446585, -0.383253, 0.308981, 1.71675, 0.291204, -0.39561, -0.353286, -0.299588, 0.221243, 0.565536, 1.459917, -1.400192, -0.50056, -0.79692, 0.743319, 1.95481, -1.018757, 0.94652, -0.389576, -0.30436, 0.200243, 0.557812, 4.815844, -4.923339, 1.472025, -3.194851, 3.139644, 0.338383, -1.241316, 1.308194, -1.936092, 0.040174, 0.031792, -1.025421, -0.670419, 0.753215, -0.029768, 0.237846, -0.152077, -1.160713, 0.006648, 0.105778, 0.772166, -0.251873, 0.356063, -1.960278]]},
 "magmom": -0.3110328,
 "magmoms": {"__ndarray__": [[19], "float64", [0.023, 0.005, 0.009, -0.004, -0.0, 0.0, 0.0, 0.001, -0.004, -0.002, -0.002, -0.0, -0.0, -0.016, -0.013, 0.003, 0.001, 0.005, 0.001]]},
 "mtime": 21.878478555503918,
 "numbers": {"__ndarray__": [[19], "int64", [8, 8, 8, 8, 8, 8, 8, 8, 8, 8, 8, 8, 8, 75, 75, 75, 75, 75, 75]]},
 "pbc": {"__ndarray__": [[3], "bool", [true, true, true]]},
 "positions": {"__ndarray__": [[19, 3], "float64", [-3.8210124471159697, 5.708987552884051, 3.8678740930904296, -5.978222447115929, 7.866197552884012, 3.867874093090353, -3.9411119515141437, 7.746095967485829, 5.835449680705873, -6.411002992014211, 10.215987007985897, 5.393251912533909, -6.290902447115931, 8.178877552884014, 7.360826028660062, -8.448112447116, 10.336087552884083, 7.360826028660137, -6.413589098481041, 10.218575665480564, 9.334125367809404, -8.851173410323208, 12.656154522583414, 8.895478747408891, -8.744750656657521, 10.632723818385657, 10.878397030061354, -10.885793512185181, 12.77376202253017, 10.81889809044449, -8.863225401623398, 12.668204127146332, 12.859321178384807, -11.258764162455591, 15.06374385856459, 12.215583497420152, -11.222181454212063, 13.11016080769466, 14.4231025843903, -3.941107992014134, 7.746092007985819, 3.8678740930903905, -4.899611406615923, 6.787586512384006, 7.360827500149252, -6.410997992014202, 10.215982007985886, 7.3608260286601706, -7.369335876822191, 9.257314534656452, 10.856850869441338, -8.891537414045949, 12.696515620351548, 10.851967190618673, -10.017213896736289, 11.905189971927545, 14.365993502794208]]},
 "stress": {"__ndarray__": [[6], "float64", [-0.23608027048299818, -0.23672089897967885, -0.20701436139692797, 0.050758804581353185, -0.04882920458603161, -0.09859416118625215]]},
 "unique_id": "20dbce9810d794259906d0f9fe88f8eb",
 "user": "bcomer3"},
"ids": [1],
"nextid": 2}
