{"1": {
 "calculator": "vasp",
 "calculator_parameters": {"amix": 0.01, "amix_mag": 0.01, "bmix": 0.0001, "bmix_mag": 0.0001, "encut": 500, "sigma": 0.05, "ediff": 1e-06, "ediffg": -0.02, "algo": "normal", "gga": "PE", "prec": "Normal", "ibrion": -1, "icharg": 11, "idipol": 3, "isif": 2, "ismear": 0, "ispin": 2, "istart": 1, "isym": -1, "kpar": 15, "ldauprint": 2, "ldautype": 2, "lmaxmix": 6, "lorbit": 11, "nbands": 88, "nelm": 299, "npar": 6, "nsw": 0, "inimix": 0, "laechg": true, "lasph": true, "ldau": true, "ldipol": true, "lvtot": false, "dipol": [0.5, 0.5, 0.5], "lreal": "Auto", "ldau_luj": {"Ti": {"L": 2, "U": 3.0, "J": 0.0}, "V": {"L": 2, "U": 3.25, "J": 0.0}, "Cr": {"L": 2, "U": 3.5, "J": 0.0}, "Mn": {"L": 2, "U": 3.75, "J": 0.0}, "Fe": {"L": 2, "U": 4.3, "J": 0.0}, "Co": {"L": 2, "U": 3.32, "J": 0.0}, "Ni": {"L": 2, "U": 6.45, "J": 0.0}, "Cu": {"L": 2, "U": 3.0, "J": 0.0}, "W": {"L": 2, "U": 3.0, "J": 0.0}, "Ce": {"L": 3, "U": 4.5, "J": 0.0}, "O": {"L": -1, "U": 0.0, "J": 0.0}, "C": {"L": -1, "U": 0.0, "J": 0.0}, "Au": {"L": -1, "U": 0.0, "J": 0.0}, "Ir": {"L": -1, "U": 0.0, "J": 0.0}, "H": {"L": -1, "U": 0.0, "J": 0.0}}, "xc": "PBE", "pp": "PBE", "setups": {"base": "minimal"}, "txt": "-", "kpts": [12, 6, 1], "gamma": true, "reciprocal": false, "ignore_constraints": false, "custom": {}},
 "cell": {"array": {"__ndarray__": [[3, 3], "float64", [2.2827721412760074, 2.282772141276007, 0.0, -2.3723822435, 2.3723822435000006, -3.3550551438908105, -14.617146729999998, 14.61714673, 20.67176714876354]]}, "__ase_objtype__": "cell"},
 "constraints": [{"name": "FixAtoms", "kwargs": {"indices": [0, 13, 1, 2, 14, 3, 4, 15, 5]}}],
 "ctime": 21.878430420060656,
 "dipole": {"__ndarray__": [[3], "float64", [-0.033157, 0.033157, 0.046892]]},
 "energy": -98.51691429,
 "forces": {"__ndarray__": [[19, 3], "float64", [0.133112, 0.63414, -6.648115, 2.165027, -2.128767, 0.264291, 0.121259, 0.042203, 1.970627, -3.857507, 1.863225, -0.19753, -1.197176, -0.71015, -3.632126, 1.733986, -1.70993, -0.022962, -0.088525, 0.188442, 2.530713, -3.115612, 1.37207, 0.176537, -1.193195, -0.032091, -1.598375, 0.067689, -0.99788, 1.049207, -0.907998, 1.562915, 3.492062, 0.539813, -1.495161, 0.607651, -3.64651, 3.345621, 1.667206, 0.926119, 0.534868, -0.403212, 1.398806, -0.149771, -0.460006, 0.74345, 0.532728, 0.404628, 1.524197, -0.444969, -0.124775, 1.307868, -0.197351, 0.634393, 3.345198, -2.21014, 0.289789]]},
 "initial_charges": {"__ndarray__": [[19], "float64", [-0.9, -1.02, -0.96, -1.0, -1.0, -1.0, -0.99, -1.0, -1.0, -1.02, -0.98, -0.78, -0.5, 9.89, 10.0, 10.0, 9.99, 10.02, 10.26]]},
 "initial_magmoms": {"__ndarray__": [[19], "float64", [0.006, -0.021, -0.012, 0.001, 0.003, 0.001, 0.001, -0.019, -0.017, 0.021, 0.002, -0.007, 0.009, 1.873, 1.918, 1.903, 1.902, 1.715, 0.228]]},
 "magmom": 9.9706482,
 "magmoms": {"__ndarray__": [[19], "float64", [-0.073, -0.073, -0.063, -0.091, -0.088, -0.063, -0.058, -0.077, -0.074, -0.008, -0.044, -0.024, -0.006, 0.219, 0.253, 0.324, 0.378, 0.352, 0.007]]},
 "mtime": 21.878430420060656,
 "numbers": {"__ndarray__": [[19], "int64", [8, 8, 8, 8, 8, 8, 8, 8, 8, 8, 8, 8, 8, 42, 42, 42, 42, 42, 42]]},
 "pbc": {"__ndarray__": [[3], "bool", [true, true, true]]},
 "positions": {"__ndarray__": [[19, 3], "float64", [-3.821012447115987, 5.70898755288407, 3.8678740930904554, -5.70658244711592, 7.594557552884003, 3.8678740930903692, -3.622411721695852, 7.793153791304077, 5.889629903579284, -5.994793965195894, 10.16553603480412, 5.201173426492362, -6.193392447115979, 8.081367552884062, 7.22292606419313, -8.07896244711591, 9.966937552883993, 7.2229260641930395, -5.973319707121391, 10.144061776729615, 9.234371020271418, -8.36060857730171, 12.531350646909933, 8.463613267154594, -8.540472419328502, 10.428447525096585, 10.465969128696976, -10.34233457813827, 12.230309683906354, 10.475819945297609, -8.277417733809585, 12.448159803417811, 12.473864225344824, -10.654068945033387, 14.824811014641613, 11.583429352495102, -10.790421345070795, 12.678396450838878, 13.784290046196002, -3.6224089651958975, 7.793151034804122, 3.8678740930904407, -4.763800203615982, 6.651775309384064, 7.222929236981272, -5.994793965195855, 10.165536034804079, 7.222933135260879, -7.133888590683895, 9.021863696451977, 10.537380226557584, -8.35469499754472, 12.525437067152945, 10.512477021903669, -9.5906061011922, 11.478581206960284, 13.917262446625244]]},
 "stress": {"__ndarray__": [[6], "float64", [-0.4830655122239567, -0.4907649941910824, -0.44738497035494884, 0.17947518161663092, -0.17103191148999194, -0.10159532843434187]]},
 "unique_id": "d8b84f1f4ca7df672b88df3137fb81f4",
 "user": "bcomer3"},
"ids": [1],
"nextid": 2}
