{"1": {
 "calculator": "vasp",
 "calculator_parameters": {"amix": 0.05, "amix_mag": 0.05, "bmix": 0.0001, "bmix_mag": 0.0001, "encut": 500, "sigma": 0.05, "ediff": 1e-06, "ediffg": -0.02, "algo": "normal", "gga": "PE", "prec": "Normal", "ibrion": -1, "idipol": 3, "isif": 2, "ismear": 0, "ispin": 2, "istart": 1, "isym": -1, "kpar": 15, "ldauprint": 2, "ldautype": 2, "lmaxmix": 6, "lorbit": 11, "nbands": 172, "nelm": 299, "npar": 6, "nsw": 0, "inimix": 0, "laechg": true, "lasph": true, "ldau": true, "ldipol": true, "lvtot": false, "dipol": [0.5, 0.5, 0.5], "lreal": "Auto", "ldau_luj": {"Ti": {"L": 2, "U": 3.0, "J": 0.0}, "V": {"L": 2, "U": 3.25, "J": 0.0}, "Cr": {"L": 2, "U": 3.5, "J": 0.0}, "Mn": {"L": 2, "U": 3.75, "J": 0.0}, "Fe": {"L": 2, "U": 4.3, "J": 0.0}, "Co": {"L": 2, "U": 3.32, "J": 0.0}, "Ni": {"L": 2, "U": 6.45, "J": 0.0}, "Cu": {"L": 2, "U": 3.0, "J": 0.0}, "W": {"L": 2, "U": 3.0, "J": 0.0}, "Ce": {"L": 3, "U": 4.5, "J": 0.0}, "O": {"L": -1, "U": 0.0, "J": 0.0}, "C": {"L": -1, "U": 0.0, "J": 0.0}, "Au": {"L": -1, "U": 0.0, "J": 0.0}, "Ir": {"L": -1, "U": 0.0, "J": 0.0}, "H": {"L": -1, "U": 0.0, "J": 0.0}}, "xc": "PBE", "pp": "PBE", "setups": {"base": "minimal"}, "txt": "-", "kpts": [12, 6, 1], "gamma": true, "reciprocal": false, "ignore_constraints": false, "custom": {}},
 "cell": {"array": {"__ndarray__": [[3, 3], "float64", [1.9083734987460086, 1.9083734987460084, 0.0, -5.032083705277431, 5.032083705277432, 0.0, 0.0, 0.0, 29.232882045000004]]}, "__ase_objtype__": "cell"},
 "constraints": [{"name": "FixAtoms", "kwargs": {"indices": [0, 1, 2, 3, 4, 5, 6, 7, 17, 18, 19, 20]}}],
 "ctime": 21.66412656997228,
 "dipole": {"__ndarray__": [[3], "float64", [0.0, 0.0, 0.146884]]},
 "energy": -203.72582993,
 "forces": {"__ndarray__": [[25, 3], "float64", [0.007563, -0.005821, 3.423461, -0.047621, 0.049502, -0.166094, 0.04645, -0.065066, -0.130668, -0.007079, 0.006984, 0.01073, -0.026491, -0.006698, -0.467324, 0.044714, -0.038039, -0.06633, -0.01312, 0.024867, -0.059734, 0.023983, -0.012338, -0.28111, -0.006204, 0.001929, 0.115881, -0.102625, 0.099522, -0.008738, 0.107189, -0.067304, -0.012977, 0.005608, -0.014735, 0.04765, -0.019904, 0.000327, 0.165556, 0.275931, -0.272405, 0.033707, -0.304807, 0.275488, 0.017384, 0.00154, -0.020932, 0.157853, -0.004365, 0.004482, 0.081428, -0.000475, 0.007102, -4.132297, 0.002618, 0.004425, 1.5588, 0.004791, 0.003173, 0.32214, 0.002146, 0.006768, -0.044408, 0.001926, 0.006699, -0.130082, 0.002882, 0.003692, 0.014208, 0.003987, 0.002175, -0.161046, 0.00136, 0.006204, -0.28799]]},
 "magmom": 1.7776717,
 "magmoms": {"__ndarray__": [[25], "float64", [0.057, -0.007, -0.007, -0.005, -0.036, -0.003, -0.003, -0.01, -0.002, -0.001, -0.001, 0.021, -0.02, -0.009, -0.009, 0.01, 0.001, 0.268, 0.715, 0.161, -0.033, 0.224, 0.268, 0.028, 0.227]]},
 "mtime": 21.66412656997228,
 "numbers": {"__ndarray__": [[25], "int64", [8, 8, 8, 8, 8, 8, 8, 8, 8, 8, 8, 8, 8, 8, 8, 8, 8, 74, 74, 74, 74, 74, 74, 74, 74]]},
 "pbc": {"__ndarray__": [[3], "bool", [true, true, true]]},
 "positions": {"__ndarray__": [[25, 3], "float64", [-1.1525840533340723, 3.2908749596421925, 7.500000000000013, -3.507983388078406, 3.7378953622320226, 9.076609999999963, -0.7055629273740206, 0.9354749015276369, 9.076609999999963, -1.1525840533340723, 3.2908749596421925, 10.653219999999912, -3.668625544287659, 5.8069164505957795, 11.058219999999958, -3.2216051416978644, 3.451517115851481, 12.634829999999912, -0.9919411737545621, 1.2218531479081784, 12.634829999999912, -3.668625544287659, 5.8069164505957795, 14.211440000000067, -1.1525840533340723, 3.2908749596421925, 14.616737887718969, -3.5058893858017446, 3.735801359955361, 16.179807002091742, -0.7076569296506829, 0.9375689038042992, 16.179807002091742, -1.1525840533340723, 3.2908749596421925, 17.711476950492084, -3.668625544287659, 5.8069164505957795, 18.181239660069533, -3.219123777481928, 3.4490357516355443, 19.654004720164753, -0.9944225379704977, 1.224334512124114, 19.654004720164753, -3.668625544287659, 5.8069164505957795, 21.181911760247345, -1.1525840533340723, 3.2908749596421925, 21.61228597861634, -2.106773519411324, 2.3366854935649406, 9.076609999999963, -3.668625544287659, 5.8069164505957795, 9.076609999999963, -1.1525840533340723, 3.2908749596421925, 12.634829999999912, -4.622815010364911, 4.852726984518528, 12.634829999999912, -2.106773519411324, 2.3366854935649406, 16.214625516135392, -3.668625544287659, 5.8069164505957795, 16.20471821877353, -1.1525840533340723, 3.2908749596421925, 19.915603499800262, -4.622815010364911, 4.852726984518528, 19.78079661959701]]},
 "stress": {"__ndarray__": [[6], "float64", [-0.0033754143767867916, -0.003428205060973513, 0.016529800557678942, -5.4844140689136196e-05, 1.9280021689853386e-05, -0.008921819114338684]]},
 "unique_id": "f5e6302dcfc3be86aa8033afe2fb37cf",
 "user": "bcomer3"},
"ids": [1],
"nextid": 2}
