{"1": {
 "calculator": "vasp",
 "calculator_parameters": {"amix": 0.05, "amix_mag": 0.05, "bmix": 0.0001, "bmix_mag": 0.0001, "encut": 500, "sigma": 0.05, "ediff": 1e-06, "ediffg": -0.02, "algo": "normal", "gga": "PE", "prec": "Normal", "ibrion": -1, "idipol": 3, "isif": 2, "ismear": 0, "ispin": 2, "istart": 1, "isym": -1, "kpar": 15, "ldauprint": 2, "ldautype": 2, "lmaxmix": 6, "lorbit": 11, "nbands": 116, "nelm": 299, "npar": 6, "nsw": 0, "inimix": 0, "laechg": true, "lasph": true, "ldau": true, "ldipol": true, "lvtot": false, "dipol": [0.5, 0.5, 0.5], "lreal": "Auto", "ldau_luj": {"Ti": {"L": 2, "U": 3.0, "J": 0.0}, "V": {"L": 2, "U": 3.25, "J": 0.0}, "Cr": {"L": 2, "U": 3.5, "J": 0.0}, "Mn": {"L": 2, "U": 3.75, "J": 0.0}, "Fe": {"L": 2, "U": 4.3, "J": 0.0}, "Co": {"L": 2, "U": 3.32, "J": 0.0}, "Ni": {"L": 2, "U": 6.45, "J": 0.0}, "Cu": {"L": 2, "U": 3.0, "J": 0.0}, "W": {"L": 2, "U": 3.0, "J": 0.0}, "Ce": {"L": 3, "U": 4.5, "J": 0.0}, "O": {"L": -1, "U": 0.0, "J": 0.0}, "C": {"L": -1, "U": 0.0, "J": 0.0}, "Au": {"L": -1, "U": 0.0, "J": 0.0}, "Ir": {"L": -1, "U": 0.0, "J": 0.0}, "H": {"L": -1, "U": 0.0, "J": 0.0}}, "xc": "PBE", "pp": "PBE", "setups": {"base": "minimal"}, "txt": "-", "kpts": [12, 6, 1], "gamma": true, "reciprocal": false, "ignore_constraints": false, "custom": {}},
 "cell": {"array": {"__ndarray__": [[3, 3], "float64", [2.3622621688015264, 2.362262168801526, 0.0, -4.6523058242770885, 4.6523058242770885, 0.0, 0.0, 0.0, 28.158707986]]}, "__ase_objtype__": "cell"},
 "constraints": [{"name": "FixAtoms", "kwargs": {"indices": [0, 1, 2, 17, 18, 3, 4, 5, 6, 19, 20, 7]}}],
 "ctime": 21.664136511200955,
 "dipole": {"__ndarray__": [[3], "float64", [0.0, 0.0, 0.089736]]},
 "energy": -95.22754621,
 "forces": {"__ndarray__": [[25, 3], "float64", [-0.026987, -0.01045, 0.491074, -0.086184, 0.05668, -0.43356, 0.081546, -0.086379, -0.449003, 0.017248, 0.005117, -0.221514, -0.002987, 0.00611, 1.276884, 0.025283, -0.003567, 0.042372, -0.017949, -0.000416, 0.04212, 0.002456, -0.008645, -0.268609, -0.006201, 0.031548, -0.085831, -0.033178, 0.013591, -0.005554, 0.049802, -0.01843, 0.026025, -0.016629, -0.006509, 0.02798, -0.001845, 0.031844, 0.041386, -0.024186, 0.063062, 0.012631, 0.03312, -0.041841, 0.022743, 0.022938, 0.011928, -0.026655, 0.004097, 0.021708, 0.002445, -0.001848, -0.00879, -0.241655, -0.003353, -0.010982, -0.564733, 0.000779, 0.000215, 0.188618, -0.001403, -0.002143, 0.133667, -0.00543, -0.010217, 0.040874, -0.001715, -0.012147, 0.015813, -0.001803, -0.011012, -0.034157, -0.00557, -0.010273, -0.03336]]},
 "initial_charges": {"__ndarray__": [[25], "float64", [-0.53, -0.71, -0.71, -0.68, -0.66, -0.7, -0.7, -0.66, -0.64, -0.7, -0.7, -0.7, -0.68, -0.68, -0.69, -0.5, -0.2, 1.41, 1.22, 1.39, 1.32, 1.4, 1.32, 1.37, 1.41]]},
 "initial_magmoms": {"__ndarray__": [[25], "float64", [-0.233, -0.026, -0.026, 0.006, -0.021, 0.003, 0.003, 0.015, -0.011, -0.004, -0.004, 0.009, -0.017, 0.057, 0.057, 0.314, 1.041, -0.015, -0.012, -0.002, -0.008, 0.005, -0.007, 0.057, 0.022]]},
 "magmom": 1.36862,
 "magmoms": {"__ndarray__": [[25], "float64", [-0.265, -0.032, -0.032, -0.004, -0.016, 0.007, 0.007, 0.013, -0.018, -0.002, -0.002, 0.012, 0.002, 0.052, 0.052, 0.279, 1.021, -0.024, -0.012, 0.002, -0.008, -0.0, -0.005, 0.066, 0.023]]},
 "mtime": 21.664136511200955,
 "numbers": {"__ndarray__": [[25], "int64", [8, 8, 8, 8, 8, 8, 8, 8, 8, 8, 8, 8, 8, 8, 8, 8, 8, 47, 47, 47, 47, 47, 47, 47, 47]]},
 "pbc": {"__ndarray__": [[3], "bool", [true, true, true]]},
 "positions": {"__ndarray__": [[25, 3], "float64", [-1.1525840533340723, 3.2908749596421925, 7.500000000000057, -1.414963095561133, 5.915513910050411, 8.748250000000084, 1.4720506494837182, 3.0285001650055596, 8.748250000000084, -1.1525840533340723, 3.2908749596421925, 9.996499999999912, -3.4787390892678296, 5.61702999557595, 10.789679999999954, -0.8541001388596121, 5.35465095334889, 12.037929999999985, 0.9111947638499986, 3.589356050639279, 12.037929999999985, -3.4787390892678296, 5.61702999557595, 13.286180000000018, -1.1525840533340723, 3.2908749596421925, 14.096128942636339, -1.4160350458064719, 5.91658586029575, 15.408136222436603, 1.4731225997290551, 3.0274282147602225, 15.408136222436603, -1.1525840533340723, 3.2908749596421925, 16.604127744336008, -3.4787390892678296, 5.61702999557595, 17.399975952310882, -0.8583466262926445, 5.358897440781922, 18.56449453059577, 0.9154412512830299, 3.585109563206248, 18.56449453059577, -3.4787390892678296, 5.61702999557595, 19.84258191524695, -1.1525840533340723, 3.2908749596421925, 20.564292854778486, 0.028545900756506537, 4.472004913732771, 8.748250000000084, -3.4787390892678296, 5.61702999557595, 8.748250000000084, -2.2976091351772507, 6.798159949666529, 12.037929999999985, -1.1525840533340723, 3.2908749596421925, 12.037929999999985, 0.028545900756506537, 4.472004913732771, 15.347114868878599, -3.4787390892678296, 5.61702999557595, 15.333603120090977, -1.1525840533340723, 3.2908749596421925, 18.628039112961684, -2.2976091351772507, 6.798159949666529, 18.647575521918196]]},
 "stress": {"__ndarray__": [[6], "float64", [0.006841018560442597, 0.006656606931809251, -0.00186204814205213, -6.816976267289695e-05, -3.610088878410877e-05, 0.004180731333263006]]},
 "unique_id": "8ebcbdfcf927409410503a78ba279fdf",
 "user": "bcomer3"},
"ids": [1],
"nextid": 2}
