{"1": {
 "calculator": "vasp",
 "calculator_parameters": {"amix": 0.01, "amix_mag": 0.01, "bmix": 0.0001, "bmix_mag": 0.0001, "encut": 500, "sigma": 0.05, "ediff": 1e-06, "ediffg": -0.02, "algo": "normal", "gga": "PE", "prec": "Normal", "ibrion": -1, "icharg": 11, "idipol": 3, "isif": 2, "ismear": 0, "ispin": 2, "istart": 1, "isym": -1, "kpar": 15, "ldauprint": 2, "ldautype": 2, "lmaxmix": 6, "lorbit": 11, "nbands": 130, "nelm": 299, "npar": 6, "nsw": 0, "inimix": 0, "laechg": true, "lasph": true, "ldau": true, "ldipol": true, "lvtot": false, "dipol": [0.5, 0.5, 0.5], "lreal": "Auto", "ldau_luj": {"Ti": {"L": 2, "U": 3.0, "J": 0.0}, "V": {"L": 2, "U": 3.25, "J": 0.0}, "Cr": {"L": 2, "U": 3.5, "J": 0.0}, "Mn": {"L": 2, "U": 3.75, "J": 0.0}, "Fe": {"L": 2, "U": 4.3, "J": 0.0}, "Co": {"L": 2, "U": 3.32, "J": 0.0}, "Ni": {"L": 2, "U": 6.45, "J": 0.0}, "Cu": {"L": 2, "U": 3.0, "J": 0.0}, "W": {"L": 2, "U": 3.0, "J": 0.0}, "Ce": {"L": 3, "U": 4.5, "J": 0.0}, "O": {"L": -1, "U": 0.0, "J": 0.0}, "C": {"L": -1, "U": 0.0, "J": 0.0}, "Au": {"L": -1, "U": 0.0, "J": 0.0}, "Ir": {"L": -1, "U": 0.0, "J": 0.0}, "H": {"L": -1, "U": 0.0, "J": 0.0}}, "xc": "PBE", "pp": "PBE", "setups": {"base": "minimal"}, "txt": "-", "kpts": [12, 6, 1], "gamma": true, "reciprocal": false, "ignore_constraints": false, "custom": {}},
 "cell": {"array": {"__ndarray__": [[3, 3], "float64", [1.9083734987460086, 1.9083734987460084, 0.0, -2.5160418525, 2.5160418525000003, -3.558220511303826, -15.048125557499999, 15.0481255575, 21.281263251709696]]}, "__ase_objtype__": "cell"},
 "constraints": [{"name": "FixAtoms", "kwargs": {"indices": [0, 1, 2, 3, 4, 5, 13, 14, 15]}}],
 "ctime": 21.87849222986961,
 "dipole": {"__ndarray__": [[3], "float64", [-0.052032, 0.052032, 0.073585]]},
 "energy": -185.36625046,
 "forces": {"__ndarray__": [[19, 3], "float64", [-1.14004, 1.211023, 1.690683, 1.019503, -0.89683, -0.632458, -0.142391, 0.088932, 0.147188, 1.535085, -1.656128, -0.93264, -0.864743, 0.603794, 2.223784, 1.031187, -0.924887, -0.56995, -0.174443, 0.183133, 0.708888, 1.969595, -2.085216, -0.690327, -0.873307, 0.653133, 2.055062, -1.190431, 1.354076, -0.734581, -0.196026, 0.31164, 1.290917, 4.234475, -4.271622, 1.282608, -3.411407, 3.325482, 0.245612, -0.872361, 0.889064, -1.623534, -0.212365, 0.318072, -1.296242, -0.802222, 0.908132, -0.291506, -0.06458, 0.252437, -1.466115, 0.160636, -0.150005, 0.414464, -0.006167, -0.11423, -1.821854]]},
 "initial_charges": {"__ndarray__": [[19], "float64", [-0.88, -1.06, -0.96, -1.0, -1.0, -1.02, -1.01, -1.02, -1.02, -1.0, -1.04, -0.87, -0.64, 1.89, 2.0, 2.03, 2.03, 2.2, 2.38]]},
 "initial_magmoms": {"__ndarray__": [[19], "float64", [0.003, 0.001, -0.0, 0.0, 0.001, 0.006, 0.001, 0.002, 0.005, 0.021, 0.003, 0.07, 0.004, 0.006, 0.002, 0.02, 0.024, 0.117, 0.159]]},
 "magmom": 0.4675131,
 "magmoms": {"__ndarray__": [[19], "float64", [-0.0, -0.0, -0.0, -0.0, -0.001, -0.001, -0.0, -0.001, -0.005, -0.003, -0.002, -0.014, 0.003, 0.001, -0.0, 0.008, 0.009, 0.039, 0.027]]},
 "mtime": 21.87849222986961,
 "numbers": {"__ndarray__": [[19], "int64", [8, 8, 8, 8, 8, 8, 8, 8, 8, 8, 8, 8, 8, 74, 74, 74, 74, 74, 74]]},
 "pbc": {"__ndarray__": [[3], "bool", [true, true, true]]},
 "positions": {"__ndarray__": [[19, 3], "float64", [-3.8210124471159346, 5.708987552884017, 3.8678740930903825, -6.050682447115993, 7.9386575528840755, 3.867874093090468, -3.9816615619472167, 7.778004733052813, 5.849479827586052, -6.497703414447167, 10.294046585552763, 5.444488869898574, -6.337052447116007, 8.22502755288409, 7.426091984563689, -8.566722447115957, 10.45469755288404, 7.4260919845636195, -6.496784373738719, 10.293127544844316, 9.416038197845255, -8.98013777854284, 12.776480949648438, 8.97215930421632, -8.860481900447876, 10.74845700621596, 10.974640494039374, -10.99499123057347, 12.882966336341553, 10.890561806285344, -8.996072207721785, 12.79241537882738, 12.955701362380948, -11.493865902512155, 15.290209073617751, 12.216876490176247, -11.412318370118728, 13.30029347588681, 14.433007024539776, -3.9816584144471996, 7.778001585552796, 3.8678740930904043, -4.935840594615995, 6.823815700384078, 7.426094604394283, -6.497703414447185, 10.294046585552781, 7.426099055631399, -7.451946675406292, 9.339921781174375, 10.976999522901345, -9.021202588635191, 12.817545759740788, 10.950191393929362, -10.205065360956397, 12.09304046672448, 14.46675446013058]]},
 "stress": {"__ndarray__": [[6], "float64", [-0.39792613481131633, -0.4041437327157383, -0.4064409014249923, 0.02703951576722446, -0.026467912119966942, -0.08205665236480275]]},
 "unique_id": "c6d14b3f6445982d8879e540d004d958",
 "user": "bcomer3"},
"ids": [1],
"nextid": 2}
