{"1": {
 "calculator": "vasp",
 "calculator_parameters": {"amix": 0.01, "amix_mag": 0.01, "bmix": 0.0001, "bmix_mag": 0.0001, "encut": 500, "sigma": 0.05, "ediff": 1e-06, "ediffg": -0.02, "algo": "normal", "gga": "PE", "prec": "Normal", "ibrion": -1, "icharg": 11, "idipol": 3, "isif": 2, "ismear": 0, "ispin": 2, "istart": 1, "isym": -1, "kpar": 15, "ldauprint": 2, "ldautype": 2, "lmaxmix": 6, "lorbit": 11, "nbands": 88, "nelm": 299, "npar": 6, "nsw": 0, "inimix": 0, "laechg": true, "lasph": true, "ldau": true, "ldipol": true, "lvtot": false, "dipol": [0.5, 0.5, 0.5], "lreal": "Auto", "ldau_luj": {"Ti": {"L": 2, "U": 3.0, "J": 0.0}, "V": {"L": 2, "U": 3.25, "J": 0.0}, "Cr": {"L": 2, "U": 3.5, "J": 0.0}, "Mn": {"L": 2, "U": 3.75, "J": 0.0}, "Fe": {"L": 2, "U": 4.3, "J": 0.0}, "Co": {"L": 2, "U": 3.32, "J": 0.0}, "Ni": {"L": 2, "U": 6.45, "J": 0.0}, "Cu": {"L": 2, "U": 3.0, "J": 0.0}, "W": {"L": 2, "U": 3.0, "J": 0.0}, "Ce": {"L": 3, "U": 4.5, "J": 0.0}, "O": {"L": -1, "U": 0.0, "J": 0.0}, "C": {"L": -1, "U": 0.0, "J": 0.0}, "Au": {"L": -1, "U": 0.0, "J": 0.0}, "Ir": {"L": -1, "U": 0.0, "J": 0.0}, "H": {"L": -1, "U": 0.0, "J": 0.0}}, "xc": "PBE", "pp": "PBE", "setups": {"base": "minimal"}, "txt": "-", "kpts": [12, 6, 1], "gamma": true, "reciprocal": false, "ignore_constraints": false, "custom": {}},
 "cell": {"array": {"__ndarray__": [[3, 3], "float64", [2.1029928372412146, 2.102992837241214, 0.0, -2.214076689, 2.2140766890000005, -3.131177281717917, -14.142230067499998, 14.1422300675, 20.000133563659073]]}, "__ase_objtype__": "cell"},
 "constraints": [{"name": "FixAtoms", "kwargs": {"indices": [0, 13, 1, 2, 14, 3, 4, 15, 5]}}],
 "ctime": 21.87837291050066,
 "dipole": {"__ndarray__": [[3], "float64", [-0.032062, 0.032062, 0.045343]]},
 "energy": -107.66272503,
 "forces": {"__ndarray__": [[19, 3], "float64", [0.697317, 0.501949, 0.725281, -0.723193, 0.592472, -0.99769, -1.205476, 1.143913, 1.869025, 0.659908, -0.564258, 1.001184, -0.36522, 0.451517, 2.126404, -0.714547, 0.637026, -0.793111, -1.438043, 1.28841, -0.027246, 0.713046, -0.81008, 0.891314, -0.243276, 0.298753, 2.659468, -0.711322, 0.649544, -0.815815, -1.514413, 1.30028, 0.252956, 3.70341, -9.359123, -21.985327, -1.314964, -0.379533, 7.830431, -0.235924, 0.981435, 0.962509, 0.625585, 0.310415, 0.207567, -0.33788, 1.32015, 1.653011, 0.918831, 0.17731, 0.113825, -0.109886, 1.300892, 1.406677, 1.596046, 0.15893, 2.919535]]},
 "initial_charges": {"__ndarray__": [[19], "float64", [-0.54, -0.68, -0.65, -0.67, -0.66, -0.66, -0.66, -0.66, -0.66, -0.67, -0.67, -0.45, -0.16, 1.22, 1.32, 1.32, 1.32, 1.32, 1.28]]},
 "initial_magmoms": {"__ndarray__": [[19], "float64", [0.482, 0.13, 0.174, 0.128, 0.153, 0.149, 0.154, 0.166, 0.189, 0.065, 0.125, 0.662, 1.348, 0.126, -0.01, 0.067, 0.139, -0.009, 0.26]]},
 "magmom": 5.3167226,
 "magmoms": {"__ndarray__": [[19], "float64", [-0.012, 0.012, 0.016, 0.009, 0.005, 0.011, 0.012, 0.012, 0.003, 0.009, -0.021, 0.165, -0.069, 0.061, -0.054, 0.046, 0.114, 0.029, -0.157]]},
 "mtime": 21.87837291050066,
 "numbers": {"__ndarray__": [[19], "int64", [8, 8, 8, 8, 8, 8, 8, 8, 8, 8, 8, 8, 8, 29, 29, 29, 29, 29, 29]]},
 "pbc": {"__ndarray__": [[3], "bool", [true, true, true]]},
 "positions": {"__ndarray__": [[19, 3], "float64", [-3.8210124471159936, 5.708987552884076, 3.8678740930904656, -5.507282447115936, 7.395257552884019, 3.867874093090367, -3.61265469022029, 7.603621931779661, 5.806678422896881, -5.8267313792203375, 9.817698620779709, 5.0602470450018835, -6.035087447115979, 7.923062552884062, 6.999048986201657, -7.721362447115935, 9.609337552884018, 6.999056057269386, -5.8803143724150155, 9.871281613974388, 8.979878352621844, -8.06833151950744, 12.059298761066811, 8.212345580162513, -8.3019527808238, 10.189927886591883, 10.223561695742877, -9.982465571292453, 11.870440677060536, 10.175996740758032, -8.180464747102981, 12.171431988662354, 12.140185077721508, -10.400877492793736, 14.391844734353109, 11.392443286663175, -10.425091348250119, 12.313066454018202, 13.799661940368853, -3.6126563792203203, 7.6036236207796914, 3.8678740930904327, -4.664145758115999, 6.552120863884081, 6.999051374808408, -5.826731379220308, 9.81769862077968, 6.999048986201625, -6.903858718739319, 8.791833824507401, 10.163723353883459, -8.091200602113553, 12.082167843672925, 10.181538936823019, -9.12957905924916, 11.017554165017243, 13.32531067416318]]},
 "stress": {"__ndarray__": [[6], "float64", [2.536993966352102, 2.5370267342750132, 2.7431793305069303, 0.24783378738964063, -0.2197705268125705, -0.29397696476485746]]},
 "unique_id": "8cb6674cf9d369a261376f3658ccaad1",
 "user": "bcomer3"},
"ids": [1],
"nextid": 2}
