{"1": {
 "calculator": "vasp",
 "calculator_parameters": {"amix": 0.05, "amix_mag": 0.05, "bmix": 0.0001, "bmix_mag": 0.0001, "encut": 500, "sigma": 0.05, "ediff": 1e-06, "ediffg": -0.02, "algo": "normal", "gga": "PE", "prec": "Normal", "ibrion": -1, "idipol": 3, "isif": 2, "ismear": 0, "ispin": 2, "istart": 1, "isym": -1, "kpar": 15, "ldauprint": 2, "ldautype": 2, "lmaxmix": 6, "lorbit": 11, "nbands": 116, "nelm": 299, "npar": 6, "nsw": 0, "inimix": 0, "laechg": true, "lasph": true, "ldau": true, "ldipol": true, "lvtot": false, "dipol": [0.5, 0.5, 0.5], "lreal": "Auto", "ldau_luj": {"Ti": {"L": 2, "U": 3.0, "J": 0.0}, "V": {"L": 2, "U": 3.25, "J": 0.0}, "Cr": {"L": 2, "U": 3.5, "J": 0.0}, "Mn": {"L": 2, "U": 3.75, "J": 0.0}, "Fe": {"L": 2, "U": 4.3, "J": 0.0}, "Co": {"L": 2, "U": 3.32, "J": 0.0}, "Ni": {"L": 2, "U": 6.45, "J": 0.0}, "Cu": {"L": 2, "U": 3.0, "J": 0.0}, "W": {"L": 2, "U": 3.0, "J": 0.0}, "Ce": {"L": 3, "U": 4.5, "J": 0.0}, "O": {"L": -1, "U": 0.0, "J": 0.0}, "C": {"L": -1, "U": 0.0, "J": 0.0}, "Au": {"L": -1, "U": 0.0, "J": 0.0}, "Ir": {"L": -1, "U": 0.0, "J": 0.0}, "H": {"L": -1, "U": 0.0, "J": 0.0}}, "xc": "PBE", "pp": "PBE", "setups": {"base": "minimal"}, "txt": "-", "kpts": [12, 6, 1], "gamma": true, "reciprocal": false, "ignore_constraints": false, "custom": {}},
 "cell": {"array": {"__ndarray__": [[3, 3], "float64", [1.9459454924064556, 1.9459454924064554, 0.0, -4.833250370990812, 4.833250370990813, 0.0, 0.0, 0.0, 28.67049645]]}, "__ase_objtype__": "cell"},
 "constraints": [{"name": "FixAtoms", "kwargs": {"indices": [0, 1, 2, 17, 18, 3, 4, 5, 6, 19, 20, 7]}}],
 "ctime": 21.664170605464452,
 "dipole": {"__ndarray__": [[3], "float64", [0.0, 0.0, 0.108248]]},
 "energy": -200.06852027,
 "forces": {"__ndarray__": [[25, 3], "float64", [0.005209, -0.014432, 2.267811, -0.193445, 0.151455, -0.613544, 0.220102, -0.199241, -0.63326, -0.026549, -0.036852, 0.614864, -0.006797, 0.021731, -0.616882, -0.046747, 0.068261, -0.017695, 0.054263, -0.082066, -0.012867, -0.004058, -0.013536, -0.170874, 0.004276, 0.004805, 0.033701, -0.043353, 0.045409, -0.003911, 0.039805, -0.044097, 0.029892, -0.017177, -0.007226, 0.025203, 0.017035, 0.010393, 0.084123, 0.048159, -0.081993, -0.076797, -0.037928, 0.042272, -0.066257, -0.014918, -0.029192, 0.065432, -0.023895, -0.001895, -0.152521, 0.001418, 0.022028, -3.039213, -0.004538, 0.028301, 2.388542, -0.000481, 0.016917, -0.132003, 0.009407, 0.021338, -0.04855, -0.001105, 0.021779, -0.066906, 0.014917, 0.022008, -0.010777, 0.004251, 0.021665, 0.228198, 0.002149, 0.012168, -0.075709]]},
 "initial_charges": {"__ndarray__": [[25], "float64", [-0.77, -0.93, -0.93, -0.85, -0.88, -0.92, -0.91, -0.89, -0.93, -0.91, -0.91, -0.96, -0.92, -0.92, -0.92, -0.68, -0.5, 1.87, 1.61, 1.82, 1.79, 1.83, 1.83, 2.05, 1.92]]},
 "initial_magmoms": {"__ndarray__": [[25], "float64", [0.092, 0.006, 0.006, 0.013, 0.009, 0.008, 0.008, 0.001, -0.013, -0.003, -0.003, -0.0, 0.0, -0.001, -0.001, 0.004, -0.001, 0.453, 0.059, 0.122, -0.023, -0.113, -0.037, -0.001, 0.018]]},
 "magmom": -0.3428655,
 "magmoms": {"__ndarray__": [[25], "float64", [0.021, -0.012, -0.012, 0.003, -0.026, -0.001, -0.001, -0.005, 0.004, 0.003, 0.003, 0.005, 0.005, -0.008, -0.008, -0.02, -0.001, 0.14, -0.441, -0.007, -0.029, -0.002, 0.318, -0.029, -0.223]]},
 "mtime": 21.664170605464452,
 "numbers": {"__ndarray__": [[25], "int64", [8, 8, 8, 8, 8, 8, 8, 8, 8, 8, 8, 8, 8, 8, 8, 8, 8, 43, 43, 43, 43, 43, 43, 43, 43]]},
 "pbc": {"__ndarray__": [[3], "bool", [true, true, true]]},
 "positions": {"__ndarray__": [[25, 3], "float64", [-1.1525840533340723, 3.2908749596421925, 7.500000000000089, -3.5009722991850376, 3.693315940370013, 8.972490000000063, -0.7501443277207825, 0.9424879689057568, 8.972490000000063, -1.1525840533340723, 3.2908749596421925, 10.444989999999903, -3.5692063308528397, 5.70749723716096, 10.917619999999925, -3.1667653501250204, 3.359108991309995, 12.390119999999968, -1.0843442057129942, 1.2766878468979685, 12.390119999999968, -3.5692063308528397, 5.70749723716096, 13.86260999999994, -1.152649258306024, 3.291011694126343, 14.335937805879645, -3.4953777100623484, 3.6879866352667863, 15.799068209712935, -0.7554709278672707, 0.9480483913802992, 15.798750549068519, -1.1524116732951164, 3.29082831440883, 17.26915788052924, -3.5692924989749657, 5.707413577527861, 17.735433693347293, -3.1397456269182404, 3.332030711850847, 19.166475585695437, -1.111465220954096, 1.3037526473689192, 19.16625552791649, -3.568834715566725, 5.707739151804923, 20.548240028430065, -1.153044593122869, 3.2905155193147504, 21.062203310181104, -2.125557685895645, 2.3179013270806195, 8.972490000000063, -3.5692063308528397, 5.70749723716096, 8.972490000000063, -4.542179963414412, 4.734523604599388, 12.390119999999968, -1.1525840533340723, 3.2908749596421925, 12.390119999999968, -2.1253279701876626, 2.31787880755594, 15.8308366340638, -3.5692055483033664, 5.707564286731804, 15.810354753662907, -1.1526089659555336, 3.290883708755242, 19.38781864943186, -4.542086503030911, 4.734847616784968, 19.234015731626368]]},
 "stress": {"__ndarray__": [[6], "float64", [-0.0007780478031052293, -0.0009792116422324467, 0.009810416527081556, 0.0001508822416091019, 0.00013185812179340972, -2.8548662741790028e-05]]},
 "unique_id": "34f6a7714570f1146bd08e6847c1d53d",
 "user": "bcomer3"},
"ids": [1],
"nextid": 2}
