{"1": {
 "calculator": "vasp",
 "calculator_parameters": {"amix": 0.05, "amix_mag": 0.05, "bmix": 0.0001, "bmix_mag": 0.0001, "encut": 500, "sigma": 0.05, "ediff": 1e-06, "ediffg": -0.02, "algo": "normal", "gga": "PE", "prec": "Normal", "ibrion": -1, "idipol": 3, "isif": 2, "ismear": 0, "ispin": 2, "istart": 1, "isym": -1, "kpar": 15, "ldauprint": 2, "ldautype": 2, "lmaxmix": 6, "lorbit": 11, "nbands": 116, "nelm": 299, "npar": 6, "nsw": 0, "inimix": 0, "laechg": true, "lasph": true, "ldau": true, "ldipol": true, "lvtot": false, "dipol": [0.5, 0.5, 0.5], "lreal": "Auto", "ldau_luj": {"Ti": {"L": 2, "U": 3.0, "J": 0.0}, "V": {"L": 2, "U": 3.25, "J": 0.0}, "Cr": {"L": 2, "U": 3.5, "J": 0.0}, "Mn": {"L": 2, "U": 3.75, "J": 0.0}, "Fe": {"L": 2, "U": 4.3, "J": 0.0}, "Co": {"L": 2, "U": 3.32, "J": 0.0}, "Ni": {"L": 2, "U": 6.45, "J": 0.0}, "Cu": {"L": 2, "U": 3.0, "J": 0.0}, "W": {"L": 2, "U": 3.0, "J": 0.0}, "Ce": {"L": 3, "U": 4.5, "J": 0.0}, "O": {"L": -1, "U": 0.0, "J": 0.0}, "C": {"L": -1, "U": 0.0, "J": 0.0}, "Au": {"L": -1, "U": 0.0, "J": 0.0}, "Ir": {"L": -1, "U": 0.0, "J": 0.0}, "H": {"L": -1, "U": 0.0, "J": 0.0}}, "xc": "PBE", "pp": "PBE", "setups": {"base": "minimal"}, "txt": "-", "kpts": [12, 6, 1], "gamma": true, "reciprocal": false, "ignore_constraints": false, "custom": {}},
 "cell": {"array": {"__ndarray__": [[3, 3], "float64", [2.2002904326405286, 2.200290432640528, 0.0, -4.523386139265681, 4.523386139265681, 0.0, 0.0, 0.0, 27.794068052]]}, "__ase_objtype__": "cell"},
 "constraints": [{"name": "FixAtoms", "kwargs": {"indices": [0, 1, 2, 17, 18, 3, 4, 5, 6, 19, 20, 7]}}],
 "ctime": 21.66415637396847,
 "dipole": {"__ndarray__": [[3], "float64", [0.0, 0.0, 0.155675]]},
 "energy": -159.07696158,
 "forces": {"__ndarray__": [[25, 3], "float64", [0.002218, -0.010322, 0.568761, -0.117337, 0.082177, -0.686523, 0.104678, -0.124298, -0.687625, -0.014718, -0.026782, 0.19646, -0.012486, -0.035161, -0.26936, -0.054971, 0.028744, -0.054442, 0.034711, -0.063033, -0.042738, -0.024618, -0.031974, 0.309052, 0.019385, 0.002195, -0.055362, 0.030501, -0.006276, -0.038767, -0.006014, 0.025262, -0.032589, -0.012804, -0.005715, 0.067358, -0.010619, -0.030433, -0.019139, 0.021657, -0.040197, 0.006569, -0.040395, 0.002133, 0.003812, -0.024917, -0.025293, 0.004983, -0.004473, -0.00563, -0.021537, 0.02145, 0.034954, -0.671909, 0.027276, 0.030153, 1.748653, 0.018351, 0.05252, -0.279642, 0.023217, 0.039128, -0.014081, -0.012961, 0.033241, -0.050298, 0.014496, 0.030006, 0.025318, 0.017292, 0.025059, -0.027197, 0.00108, 0.019541, 0.020245]]},
 "initial_charges": {"__ndarray__": [[25], "float64", [-0.63, -0.79, -0.8, -0.77, -0.74, -0.78, -0.78, -0.77, -0.76, -0.78, -0.78, -0.81, -0.75, -0.79, -0.78, -0.57, -0.32, 1.56, 1.4, 1.54, 1.54, 1.56, 1.53, 1.67, 1.6]]},
 "initial_magmoms": {"__ndarray__": [[25], "float64", [0.009, -0.018, -0.018, -0.001, -0.025, -0.014, -0.014, -0.052, 0.063, 0.013, 0.013, 0.028, -0.026, 0.049, 0.049, 0.128, -0.825, -0.013, -0.054, -0.105, -0.001, 0.179, -0.053, -0.464, 0.208]]},
 "magmom": -0.8870896,
 "magmoms": {"__ndarray__": [[25], "float64", [-0.001, 0.002, 0.002, -0.004, 0.002, -0.001, -0.001, -0.04, 0.056, 0.012, 0.012, 0.036, -0.038, 0.026, 0.026, 0.176, -0.791, -0.006, 0.013, -0.03, 0.01, 0.178, -0.075, -0.55, 0.245]]},
 "mtime": 21.66415637396847,
 "numbers": {"__ndarray__": [[25], "int64", [8, 8, 8, 8, 8, 8, 8, 8, 8, 8, 8, 8, 8, 8, 8, 8, 8, 45, 45, 45, 45, 45, 45, 45, 45]]},
 "pbc": {"__ndarray__": [[3], "bool", [true, true, true]]},
 "positions": {"__ndarray__": [[25, 3], "float64", [-1.1525840533340723, 3.2908749596421925, 7.500000000000096, -1.4421301380943325, 5.780711073285014, 8.733199999999988, 1.3372478360528577, 3.0013330991378226, 8.733199999999988, -1.1525840533340723, 3.2908749596421925, 9.966400000000075, -3.4142792350948588, 5.552570141402978, 10.698519999999931, -0.9244431214520374, 5.263024056642719, 11.931720000000018, 0.8195678904783454, 3.5190130447123353, 11.931720000000018, -3.4142792350948588, 5.552570141402978, 13.164919999999912, -1.1525840533340723, 3.2908749596421925, 13.905283489074789, -1.4396924656923789, 5.7782734008830605, 15.132985177431223, 1.3348101636509027, 3.003770771539778, 15.132985177431223, -1.1525840533340723, 3.2908749596421925, 16.377714464948788, -3.4142792350948588, 5.552570141402978, 17.094028184536413, -0.9247690877741808, 5.263350022964862, 18.288097381560735, 0.8198938568004901, 3.5186870783901902, 18.288097381560735, -3.4142792350948588, 5.552570141402978, 19.531516900923144, -1.1525840533340723, 3.2908749596421925, 20.207703382638254, -0.05243903889279178, 4.3910199740834726, 8.733199999999988, -3.4142792350948588, 5.552570141402978, 8.733199999999988, -2.314134220653578, 6.652715155844259, 11.931720000000018, -1.1525840533340723, 3.2908749596421925, 11.931720000000018, -0.05243903889279178, 4.3910199740834726, 15.14207335764628, -3.4142792350948588, 5.552570141402978, 15.143614184530461, -1.1525840533340723, 3.2908749596421925, 18.43995726921266, -2.314134220653578, 6.652715155844259, 18.34378334130674]]},
 "stress": {"__ndarray__": [[6], "float64", [0.005886254909456235, 0.004889504626580056, 0.004418251963048493, 0.0002864977518962933, 2.6151923237450855e-06, 0.004244850356513204]]},
 "unique_id": "b2832b8d1c9704ef91bf81df9f658735",
 "user": "bcomer3"},
"ids": [1],
"nextid": 2}
