{"1": {
 "calculator": "vasp",
 "calculator_parameters": {"amix": 0.01, "amix_mag": 0.01, "bmix": 0.0001, "bmix_mag": 0.0001, "encut": 500, "sigma": 0.05, "ediff": 1e-06, "ediffg": -0.02, "algo": "normal", "gga": "PE", "prec": "Normal", "ibrion": -1, "icharg": 11, "idipol": 3, "isif": 2, "ismear": 0, "ispin": 2, "istart": 1, "isym": -1, "kpar": 15, "ldauprint": 2, "ldautype": 2, "lmaxmix": 6, "lorbit": 11, "nbands": 106, "nelm": 299, "npar": 6, "nsw": 0, "inimix": 0, "laechg": true, "lasph": true, "ldau": true, "ldipol": true, "lvtot": false, "dipol": [0.5, 0.5, 0.5], "lreal": "Auto", "ldau_luj": {"Ti": {"L": 2, "U": 3.0, "J": 0.0}, "V": {"L": 2, "U": 3.25, "J": 0.0}, "Cr": {"L": 2, "U": 3.5, "J": 0.0}, "Mn": {"L": 2, "U": 3.75, "J": 0.0}, "Fe": {"L": 2, "U": 4.3, "J": 0.0}, "Co": {"L": 2, "U": 3.32, "J": 0.0}, "Ni": {"L": 2, "U": 6.45, "J": 0.0}, "Cu": {"L": 2, "U": 3.0, "J": 0.0}, "W": {"L": 2, "U": 3.0, "J": 0.0}, "Ce": {"L": 3, "U": 4.5, "J": 0.0}, "O": {"L": -1, "U": 0.0, "J": 0.0}, "C": {"L": -1, "U": 0.0, "J": 0.0}, "Au": {"L": -1, "U": 0.0, "J": 0.0}, "Ir": {"L": -1, "U": 0.0, "J": 0.0}, "H": {"L": -1, "U": 0.0, "J": 0.0}}, "xc": "PBE", "pp": "PBE", "setups": {"base": "minimal"}, "txt": "-", "kpts": [12, 6, 1], "gamma": true, "reciprocal": false, "ignore_constraints": false, "custom": {}},
 "cell": {"array": {"__ndarray__": [[3, 3], "float64", [2.415643723050886, 2.4156437230508856, 0.0, -2.5350567335, 2.5350567335000003, -3.5851116139009362, -15.105170200999998, 15.105170201, 21.361936560208132]]}, "__ase_objtype__": "cell"},
 "constraints": [{"name": "FixAtoms", "kwargs": {"indices": [0, 13, 1, 2, 14, 3, 4, 15, 5]}}],
 "ctime": 21.878422857386262,
 "dipole": {"__ndarray__": [[3], "float64", [-0.076052, 0.076052, 0.107554]]},
 "energy": -68.37520052,
 "forces": {"__ndarray__": [[19, 3], "float64", [0.169246, 2.29748, -0.387555, 1.147449, -1.692746, -0.520053, -0.388073, 0.281562, 0.289522, 0.773041, -0.744993, -0.634847, -0.571126, 0.539733, 1.286467, 0.760983, -1.975532, -0.630278, -0.980308, 0.380007, 1.752452, 2.648593, -4.43333, -2.109986, -2.069703, 0.299472, 6.281302, 0.92736, -1.588815, -0.776996, -2.237182, 0.923931, 2.056735, -1.563529, 2.106647, -3.6763, 0.837028, -0.230022, 0.364466, -0.000975, 0.895568, 0.267924, 0.619783, -0.078059, -1.424632, -1.173318, 1.67598, 0.541052, -0.204424, 0.789573, -0.084924, -0.066587, 0.925448, -0.490809, 1.371739, -0.371902, -2.10354]]},
 "initial_charges": {"__ndarray__": [[19], "float64", [-0.68, -0.89, -0.84, -0.84, -0.82, -0.84, -0.83, -0.83, -0.83, -0.84, -0.83, -0.56, -0.22, 1.57, 1.65, 1.68, 1.68, 1.64, 1.63]]},
 "initial_magmoms": {"__ndarray__": [[19], "float64", [0.569, 0.274, 0.409, 0.42, 0.421, 0.423, 0.425, 0.418, 0.423, 0.408, 0.41, 0.808, 1.253, -0.051, -0.04, -0.048, -0.048, -0.041, -0.084]]},
 "magmom": 7.9999996,
 "magmoms": {"__ndarray__": [[19], "float64", [-0.001, 0.217, 0.299, 0.722, 0.723, 0.293, 0.335, 0.139, 0.03, -0.001, -0.008, -0.032, -0.069, 0.049, 0.093, 0.104, 0.073, 0.04, 0.022]]},
 "mtime": 21.878422857386262,
 "numbers": {"__ndarray__": [[19], "int64", [8, 8, 8, 8, 8, 8, 8, 8, 8, 8, 8, 8, 8, 49, 49, 49, 49, 49, 49]]},
 "pbc": {"__ndarray__": [[3], "bool", [true, true, true]]},
 "positions": {"__ndarray__": [[19, 3], "float64", [-3.821012447115962, 5.708987552884045, 3.867874093090421, -5.79961244711596, 7.687587552884042, 3.867874093090408, -3.602492478535588, 7.906114054464389, 6.053904229735618, -6.137549212035578, 10.44117078796438, 5.26695557034608, -6.356067447115971, 8.244042552884054, 7.452983255452162, -8.334672447115919, 10.222647552884, 7.452990326519887, -6.195589316498319, 10.519678334229278, 9.650520276881725, -8.551345895115519, 12.881227650827924, 8.857398454256339, -8.899113316497605, 10.812577734560529, 11.260836616900113, -10.880917953699772, 12.798051651700414, 10.797228559741917, -8.974628577198128, 13.298755199221267, 13.16284600967158, -11.307124354685781, 15.630441015796915, 12.30546352153522, -10.987878868485117, 12.885249635643959, 15.97360043135709, -3.6024892120355902, 7.906110787964392, 3.8678740930904247, -4.810315713615933, 6.698290819384015, 7.4529857069913295, -6.1375442120356, 10.441165787964401, 7.452983255452162, -7.352480713647553, 9.262656795761195, 11.043407330337509, -8.677007748165916, 13.007345300385513, 11.03321500552343, -9.869742635204476, 11.777641606821735, 14.36412119796465]]},
 "stress": {"__ndarray__": [[6], "float64", [-0.329728041928497, -0.3567139306493119, -0.3705688762975114, 0.023934907988391485, -0.0032763678684681508, -0.0042197969388819085]]},
 "unique_id": "78216c9526043b11b4fbd73a820ba06c",
 "user": "bcomer3"},
"ids": [1],
"nextid": 2}
