{"1": {
 "calculator": "vasp",
 "calculator_parameters": {"amix": 0.01, "amix_mag": 0.01, "bmix": 0.0001, "bmix_mag": 0.0001, "encut": 500, "sigma": 0.05, "ediff": 1e-06, "ediffg": -0.02, "algo": "normal", "gga": "PE", "prec": "Normal", "ibrion": -1, "icharg": 11, "idipol": 3, "isif": 2, "ismear": 0, "ispin": 2, "istart": 1, "isym": -1, "kpar": 15, "ldauprint": 2, "ldautype": 2, "lmaxmix": 6, "lorbit": 11, "nbands": 130, "nelm": 299, "npar": 6, "nsw": 0, "inimix": 0, "laechg": true, "lasph": true, "ldau": true, "ldipol": true, "lvtot": false, "dipol": [0.5, 0.5, 0.5], "lreal": "Auto", "ldau_luj": {"Ti": {"L": 2, "U": 3.0, "J": 0.0}, "V": {"L": 2, "U": 3.25, "J": 0.0}, "Cr": {"L": 2, "U": 3.5, "J": 0.0}, "Mn": {"L": 2, "U": 3.75, "J": 0.0}, "Fe": {"L": 2, "U": 4.3, "J": 0.0}, "Co": {"L": 2, "U": 3.32, "J": 0.0}, "Ni": {"L": 2, "U": 6.45, "J": 0.0}, "Cu": {"L": 2, "U": 3.0, "J": 0.0}, "W": {"L": 2, "U": 3.0, "J": 0.0}, "Ce": {"L": 3, "U": 4.5, "J": 0.0}, "O": {"L": -1, "U": 0.0, "J": 0.0}, "C": {"L": -1, "U": 0.0, "J": 0.0}, "Au": {"L": -1, "U": 0.0, "J": 0.0}, "Ir": {"L": -1, "U": 0.0, "J": 0.0}, "H": {"L": -1, "U": 0.0, "J": 0.0}}, "xc": "PBE", "pp": "PBE", "setups": {"base": "minimal"}, "txt": "-", "kpts": [12, 6, 1], "gamma": true, "reciprocal": false, "ignore_constraints": false, "custom": {}},
 "cell": {"array": {"__ndarray__": [[3, 3], "float64", [2.2560988417096377, 2.2560988417096373, 0.0, -2.2692746705, 2.2692746705, -3.2092390157708364, -14.307824011999996, 14.307824011999998, 20.23431876581783]]}, "__ase_objtype__": "cell"},
 "constraints": [{"name": "FixAtoms", "kwargs": {"indices": [0, 13, 1, 2, 14, 3, 4, 15, 5]}}],
 "ctime": 21.87852821937916,
 "dipole": {"__ndarray__": [[3], "float64", [-0.047932, 0.047932, 0.067786]]},
 "energy": -158.89288628,
 "forces": {"__ndarray__": [[19, 3], "float64", [-0.984327, 2.113031, -2.379934, 0.985041, -0.930361, -0.455435, -0.237672, -0.094775, 1.711226, -0.189736, -0.358652, -1.027662, -1.289278, 0.532755, 0.52863, 1.245221, -1.272683, -0.4416, -0.760835, 0.469133, 1.796857, -0.018653, -0.504158, -1.026288, -1.273364, 0.606866, 0.539781, 1.547962, -1.61176, -0.035325, -1.047256, 0.457411, 0.725387, 2.723465, -6.568899, -3.344776, -0.895303, -0.003391, 1.516598, 1.084476, 0.324719, -0.917724, -0.083491, 1.023791, -0.15872, 0.165529, 0.652207, -0.616926, -0.133347, 1.001616, 0.110071, 0.307772, 0.475458, -1.124492, -1.146203, 3.687692, 4.600331]]},
 "initial_charges": {"__ndarray__": [[19], "float64", [-0.73, -0.82, -0.78, -0.82, -0.83, -0.82, -0.82, -0.83, -0.83, -0.83, -0.82, -0.64, -0.39, 1.5, 1.66, 1.65, 1.65, 1.66, 1.85]]},
 "initial_magmoms": {"__ndarray__": [[19], "float64", [0.01, -0.002, -0.004, -0.007, -0.003, 0.015, 0.004, -0.017, 0.004, -0.036, -0.045, -0.092, 0.542, -0.001, -0.021, 0.002, 0.037, -0.134, 0.249]]},
 "magmom": -0.6829569,
 "magmoms": {"__ndarray__": [[19], "float64", [-0.001, -0.001, -0.0, -0.0, 0.0, 0.0, 0.001, -0.001, -0.002, -0.003, 0.007, -0.046, 0.018, -0.001, -0.0, -0.0, 0.005, -0.016, -0.098]]},
 "mtime": 21.87852821937916,
 "numbers": {"__ndarray__": [[19], "int64", [8, 8, 8, 8, 8, 8, 8, 8, 8, 8, 8, 8, 8, 77, 77, 77, 77, 77, 77]]},
 "pbc": {"__ndarray__": [[3], "bool", [true, true, true]]},
 "positions": {"__ndarray__": [[19, 3], "float64", [-3.8210124471159594, 5.708987552884042, 3.867874093090417, -3.821012776615968, 5.708987882384051, 6.323514056811711, -4.09403499908908, 8.238105000910954, 5.095694307942757, -5.830439999089102, 9.974510000910977, 5.095701379010597, -6.090287447115999, 7.978262552884082, 7.077113574844681, -6.090287776615907, 7.978262882383989, 9.532753538565828, -6.362948698447616, 10.507018700269489, 8.303666212280852, -8.100884919691502, 12.244954921513377, 8.297392578057458, -8.367340219530217, 10.2553153252983, 10.291510024542276, -8.34402317719704, 10.231998282965122, 12.75051983724288, -8.639906884428074, 12.783976886249949, 11.50199723089613, -10.345533232046467, 14.489603233868342, 11.388580565109216, -10.685996327675412, 12.573971433443495, 13.372498611647625, -2.692965328589075, 6.837035330410949, 5.095693841959366, -6.090287447115984, 7.9782625528840665, 5.095701379010602, -4.962240328589115, 9.10631033041099, 8.304933323713628, -8.360663747000757, 10.24863885276884, 8.309238117324925, -7.23657079862566, 11.380640800447535, 11.519979154812733, -10.6576278391391, 12.545602944907182, 11.60752324494592]]},
 "stress": {"__ndarray__": [[6], "float64", [-0.0913214361640996, -0.09807581009485669, 0.05226577326923382, 0.050386860569523545, -0.04547966750608074, -0.08027621195457155]]},
 "unique_id": "4c25f3d37a732354d49ed40dfb30cff2",
 "user": "bcomer3"},
"ids": [1],
"nextid": 2}
