{"1": {
 "calculator": "vasp",
 "calculator_parameters": {"amix": 0.01, "amix_mag": 0.01, "bmix": 0.0001, "bmix_mag": 0.0001, "encut": 500, "sigma": 0.05, "ediff": 1e-06, "ediffg": -0.02, "algo": "normal", "gga": "PE", "prec": "Normal", "ibrion": -1, "idipol": 3, "isif": 2, "ismear": 0, "ispin": 2, "istart": 1, "isym": -1, "kpar": 15, "ldauprint": 2, "ldautype": 2, "lmaxmix": 6, "lorbit": 11, "nbands": 196, "nelm": 299, "npar": 6, "nsw": 0, "inimix": 0, "laechg": true, "lasph": true, "ldau": true, "ldipol": true, "lvtot": false, "dipol": [0.5, 0.5, 0.5], "lreal": "Auto", "ldau_luj": {"Ti": {"L": 2, "U": 3.0, "J": 0.0}, "V": {"L": 2, "U": 3.25, "J": 0.0}, "Cr": {"L": 2, "U": 3.5, "J": 0.0}, "Mn": {"L": 2, "U": 3.75, "J": 0.0}, "Fe": {"L": 2, "U": 4.3, "J": 0.0}, "Co": {"L": 2, "U": 3.32, "J": 0.0}, "Ni": {"L": 2, "U": 6.45, "J": 0.0}, "Cu": {"L": 2, "U": 3.0, "J": 0.0}, "W": {"L": 2, "U": 3.0, "J": 0.0}, "Ce": {"L": 3, "U": 4.5, "J": 0.0}, "O": {"L": -1, "U": 0.0, "J": 0.0}, "C": {"L": -1, "U": 0.0, "J": 0.0}, "Au": {"L": -1, "U": 0.0, "J": 0.0}, "Ir": {"L": -1, "U": 0.0, "J": 0.0}, "H": {"L": -1, "U": 0.0, "J": 0.0}}, "xc": "PBE", "pp": "PBE", "setups": {"base": "minimal"}, "txt": "-", "kpts": [12, 6, 1], "gamma": true, "reciprocal": false, "ignore_constraints": false, "custom": {}},
 "cell": {"array": {"__ndarray__": [[3, 3], "float64", [2.537936783025355, 2.537936783025355, 0.0, -5.308413036573225, 5.308413036573226, 0.0, 0.0, 0.0, 30.014459422]]}, "__ase_objtype__": "cell"},
 "constraints": [{"name": "FixAtoms", "kwargs": {"indices": [0, 1, 2, 17, 18, 3, 4, 5, 6, 19, 20, 7]}}],
 "ctime": 21.705450622073933,
 "dipole": {"__ndarray__": [[3], "float64", [0.0, 0.0, 0.154658]]},
 "energy": -99.12854037,
 "forces": {"__ndarray__": [[25, 3], "float64", [0.028655, -0.010603, 0.028072, -0.175655, 0.196508, -0.361388, 0.203443, -0.215387, -0.366549, 0.025625, -0.008438, -0.027374, 0.023191, -0.004027, 0.188809, 0.022469, -0.024351, -0.023009, 0.001725, 0.020195, -0.02206, 0.015082, -0.007038, 0.059372, -0.003147, 0.012352, 0.056391, -0.013434, 0.021967, 0.003376, -0.044618, -0.003447, 0.006561, 0.004198, 0.000606, 0.064774, -0.00312, 0.003398, 0.11167, -0.03169, 0.016034, -0.049171, -0.024825, -0.023889, -0.072092, 0.011871, 0.003713, -0.066152, -0.02521, 0.00386, 0.095334, -0.010638, 0.001848, 0.219542, 0.005503, 0.003336, 0.407572, 0.004224, 0.002875, -0.196716, -0.011211, 0.00351, -0.036357, 0.003106, 0.00192, -0.000656, 0.003778, -0.000649, -0.022567, 0.003566, 0.003751, 0.016048, -0.012886, 0.001958, -0.01343]]},
 "initial_charges": {"__ndarray__": [[25], "float64", [-0.44, -0.67, -0.67, -0.63, -0.63, -0.61, -0.61, -0.64, -0.61, -0.61, -0.61, -0.65, -0.62, -0.63, -0.63, -0.4, -0.15, 1.21, 1.2, 1.24, 1.22, 1.22, 1.25, 1.21, 1.25]]},
 "initial_magmoms": {"__ndarray__": [[25], "float64", [-0.775, -0.244, -0.244, -0.426, -0.444, -0.44, -0.44, -0.439, -0.441, -0.439, -0.44, -0.428, -0.436, -0.402, -0.402, -0.807, -1.286, 0.059, 0.035, 0.038, 0.042, 0.041, 0.039, 0.068, 0.066]]},
 "magmom": -10.0088507,
 "magmoms": {"__ndarray__": [[25], "float64", [-0.765, -0.256, -0.256, -0.438, -0.439, -0.451, -0.451, -0.401, -0.375, -0.451, -0.451, -0.351, -0.372, -0.426, -0.425, -0.91, -1.338, 0.053, 0.039, 0.035, 0.04, 0.035, 0.036, 0.063, 0.061]]},
 "mtime": 21.705450622073933,
 "numbers": {"__ndarray__": [[25], "int64", [8, 8, 8, 8, 8, 8, 8, 8, 8, 8, 8, 8, 8, 8, 8, 8, 8, 81, 81, 81, 81, 81, 81, 81, 81]]},
 "pbc": {"__ndarray__": [[3], "bool", [true, true, true]]},
 "positions": {"__ndarray__": [[25, 3], "float64", [-1.1525840533340723, 3.2908749596421925, 7.5000000000000515, -1.5226978847427208, 6.198922307949983, 8.93559999999991, 1.755463090619858, 2.920761332587404, 8.93559999999991, -1.1525840533340723, 3.2908749596421925, 10.371209999999959, -3.8067871382636964, 5.945078044571817, 11.253610000000036, -0.8987397899559051, 5.574964213163168, 12.689220000000088, 1.1315049958330416, 3.5447194273742206, 12.689220000000088, -3.8067871382636964, 5.945078044571817, 14.124819999999946, -1.1530421780042595, 3.291333084312379, 14.969288996160174, -1.522270937762741, 6.1984953609700035, 16.520981235093785, 1.7551137415028357, 2.9211106817044263, 16.52077612963652, -1.1515757949007677, 3.289866701208888, 17.817433084078978, -3.8054212331691692, 5.94371213947729, 18.726683249128403, -0.8991618940733308, 5.575386317280593, 20.432597368733585, 1.1320759680067354, 3.544148455200527, 20.43193940407355, -3.8063300154946065, 5.944620921802727, 21.635458521824123, -1.1525259153418532, 3.2908168216499734, 22.437583286612778, 0.11638270511549909, 4.559841718091763, 8.93559999999991, -3.8067871382636964, 5.945078044571817, 8.93559999999991, -1.1525840533340723, 3.2908749596421925, 12.689220000000088, -2.537820379814125, 7.2140448030213875, 12.689220000000088, 0.1161705877720105, 4.560053835435252, 16.38083259960632, -3.806932184945558, 5.945223091253679, 16.423031176338544, -2.5379441330769623, 7.214168556284225, 20.135136626471443, -1.152771172622829, 3.291062078930949, 20.087807556450983]]},
 "stress": {"__ndarray__": [[6], "float64", [0.004916886127115306, 0.004694981753162779, -0.0004735557803990145, 6.559826091303305e-06, 5.1517416325040416e-05, -0.00018941107744317924]]},
 "unique_id": "1e5358f0f2332cb323f4b964f38e952e",
 "user": "bcomer3"},
"ids": [1],
"nextid": 2}
