{"1": {
 "calculator": "vasp",
 "calculator_parameters": {"amix": 0.05, "amix_mag": 0.05, "bmix": 0.0001, "bmix_mag": 0.0001, "encut": 500, "sigma": 0.05, "ediff": 1e-06, "ediffg": -0.02, "algo": "normal", "gga": "PE", "prec": "Normal", "ibrion": -1, "idipol": 3, "isif": 2, "ismear": 0, "ispin": 2, "istart": 1, "isym": -1, "kpar": 15, "ldauprint": 2, "ldautype": 2, "lmaxmix": 6, "lorbit": 11, "nbands": 140, "nelm": 299, "npar": 6, "nsw": 0, "inimix": 0, "laechg": true, "lasph": true, "ldau": true, "ldipol": true, "lvtot": false, "dipol": [0.5, 0.5, 0.5], "lreal": "Auto", "ldau_luj": {"Ti": {"L": 2, "U": 3.0, "J": 0.0}, "V": {"L": 2, "U": 3.25, "J": 0.0}, "Cr": {"L": 2, "U": 3.5, "J": 0.0}, "Mn": {"L": 2, "U": 3.75, "J": 0.0}, "Fe": {"L": 2, "U": 4.3, "J": 0.0}, "Co": {"L": 2, "U": 3.32, "J": 0.0}, "Ni": {"L": 2, "U": 6.45, "J": 0.0}, "Cu": {"L": 2, "U": 3.0, "J": 0.0}, "W": {"L": 2, "U": 3.0, "J": 0.0}, "Ce": {"L": 3, "U": 4.5, "J": 0.0}, "O": {"L": -1, "U": 0.0, "J": 0.0}, "C": {"L": -1, "U": 0.0, "J": 0.0}, "Au": {"L": -1, "U": 0.0, "J": 0.0}, "Ir": {"L": -1, "U": 0.0, "J": 0.0}, "H": {"L": -1, "U": 0.0, "J": 0.0}}, "xc": "PBE", "pp": "PBE", "setups": {"base": "minimal"}, "txt": "-", "kpts": [12, 6, 1], "gamma": true, "reciprocal": false, "ignore_constraints": false, "custom": {}},
 "cell": {"array": {"__ndarray__": [[3, 3], "float64", [2.167091879572478, 2.1670918795724776, 0.0, -4.643788462175294, 4.643788462175294, 0.0, 0.0, 0.0, 28.134617248000005]]}, "__ase_objtype__": "cell"},
 "constraints": [{"name": "FixAtoms", "kwargs": {"indices": [0, 1, 2, 17, 18, 3, 4, 5, 6, 19, 20, 7]}}],
 "ctime": 21.664067812976814,
 "dipole": {"__ndarray__": [[3], "float64", [0.0, 0.0, 0.140799]]},
 "energy": -132.2792878,
 "forces": {"__ndarray__": [[25, 3], "float64", [-0.012324, -0.036683, 0.023785, -0.567651, 0.558431, -0.924679, 0.531493, -0.527319, -0.928044, -0.003261, -0.046516, 0.177579, -0.007772, -0.030807, 0.044564, 0.000467, 0.016677, 6.9e-05, 0.017167, -0.015584, -0.024213, -0.014676, 0.049596, 0.058978, -0.024463, 0.051388, -0.034656, -0.011836, -0.007676, 0.014202, 0.006327, -0.026095, -0.012931, -0.000208, -0.011711, 0.067149, -0.008422, -0.013435, 0.0575, 0.004089, -0.021972, 0.012249, -0.012967, -0.004388, -0.011179, 0.025539, -0.026941, -0.028221, 0.000816, -0.009221, -0.018198, 0.009191, 0.01282, 0.055919, 0.01737, 0.009319, 1.550057, 0.011018, 0.01127, 0.035779, 0.000276, 0.01214, -0.085161, 0.009156, 0.021672, 0.007646, 0.004991, 0.016076, 0.005392, 0.015292, 0.009292, -0.032548, 0.010389, 0.009667, -0.011038]]},
 "initial_charges": {"__ndarray__": [[25], "float64", [-0.62, -0.97, -0.97, -0.87, -0.87, -0.86, -0.86, -0.84, -0.85, -0.87, -0.86, -0.89, -0.87, -0.88, -0.89, -0.58, -0.26, 1.74, 1.68, 1.71, 1.74, 1.74, 1.71, 1.74, 1.73]]},
 "initial_magmoms": {"__ndarray__": [[25], "float64", [0.763, 0.236, 0.236, 0.435, 0.445, 0.427, 0.427, 0.432, 0.433, 0.423, 0.423, 0.431, 0.454, 0.426, 0.426, 0.795, 1.239, -0.044, -0.02, -0.036, -0.043, -0.04, -0.036, -0.055, -0.051]]},
 "magmom": 10.0001255,
 "magmoms": {"__ndarray__": [[25], "float64", [0.763, 0.236, 0.236, 0.435, 0.444, 0.427, 0.427, 0.428, 0.442, 0.423, 0.423, 0.375, 0.466, 0.424, 0.424, 0.8, 1.28, -0.044, -0.02, -0.036, -0.042, -0.039, -0.037, -0.049, -0.05]]},
 "mtime": 21.664067812976814,
 "numbers": {"__ndarray__": [[25], "int64", [8, 8, 8, 8, 8, 8, 8, 8, 8, 8, 8, 8, 8, 8, 8, 8, 8, 31, 31, 31, 31, 31, 31, 31, 31]]},
 "pbc": {"__ndarray__": [[3], "bool", [true, true, true]]},
 "positions": {"__ndarray__": [[25, 3], "float64", [-1.1525840533340723, 3.2908749596421925, 7.499999999999908, -1.4751944511826127, 5.780583794064391, 8.795040000000084, 1.3371238081092134, 2.9682655347725655, 8.795040000000084, -1.1525840533340723, 3.2908749596421925, 10.09008999999992, -3.474475235377292, 5.6127661416854115, 10.783650000000051, -0.9847664009550599, 5.29015574383684, 12.078700000000087, 0.8467028289494622, 3.4586865139323164, 12.078700000000087, -3.474475235377292, 5.6127661416854115, 13.37374000000006, -1.1525840533340723, 3.2908749596421925, 14.072275768080825, -1.476068704797791, 5.78145804767957, 15.374947844580852, 1.3379980617243894, 2.967391281157389, 15.374947844580852, -1.1525840533340723, 3.2908749596421925, 16.658658562484877, -3.474475235377292, 5.6127661416854115, 17.363599655471443, -0.984859171769862, 5.2902485146516405, 18.739418569143236, 0.8467955997642651, 3.4585937431175138, 18.739418569143236, -3.474475235377292, 5.6127661416854115, 19.96246287933656, -1.1525840533340723, 3.2908749596421925, 20.619896078304922, -0.06903483504724273, 4.374424177929022, 8.795040000000084, -3.474475235377292, 5.6127661416854115, 8.795040000000084, -1.1525840533340723, 3.2908749596421925, 12.078700000000087, -2.3909260170904623, 6.696315359972241, 12.078700000000087, -0.06903483504724273, 4.374424177929022, 15.377247042893934, -3.474475235377292, 5.6127661416854115, 15.362487453111052, -1.1525840533340723, 3.2908749596421925, 18.62046925353235, -2.3909260170904623, 6.696315359972241, 18.680240528588055]]},
 "stress": {"__ndarray__": [[6], "float64", [0.00704964724448437, 0.00740434596659919, 0.0004388592311682295, -6.357601195624687e-05, -2.1102542354611297e-05, 0.0007430516614364017]]},
 "unique_id": "92b6d853070a0b0536d23747c4be9428",
 "user": "bcomer3"},
"ids": [1],
"nextid": 2}
